/Users/vincentnie/Library/Python/3.9/lib/python/site-packages/urllib3/__init__.py:35: NotOpenSSLWarning: urllib3 v2 only supports OpenSSL 1.1.1+, currently the 'ssl' module is compiled with 'LibreSSL 2.8.3'. See: https://github.com/urllib3/urllib3/issues/3020
  warnings.warn(
/Users/vincentnie/Library/Python/3.9/lib/python/site-packages/urllib3/__init__.py:35: NotOpenSSLWarning: urllib3 v2 only supports OpenSSL 1.1.1+, currently the 'ssl' module is compiled with 'LibreSSL 2.8.3'. See: https://github.com/urllib3/urllib3/issues/3020
  warnings.warn(
/Users/vincentnie/Library/Python/3.9/lib/python/site-packages/urllib3/connectionpool.py:1097: InsecureRequestWarning: Unverified HTTPS request is being made to host '127.0.0.1'. Adding certificate verification is strongly advised. See: https://urllib3.readthedocs.io/en/latest/advanced-usage.html#tls-warnings
  warnings.warn(
/Users/vincentnie/Library/Python/3.9/lib/python/site-packages/urllib3/connectionpool.py:1097: InsecureRequestWarning: Unverified HTTPS request is being made to host '127.0.0.1'. Adding certificate verification is strongly advised. See: https://urllib3.readthedocs.io/en/latest/advanced-usage.html#tls-warnings
  warnings.warn(
/Users/vincentnie/Library/Python/3.9/lib/python/site-packages/urllib3/connectionpool.py:1097: InsecureRequestWarning: Unverified HTTPS request is being made to host '127.0.0.1'. Adding certificate verification is strongly advised. See: https://urllib3.readthedocs.io/en/latest/advanced-usage.html#tls-warnings
  warnings.warn(
/Users/vincentnie/Library/Python/3.9/lib/python/site-packages/urllib3/connectionpool.py:1097: InsecureRequestWarning: Unverified HTTPS request is being made to host '127.0.0.1'. Adding certificate verification is strongly advised. See: https://urllib3.readthedocs.io/en/latest/advanced-usage.html#tls-warnings
  warnings.warn(
/Users/vincentnie/Library/Python/3.9/lib/python/site-packages/urllib3/connectionpool.py:1097: InsecureRequestWarning: Unverified HTTPS request is being made to host '127.0.0.1'. Adding certificate verification is strongly advised. See: https://urllib3.readthedocs.io/en/latest/advanced-usage.html#tls-warnings
  warnings.warn(
/Users/vincentnie/Library/Python/3.9/lib/python/site-packages/urllib3/connectionpool.py:1097: InsecureRequestWarning: Unverified HTTPS request is being made to host '127.0.0.1'. Adding certificate verification is strongly advised. See: https://urllib3.readthedocs.io/en/latest/advanced-usage.html#tls-warnings
  warnings.warn(
/Users/vincentnie/Library/Python/3.9/lib/python/site-packages/urllib3/connectionpool.py:1097: InsecureRequestWarning: Unverified HTTPS request is being made to host '127.0.0.1'. Adding certificate verification is strongly advised. See: https://urllib3.readthedocs.io/en/latest/advanced-usage.html#tls-warnings
  warnings.warn(
/Users/vincentnie/Library/Python/3.9/lib/python/site-packages/urllib3/connectionpool.py:1097: InsecureRequestWarning: Unverified HTTPS request is being made to host '127.0.0.1'. Adding certificate verification is strongly advised. See: https://urllib3.readthedocs.io/en/latest/advanced-usage.html#tls-warnings
  warnings.warn(
/Users/vincentnie/Library/Python/3.9/lib/python/site-packages/urllib3/connectionpool.py:1097: InsecureRequestWarning: Unverified HTTPS request is being made to host '127.0.0.1'. Adding certificate verification is strongly advised. See: https://urllib3.readthedocs.io/en/latest/advanced-usage.html#tls-warnings
  warnings.warn(
/Users/vincentnie/Library/Python/3.9/lib/python/site-packages/urllib3/connectionpool.py:1097: InsecureRequestWarning: Unverified HTTPS request is being made to host '127.0.0.1'. Adding certificate verification is strongly advised. See: https://urllib3.readthedocs.io/en/latest/advanced-usage.html#tls-warnings
  warnings.warn(
/Users/vincentnie/Library/Python/3.9/lib/python/site-packages/urllib3/connectionpool.py:1097: InsecureRequestWarning: Unverified HTTPS request is being made to host '127.0.0.1'. Adding certificate verification is strongly advised. See: https://urllib3.readthedocs.io/en/latest/advanced-usage.html#tls-warnings
  warnings.warn(
/Users/vincentnie/Library/Python/3.9/lib/python/site-packages/urllib3/__init__.py:35: NotOpenSSLWarning: urllib3 v2 only supports OpenSSL 1.1.1+, currently the 'ssl' module is compiled with 'LibreSSL 2.8.3'. See: https://github.com/urllib3/urllib3/issues/3020
  warnings.warn(
Deprecated Feature: Support for Python version 3.9 has been deprecated. Please update to Python 3.10 or above
WARNING: [youtube] iKx3gAODybU: Some web client https formats have been skipped as they are missing a url. YouTube is forcing SABR streaming for this client. See  https://github.com/yt-dlp/yt-dlp/issues/12482  for more details
WARNING: [youtube] vif8NQcjVf0: Some web client https formats have been skipped as they are missing a url. YouTube is forcing SABR streaming for this client. See  https://github.com/yt-dlp/yt-dlp/issues/12482  for more details
WARNING: [youtube] H9rF1CSSh-w: Some web client https formats have been skipped as they are missing a url. YouTube is forcing SABR streaming for this client. See  https://github.com/yt-dlp/yt-dlp/issues/12482  for more details
WARNING: [youtube] 1SJiTwbSI58: Some web client https formats have been skipped as they are missing a url. YouTube is forcing SABR streaming for this client. See  https://github.com/yt-dlp/yt-dlp/issues/12482  for more details
WARNING: [youtube] KGVpKPNUdzA: Some web client https formats have been skipped as they are missing a url. YouTube is forcing SABR streaming for this client. See  https://github.com/yt-dlp/yt-dlp/issues/12482  for more details
Deprecated Feature: Support for Python version 3.9 has been deprecated. Please update to Python 3.10 or above
WARNING: [youtube] Mjc7vwys1vY: Some web client https formats have been skipped as they are missing a url. YouTube is forcing SABR streaming for this client. See  https://github.com/yt-dlp/yt-dlp/issues/12482  for more details
WARNING: [youtube] IZDJ3jcO5UY: Some web client https formats have been skipped as they are missing a url. YouTube is forcing SABR streaming for this client. See  https://github.com/yt-dlp/yt-dlp/issues/12482  for more details
WARNING: [youtube] yiJOTCRVWjc: Some web client https formats have been skipped as they are missing a url. YouTube is forcing SABR streaming for this client. See  https://github.com/yt-dlp/yt-dlp/issues/12482  for more details
WARNING: [youtube] dvt_74kV-RM: Some web client https formats have been skipped as they are missing a url. YouTube is forcing SABR streaming for this client. See  https://github.com/yt-dlp/yt-dlp/issues/12482  for more details
WARNING: [youtube] oheUsh7VtKY: Some web client https formats have been skipped as they are missing a url. YouTube is forcing SABR streaming for this client. See  https://github.com/yt-dlp/yt-dlp/issues/12482  for more details
Deprecated Feature: Support for Python version 3.9 has been deprecated. Please update to Python 3.10 or above
WARNING: [youtube] SFdqX7IY7RY: Some web client https formats have been skipped as they are missing a url. YouTube is forcing SABR streaming for this client. See  https://github.com/yt-dlp/yt-dlp/issues/12482  for more details
WARNING: [youtube] DVBJQQCjgXU: Some web client https formats have been skipped as they are missing a url. YouTube is forcing SABR streaming for this client. See  https://github.com/yt-dlp/yt-dlp/issues/12482  for more details
WARNING: [youtube] MPAsUZEJHiM: Some web client https formats have been skipped as they are missing a url. YouTube is forcing SABR streaming for this client. See  https://github.com/yt-dlp/yt-dlp/issues/12482  for more details
WARNING: [youtube] mjNP5IOzCbA: Some web client https formats have been skipped as they are missing a url. YouTube is forcing SABR streaming for this client. See  https://github.com/yt-dlp/yt-dlp/issues/12482  for more details
WARNING: [youtube] N-pust8qtGI: Some web client https formats have been skipped as they are missing a url. YouTube is forcing SABR streaming for this client. See  https://github.com/yt-dlp/yt-dlp/issues/12482  for more details
Deprecated Feature: Support for Python version 3.9 has been deprecated. Please update to Python 3.10 or above
WARNING: [youtube] 7RDDsuq0xK0: Some web client https formats have been skipped as they are missing a url. YouTube is forcing SABR streaming for this client. See  https://github.com/yt-dlp/yt-dlp/issues/12482  for more details
WARNING: [youtube] aPriy8Iy040: Some web client https formats have been skipped as they are missing a url. YouTube is forcing SABR streaming for this client. See  https://github.com/yt-dlp/yt-dlp/issues/12482  for more details
WARNING: [youtube] zp87IvWwSsY: Some web client https formats have been skipped as they are missing a url. YouTube is forcing SABR streaming for this client. See  https://github.com/yt-dlp/yt-dlp/issues/12482  for more details
WARNING: [youtube] p6ouOSg3mP0: Some web client https formats have been skipped as they are missing a url. YouTube is forcing SABR streaming for this client. See  https://github.com/yt-dlp/yt-dlp/issues/12482  for more details
WARNING: [youtube] ukWwV5peW14: Some web client https formats have been skipped as they are missing a url. YouTube is forcing SABR streaming for this client. See  https://github.com/yt-dlp/yt-dlp/issues/12482  for more details
Deprecated Feature: Support for Python version 3.9 has been deprecated. Please update to Python 3.10 or above
WARNING: [youtube] VQxuJ88-AKQ: Some web client https formats have been skipped as they are missing a url. YouTube is forcing SABR streaming for this client. See  https://github.com/yt-dlp/yt-dlp/issues/12482  for more details
WARNING: [youtube] v1zDQViflp8: Some web client https formats have been skipped as they are missing a url. YouTube is forcing SABR streaming for this client. See  https://github.com/yt-dlp/yt-dlp/issues/12482  for more details
WARNING: [youtube] grdoOQ-sLfE: Some web client https formats have been skipped as they are missing a url. YouTube is forcing SABR streaming for this client. See  https://github.com/yt-dlp/yt-dlp/issues/12482  for more details
WARNING: [youtube] wa55G2K6gcQ: Some web client https formats have been skipped as they are missing a url. YouTube is forcing SABR streaming for this client. See  https://github.com/yt-dlp/yt-dlp/issues/12482  for more details
WARNING: [youtube] aC8z5I7xqeY: Some web client https formats have been skipped as they are missing a url. YouTube is forcing SABR streaming for this client. See  https://github.com/yt-dlp/yt-dlp/issues/12482  for more details
Deprecated Feature: Support for Python version 3.9 has been deprecated. Please update to Python 3.10 or above
WARNING: [youtube] 7rzYDM6vMtI: Some web client https formats have been skipped as they are missing a url. YouTube is forcing SABR streaming for this client. See  https://github.com/yt-dlp/yt-dlp/issues/12482  for more details
WARNING: [youtube] N1X7vMp9DZ4: Some web client https formats have been skipped as they are missing a url. YouTube is forcing SABR streaming for this client. See  https://github.com/yt-dlp/yt-dlp/issues/12482  for more details
WARNING: [youtube] 9g6t1ql67ic: Some web client https formats have been skipped as they are missing a url. YouTube is forcing SABR streaming for this client. See  https://github.com/yt-dlp/yt-dlp/issues/12482  for more details
WARNING: [youtube] uzlDEWVKjLI: Some web client https formats have been skipped as they are missing a url. YouTube is forcing SABR streaming for this client. See  https://github.com/yt-dlp/yt-dlp/issues/12482  for more details
WARNING: [youtube] geyky0zwj3c: Some web client https formats have been skipped as they are missing a url. YouTube is forcing SABR streaming for this client. See  https://github.com/yt-dlp/yt-dlp/issues/12482  for more details
Deprecated Feature: Support for Python version 3.9 has been deprecated. Please update to Python 3.10 or above
WARNING: [youtube] RNYdP6CYrOw: Some web client https formats have been skipped as they are missing a url. YouTube is forcing SABR streaming for this client. See  https://github.com/yt-dlp/yt-dlp/issues/12482  for more details
WARNING: [youtube] Z_L5KO_GW4o: Some web client https formats have been skipped as they are missing a url. YouTube is forcing SABR streaming for this client. See  https://github.com/yt-dlp/yt-dlp/issues/12482  for more details
WARNING: [youtube] xbvI5G-8q4o: Some web client https formats have been skipped as they are missing a url. YouTube is forcing SABR streaming for this client. See  https://github.com/yt-dlp/yt-dlp/issues/12482  for more details
WARNING: [youtube] ZRpcYSghGr8: Some web client https formats have been skipped as they are missing a url. YouTube is forcing SABR streaming for this client. See  https://github.com/yt-dlp/yt-dlp/issues/12482  for more details
WARNING: [youtube] x_fBn7lto4Q: Some web client https formats have been skipped as they are missing a url. YouTube is forcing SABR streaming for this client. See  https://github.com/yt-dlp/yt-dlp/issues/12482  for more details
Deprecated Feature: Support for Python version 3.9 has been deprecated. Please update to Python 3.10 or above
WARNING: [youtube] UZyH0nx5zgI: Some web client https formats have been skipped as they are missing a url. YouTube is forcing SABR streaming for this client. See  https://github.com/yt-dlp/yt-dlp/issues/12482  for more details
WARNING: [youtube] Lm7-yFZ5fZQ: Some web client https formats have been skipped as they are missing a url. YouTube is forcing SABR streaming for this client. See  https://github.com/yt-dlp/yt-dlp/issues/12482  for more details
WARNING: [youtube] CPq1V7sH38I: Some web client https formats have been skipped as they are missing a url. YouTube is forcing SABR streaming for this client. See  https://github.com/yt-dlp/yt-dlp/issues/12482  for more details
WARNING: [youtube] zGT32tk7U7g: Some web client https formats have been skipped as they are missing a url. YouTube is forcing SABR streaming for this client. See  https://github.com/yt-dlp/yt-dlp/issues/12482  for more details
WARNING: [youtube] flweA_I-VKE: Some web client https formats have been skipped as they are missing a url. YouTube is forcing SABR streaming for this client. See  https://github.com/yt-dlp/yt-dlp/issues/12482  for more details
Deprecated Feature: Support for Python version 3.9 has been deprecated. Please update to Python 3.10 or above
WARNING: [youtube] LVvleNtllPk: Some web client https formats have been skipped as they are missing a url. YouTube is forcing SABR streaming for this client. See  https://github.com/yt-dlp/yt-dlp/issues/12482  for more details
WARNING: [youtube] 5ak26W2YNRY: Some web client https formats have been skipped as they are missing a url. YouTube is forcing SABR streaming for this client. See  https://github.com/yt-dlp/yt-dlp/issues/12482  for more details
WARNING: [youtube] cFI-SqnvQK8: Some web client https formats have been skipped as they are missing a url. YouTube is forcing SABR streaming for this client. See  https://github.com/yt-dlp/yt-dlp/issues/12482  for more details
WARNING: [youtube] Goa6c6Qz__I: Some web client https formats have been skipped as they are missing a url. YouTube is forcing SABR streaming for this client. See  https://github.com/yt-dlp/yt-dlp/issues/12482  for more details
WARNING: [youtube] Mh9yC4j0_rI: Some web client https formats have been skipped as they are missing a url. YouTube is forcing SABR streaming for this client. See  https://github.com/yt-dlp/yt-dlp/issues/12482  for more details
Deprecated Feature: Support for Python version 3.9 has been deprecated. Please update to Python 3.10 or above
WARNING: [youtube] EVts3Ui_0AI: Some web client https formats have been skipped as they are missing a url. YouTube is forcing SABR streaming for this client. See  https://github.com/yt-dlp/yt-dlp/issues/12482  for more details
WARNING: [youtube] pDKlaJM_vys: Some web client https formats have been skipped as they are missing a url. YouTube is forcing SABR streaming for this client. See  https://github.com/yt-dlp/yt-dlp/issues/12482  for more details
WARNING: [youtube] 7VxeyTfhBM8: Some web client https formats have been skipped as they are missing a url. YouTube is forcing SABR streaming for this client. See  https://github.com/yt-dlp/yt-dlp/issues/12482  for more details
WARNING: [youtube] PUO51DoSEqk: Some web client https formats have been skipped as they are missing a url. YouTube is forcing SABR streaming for this client. See  https://github.com/yt-dlp/yt-dlp/issues/12482  for more details
WARNING: [youtube] 9JxaESJIGO0: Some web client https formats have been skipped as they are missing a url. YouTube is forcing SABR streaming for this client. See  https://github.com/yt-dlp/yt-dlp/issues/12482  for more details
Deprecated Feature: Support for Python version 3.9 has been deprecated. Please update to Python 3.10 or above
WARNING: [youtube] 5aS-8QCRdGE: Some web client https formats have been skipped as they are missing a url. YouTube is forcing SABR streaming for this client. See  https://github.com/yt-dlp/yt-dlp/issues/12482  for more details
WARNING: [youtube] Hc0aqOEU2w8: Some web client https formats have been skipped as they are missing a url. YouTube is forcing SABR streaming for this client. See  https://github.com/yt-dlp/yt-dlp/issues/12482  for more details
WARNING: [youtube] eFUB_jL_XcM: Some web client https formats have been skipped as they are missing a url. YouTube is forcing SABR streaming for this client. See  https://github.com/yt-dlp/yt-dlp/issues/12482  for more details
WARNING: [youtube] eXa2ndhmatI: Some web client https formats have been skipped as they are missing a url. YouTube is forcing SABR streaming for this client. See  https://github.com/yt-dlp/yt-dlp/issues/12482  for more details
WARNING: [youtube] D4QyStJWgCc: Some web client https formats have been skipped as they are missing a url. YouTube is forcing SABR streaming for this client. See  https://github.com/yt-dlp/yt-dlp/issues/12482  for more details
Deprecated Feature: Support for Python version 3.9 has been deprecated. Please update to Python 3.10 or above
WARNING: [youtube] 5aS-8QCRdGE: Some web client https formats have been skipped as they are missing a url. YouTube is forcing SABR streaming for this client. See  https://github.com/yt-dlp/yt-dlp/issues/12482  for more details
WARNING: [youtube] Hc0aqOEU2w8: Some web client https formats have been skipped as they are missing a url. YouTube is forcing SABR streaming for this client. See  https://github.com/yt-dlp/yt-dlp/issues/12482  for more details
WARNING: [youtube] eFUB_jL_XcM: Some web client https formats have been skipped as they are missing a url. YouTube is forcing SABR streaming for this client. See  https://github.com/yt-dlp/yt-dlp/issues/12482  for more details
WARNING: [youtube] eXa2ndhmatI: Some web client https formats have been skipped as they are missing a url. YouTube is forcing SABR streaming for this client. See  https://github.com/yt-dlp/yt-dlp/issues/12482  for more details
WARNING: [youtube] D4QyStJWgCc: Some web client https formats have been skipped as they are missing a url. YouTube is forcing SABR streaming for this client. See  https://github.com/yt-dlp/yt-dlp/issues/12482  for more details
/Users/vincentnie/Library/Python/3.9/lib/python/site-packages/urllib3/__init__.py:35: NotOpenSSLWarning: urllib3 v2 only supports OpenSSL 1.1.1+, currently the 'ssl' module is compiled with 'LibreSSL 2.8.3'. See: https://github.com/urllib3/urllib3/issues/3020
  warnings.warn(
/Users/vincentnie/Library/Python/3.9/lib/python/site-packages/urllib3/__init__.py:35: NotOpenSSLWarning: urllib3 v2 only supports OpenSSL 1.1.1+, currently the 'ssl' module is compiled with 'LibreSSL 2.8.3'. See: https://github.com/urllib3/urllib3/issues/3020
  warnings.warn(
/Users/vincentnie/Library/Python/3.9/lib/python/site-packages/urllib3/connectionpool.py:1097: InsecureRequestWarning: Unverified HTTPS request is being made to host '127.0.0.1'. Adding certificate verification is strongly advised. See: https://urllib3.readthedocs.io/en/latest/advanced-usage.html#tls-warnings
  warnings.warn(
/Users/vincentnie/Library/Python/3.9/lib/python/site-packages/urllib3/connectionpool.py:1097: InsecureRequestWarning: Unverified HTTPS request is being made to host '127.0.0.1'. Adding certificate verification is strongly advised. See: https://urllib3.readthedocs.io/en/latest/advanced-usage.html#tls-warnings
  warnings.warn(
/Users/vincentnie/Library/Python/3.9/lib/python/site-packages/urllib3/connectionpool.py:1097: InsecureRequestWarning: Unverified HTTPS request is being made to host '127.0.0.1'. Adding certificate verification is strongly advised. See: https://urllib3.readthedocs.io/en/latest/advanced-usage.html#tls-warnings
  warnings.warn(
/Users/vincentnie/Library/Python/3.9/lib/python/site-packages/urllib3/connectionpool.py:1097: InsecureRequestWarning: Unverified HTTPS request is being made to host '127.0.0.1'. Adding certificate verification is strongly advised. See: https://urllib3.readthedocs.io/en/latest/advanced-usage.html#tls-warnings
  warnings.warn(
/Users/vincentnie/Library/Python/3.9/lib/python/site-packages/urllib3/connectionpool.py:1097: InsecureRequestWarning: Unverified HTTPS request is being made to host '127.0.0.1'. Adding certificate verification is strongly advised. See: https://urllib3.readthedocs.io/en/latest/advanced-usage.html#tls-warnings
  warnings.warn(
/Users/vincentnie/Library/Python/3.9/lib/python/site-packages/urllib3/connectionpool.py:1097: InsecureRequestWarning: Unverified HTTPS request is being made to host '127.0.0.1'. Adding certificate verification is strongly advised. See: https://urllib3.readthedocs.io/en/latest/advanced-usage.html#tls-warnings
  warnings.warn(
/Users/vincentnie/Library/Python/3.9/lib/python/site-packages/urllib3/connectionpool.py:1097: InsecureRequestWarning: Unverified HTTPS request is being made to host '127.0.0.1'. Adding certificate verification is strongly advised. See: https://urllib3.readthedocs.io/en/latest/advanced-usage.html#tls-warnings
  warnings.warn(
/Users/vincentnie/Library/Python/3.9/lib/python/site-packages/urllib3/connectionpool.py:1097: InsecureRequestWarning: Unverified HTTPS request is being made to host '127.0.0.1'. Adding certificate verification is strongly advised. See: https://urllib3.readthedocs.io/en/latest/advanced-usage.html#tls-warnings
  warnings.warn(
/Users/vincentnie/Library/Python/3.9/lib/python/site-packages/urllib3/connectionpool.py:1097: InsecureRequestWarning: Unverified HTTPS request is being made to host '127.0.0.1'. Adding certificate verification is strongly advised. See: https://urllib3.readthedocs.io/en/latest/advanced-usage.html#tls-warnings
  warnings.warn(
/Users/vincentnie/Library/Python/3.9/lib/python/site-packages/urllib3/connectionpool.py:1097: InsecureRequestWarning: Unverified HTTPS request is being made to host '127.0.0.1'. Adding certificate verification is strongly advised. See: https://urllib3.readthedocs.io/en/latest/advanced-usage.html#tls-warnings
  warnings.warn(
/Users/vincentnie/Library/Python/3.9/lib/python/site-packages/urllib3/connectionpool.py:1097: InsecureRequestWarning: Unverified HTTPS request is being made to host '127.0.0.1'. Adding certificate verification is strongly advised. See: https://urllib3.readthedocs.io/en/latest/advanced-usage.html#tls-warnings
  warnings.warn(
/Users/vincentnie/Library/Python/3.9/lib/python/site-packages/urllib3/__init__.py:35: NotOpenSSLWarning: urllib3 v2 only supports OpenSSL 1.1.1+, currently the 'ssl' module is compiled with 'LibreSSL 2.8.3'. See: https://github.com/urllib3/urllib3/issues/3020
  warnings.warn(
Deprecated Feature: Support for Python version 3.9 has been deprecated. Please update to Python 3.10 or above
WARNING: [youtube] iKx3gAODybU: Some web client https formats have been skipped as they are missing a url. YouTube is forcing SABR streaming for this client. See  https://github.com/yt-dlp/yt-dlp/issues/12482  for more details
WARNING: [youtube] vif8NQcjVf0: Some web client https formats have been skipped as they are missing a url. YouTube is forcing SABR streaming for this client. See  https://github.com/yt-dlp/yt-dlp/issues/12482  for more details
WARNING: [youtube] H9rF1CSSh-w: Some web client https formats have been skipped as they are missing a url. YouTube is forcing SABR streaming for this client. See  https://github.com/yt-dlp/yt-dlp/issues/12482  for more details
WARNING: [youtube] 1SJiTwbSI58: Some web client https formats have been skipped as they are missing a url. YouTube is forcing SABR streaming for this client. See  https://github.com/yt-dlp/yt-dlp/issues/12482  for more details
WARNING: [youtube] KGVpKPNUdzA: Some web client https formats have been skipped as they are missing a url. YouTube is forcing SABR streaming for this client. See  https://github.com/yt-dlp/yt-dlp/issues/12482  for more details
Deprecated Feature: Support for Python version 3.9 has been deprecated. Please update to Python 3.10 or above
WARNING: [youtube] Mjc7vwys1vY: Some web client https formats have been skipped as they are missing a url. YouTube is forcing SABR streaming for this client. See  https://github.com/yt-dlp/yt-dlp/issues/12482  for more details
WARNING: [youtube] IZDJ3jcO5UY: Some web client https formats have been skipped as they are missing a url. YouTube is forcing SABR streaming for this client. See  https://github.com/yt-dlp/yt-dlp/issues/12482  for more details
WARNING: [youtube] yiJOTCRVWjc: Some web client https formats have been skipped as they are missing a url. YouTube is forcing SABR streaming for this client. See  https://github.com/yt-dlp/yt-dlp/issues/12482  for more details
WARNING: [youtube] dvt_74kV-RM: Some web client https formats have been skipped as they are missing a url. YouTube is forcing SABR streaming for this client. See  https://github.com/yt-dlp/yt-dlp/issues/12482  for more details
WARNING: [youtube] oheUsh7VtKY: Some web client https formats have been skipped as they are missing a url. YouTube is forcing SABR streaming for this client. See  https://github.com/yt-dlp/yt-dlp/issues/12482  for more details
Deprecated Feature: Support for Python version 3.9 has been deprecated. Please update to Python 3.10 or above
WARNING: [youtube] SFdqX7IY7RY: Some web client https formats have been skipped as they are missing a url. YouTube is forcing SABR streaming for this client. See  https://github.com/yt-dlp/yt-dlp/issues/12482  for more details
WARNING: [youtube] DVBJQQCjgXU: Some web client https formats have been skipped as they are missing a url. YouTube is forcing SABR streaming for this client. See  https://github.com/yt-dlp/yt-dlp/issues/12482  for more details
WARNING: [youtube] MPAsUZEJHiM: Some web client https formats have been skipped as they are missing a url. YouTube is forcing SABR streaming for this client. See  https://github.com/yt-dlp/yt-dlp/issues/12482  for more details
WARNING: [youtube] mjNP5IOzCbA: Some web client https formats have been skipped as they are missing a url. YouTube is forcing SABR streaming for this client. See  https://github.com/yt-dlp/yt-dlp/issues/12482  for more details
WARNING: [youtube] N-pust8qtGI: Some web client https formats have been skipped as they are missing a url. YouTube is forcing SABR streaming for this client. See  https://github.com/yt-dlp/yt-dlp/issues/12482  for more details
Deprecated Feature: Support for Python version 3.9 has been deprecated. Please update to Python 3.10 or above
WARNING: [youtube] 7RDDsuq0xK0: Some web client https formats have been skipped as they are missing a url. YouTube is forcing SABR streaming for this client. See  https://github.com/yt-dlp/yt-dlp/issues/12482  for more details
WARNING: [youtube] aPriy8Iy040: Some web client https formats have been skipped as they are missing a url. YouTube is forcing SABR streaming for this client. See  https://github.com/yt-dlp/yt-dlp/issues/12482  for more details
WARNING: [youtube] zp87IvWwSsY: Some web client https formats have been skipped as they are missing a url. YouTube is forcing SABR streaming for this client. See  https://github.com/yt-dlp/yt-dlp/issues/12482  for more details
WARNING: [youtube] p6ouOSg3mP0: Some web client https formats have been skipped as they are missing a url. YouTube is forcing SABR streaming for this client. See  https://github.com/yt-dlp/yt-dlp/issues/12482  for more details
WARNING: [youtube] ukWwV5peW14: Some web client https formats have been skipped as they are missing a url. YouTube is forcing SABR streaming for this client. See  https://github.com/yt-dlp/yt-dlp/issues/12482  for more details
Deprecated Feature: Support for Python version 3.9 has been deprecated. Please update to Python 3.10 or above
WARNING: [youtube] 8ERSPyiA3aI: Some web client https formats have been skipped as they are missing a url. YouTube is forcing SABR streaming for this client. See  https://github.com/yt-dlp/yt-dlp/issues/12482  for more details
WARNING: [youtube] _vgcmCOrPRw: Some web client https formats have been skipped as they are missing a url. YouTube is forcing SABR streaming for this client. See  https://github.com/yt-dlp/yt-dlp/issues/12482  for more details
WARNING: [youtube] VQxuJ88-AKQ: Some web client https formats have been skipped as they are missing a url. YouTube is forcing SABR streaming for this client. See  https://github.com/yt-dlp/yt-dlp/issues/12482  for more details
WARNING: [youtube] v1zDQViflp8: Some web client https formats have been skipped as they are missing a url. YouTube is forcing SABR streaming for this client. See  https://github.com/yt-dlp/yt-dlp/issues/12482  for more details
WARNING: [youtube] grdoOQ-sLfE: Some web client https formats have been skipped as they are missing a url. YouTube is forcing SABR streaming for this client. See  https://github.com/yt-dlp/yt-dlp/issues/12482  for more details
Deprecated Feature: Support for Python version 3.9 has been deprecated. Please update to Python 3.10 or above
WARNING: [youtube] 8ZIeAVrgs4o: Some web client https formats have been skipped as they are missing a url. YouTube is forcing SABR streaming for this client. See  https://github.com/yt-dlp/yt-dlp/issues/12482  for more details
WARNING: [youtube] 7rzYDM6vMtI: Some web client https formats have been skipped as they are missing a url. YouTube is forcing SABR streaming for this client. See  https://github.com/yt-dlp/yt-dlp/issues/12482  for more details
WARNING: [youtube] N1X7vMp9DZ4: Some web client https formats have been skipped as they are missing a url. YouTube is forcing SABR streaming for this client. See  https://github.com/yt-dlp/yt-dlp/issues/12482  for more details
WARNING: [youtube] 9g6t1ql67ic: Some web client https formats have been skipped as they are missing a url. YouTube is forcing SABR streaming for this client. See  https://github.com/yt-dlp/yt-dlp/issues/12482  for more details
WARNING: [youtube] uzlDEWVKjLI: Some web client https formats have been skipped as they are missing a url. YouTube is forcing SABR streaming for this client. See  https://github.com/yt-dlp/yt-dlp/issues/12482  for more details
Deprecated Feature: Support for Python version 3.9 has been deprecated. Please update to Python 3.10 or above
WARNING: [youtube] RNYdP6CYrOw: Some web client https formats have been skipped as they are missing a url. YouTube is forcing SABR streaming for this client. See  https://github.com/yt-dlp/yt-dlp/issues/12482  for more details
WARNING: [youtube] Z_L5KO_GW4o: Some web client https formats have been skipped as they are missing a url. YouTube is forcing SABR streaming for this client. See  https://github.com/yt-dlp/yt-dlp/issues/12482  for more details
WARNING: [youtube] xbvI5G-8q4o: Some web client https formats have been skipped as they are missing a url. YouTube is forcing SABR streaming for this client. See  https://github.com/yt-dlp/yt-dlp/issues/12482  for more details
WARNING: [youtube] ZRpcYSghGr8: Some web client https formats have been skipped as they are missing a url. YouTube is forcing SABR streaming for this client. See  https://github.com/yt-dlp/yt-dlp/issues/12482  for more details
WARNING: [youtube] x_fBn7lto4Q: Some web client https formats have been skipped as they are missing a url. YouTube is forcing SABR streaming for this client. See  https://github.com/yt-dlp/yt-dlp/issues/12482  for more details
Deprecated Feature: Support for Python version 3.9 has been deprecated. Please update to Python 3.10 or above
WARNING: [youtube] UZyH0nx5zgI: Some web client https formats have been skipped as they are missing a url. YouTube is forcing SABR streaming for this client. See  https://github.com/yt-dlp/yt-dlp/issues/12482  for more details
WARNING: [youtube] Lm7-yFZ5fZQ: Some web client https formats have been skipped as they are missing a url. YouTube is forcing SABR streaming for this client. See  https://github.com/yt-dlp/yt-dlp/issues/12482  for more details
WARNING: [youtube] CPq1V7sH38I: Some web client https formats have been skipped as they are missing a url. YouTube is forcing SABR streaming for this client. See  https://github.com/yt-dlp/yt-dlp/issues/12482  for more details
WARNING: [youtube] zGT32tk7U7g: Some web client https formats have been skipped as they are missing a url. YouTube is forcing SABR streaming for this client. See  https://github.com/yt-dlp/yt-dlp/issues/12482  for more details
WARNING: [youtube] flweA_I-VKE: Some web client https formats have been skipped as they are missing a url. YouTube is forcing SABR streaming for this client. See  https://github.com/yt-dlp/yt-dlp/issues/12482  for more details
Deprecated Feature: Support for Python version 3.9 has been deprecated. Please update to Python 3.10 or above
WARNING: [youtube] LVvleNtllPk: Some web client https formats have been skipped as they are missing a url. YouTube is forcing SABR streaming for this client. See  https://github.com/yt-dlp/yt-dlp/issues/12482  for more details
WARNING: [youtube] 5ak26W2YNRY: Some web client https formats have been skipped as they are missing a url. YouTube is forcing SABR streaming for this client. See  https://github.com/yt-dlp/yt-dlp/issues/12482  for more details
WARNING: [youtube] cFI-SqnvQK8: Some web client https formats have been skipped as they are missing a url. YouTube is forcing SABR streaming for this client. See  https://github.com/yt-dlp/yt-dlp/issues/12482  for more details
WARNING: [youtube] Goa6c6Qz__I: Some web client https formats have been skipped as they are missing a url. YouTube is forcing SABR streaming for this client. See  https://github.com/yt-dlp/yt-dlp/issues/12482  for more details
WARNING: [youtube] Mh9yC4j0_rI: Some web client https formats have been skipped as they are missing a url. YouTube is forcing SABR streaming for this client. See  https://github.com/yt-dlp/yt-dlp/issues/12482  for more details
Deprecated Feature: Support for Python version 3.9 has been deprecated. Please update to Python 3.10 or above
WARNING: [youtube] EVts3Ui_0AI: Some web client https formats have been skipped as they are missing a url. YouTube is forcing SABR streaming for this client. See  https://github.com/yt-dlp/yt-dlp/issues/12482  for more details
WARNING: [youtube] pDKlaJM_vys: Some web client https formats have been skipped as they are missing a url. YouTube is forcing SABR streaming for this client. See  https://github.com/yt-dlp/yt-dlp/issues/12482  for more details
WARNING: [youtube] 7VxeyTfhBM8: Some web client https formats have been skipped as they are missing a url. YouTube is forcing SABR streaming for this client. See  https://github.com/yt-dlp/yt-dlp/issues/12482  for more details
WARNING: [youtube] PUO51DoSEqk: Some web client https formats have been skipped as they are missing a url. YouTube is forcing SABR streaming for this client. See  https://github.com/yt-dlp/yt-dlp/issues/12482  for more details
WARNING: [youtube] 9JxaESJIGO0: Some web client https formats have been skipped as they are missing a url. YouTube is forcing SABR streaming for this client. See  https://github.com/yt-dlp/yt-dlp/issues/12482  for more details
Deprecated Feature: Support for Python version 3.9 has been deprecated. Please update to Python 3.10 or above
WARNING: [youtube] 5aS-8QCRdGE: Some web client https formats have been skipped as they are missing a url. YouTube is forcing SABR streaming for this client. See  https://github.com/yt-dlp/yt-dlp/issues/12482  for more details
WARNING: [youtube] Hc0aqOEU2w8: Some web client https formats have been skipped as they are missing a url. YouTube is forcing SABR streaming for this client. See  https://github.com/yt-dlp/yt-dlp/issues/12482  for more details
WARNING: [youtube] eFUB_jL_XcM: Some web client https formats have been skipped as they are missing a url. YouTube is forcing SABR streaming for this client. See  https://github.com/yt-dlp/yt-dlp/issues/12482  for more details
WARNING: [youtube] eXa2ndhmatI: Some web client https formats have been skipped as they are missing a url. YouTube is forcing SABR streaming for this client. See  https://github.com/yt-dlp/yt-dlp/issues/12482  for more details
WARNING: [youtube] D4QyStJWgCc: Some web client https formats have been skipped as they are missing a url. YouTube is forcing SABR streaming for this client. See  https://github.com/yt-dlp/yt-dlp/issues/12482  for more details
Deprecated Feature: Support for Python version 3.9 has been deprecated. Please update to Python 3.10 or above
WARNING: [youtube] 5aS-8QCRdGE: Some web client https formats have been skipped as they are missing a url. YouTube is forcing SABR streaming for this client. See  https://github.com/yt-dlp/yt-dlp/issues/12482  for more details
WARNING: [youtube] Hc0aqOEU2w8: Some web client https formats have been skipped as they are missing a url. YouTube is forcing SABR streaming for this client. See  https://github.com/yt-dlp/yt-dlp/issues/12482  for more details
WARNING: [youtube] eFUB_jL_XcM: Some web client https formats have been skipped as they are missing a url. YouTube is forcing SABR streaming for this client. See  https://github.com/yt-dlp/yt-dlp/issues/12482  for more details
WARNING: [youtube] eXa2ndhmatI: Some web client https formats have been skipped as they are missing a url. YouTube is forcing SABR streaming for this client. See  https://github.com/yt-dlp/yt-dlp/issues/12482  for more details
WARNING: [youtube] D4QyStJWgCc: Some web client https formats have been skipped as they are missing a url. YouTube is forcing SABR streaming for this client. See  https://github.com/yt-dlp/yt-dlp/issues/12482  for more details
/Users/vincentnie/Library/Python/3.9/lib/python/site-packages/urllib3/__init__.py:35: NotOpenSSLWarning: urllib3 v2 only supports OpenSSL 1.1.1+, currently the 'ssl' module is compiled with 'LibreSSL 2.8.3'. See: https://github.com/urllib3/urllib3/issues/3020
  warnings.warn(
2026-04-21 06:00:07,416 [INFO] [generate_summary] 输入长度: 48, max_words: 300
2026-04-21 06:00:24,242 [INFO] [MiniMax] 请求状态: 200, attempt=1
2026-04-21 06:00:24,242 [INFO] [MiniMax] 成功, 输出长度: 48
2026-04-21 06:00:24,244 [INFO] [generate_summary] MiniMax状态: SUCCESS, 输出: 35.68 万元起，1400 匹马力、零百 2.9 秒的极氪 8X，要做新能源时代的「公路之王」
2026-04-21 06:00:24,245 [INFO] [translate_to_chinese] status=SUCCESS, len=48
2026-04-21 06:00:24,245 [INFO] [generate_summary] 输入长度: 60, max_words: 300
2026-04-21 06:00:36,530 [INFO] [MiniMax] 请求状态: 200, attempt=1
2026-04-21 06:00:36,530 [INFO] [MiniMax] 成功, 输出长度: 60
2026-04-21 06:00:36,532 [INFO] [generate_summary] MiniMax状态: SUCCESS, 输出: 早报｜雷军:不能因为有黑稿就不说话/曝OLED版iPad Air明年到来/2999起，大疆发布Osm
2026-04-21 06:00:36,533 [INFO] [translate_to_chinese] status=SUCCESS, len=60
2026-04-21 06:00:36,533 [INFO] [generate_summary] 输入长度: 21, max_words: 300
2026-04-21 06:00:42,018 [INFO] [MiniMax] 请求状态: 200, attempt=1
2026-04-21 06:00:42,019 [INFO] [MiniMax] 成功, 输出长度: 21
2026-04-21 06:00:42,021 [INFO] [generate_summary] MiniMax状态: SUCCESS, 输出: DJI Pocket 4：为点赞而生的相机
2026-04-21 06:00:42,021 [INFO] [translate_to_chinese] status=SUCCESS, len=21
2026-04-21 06:00:42,022 [INFO] [generate_summary] 输入长度: 36, max_words: 300
2026-04-21 06:00:48,651 [INFO] [MiniMax] 请求状态: 200, attempt=1
2026-04-21 06:00:48,652 [INFO] [MiniMax] 成功, 输出长度: 36
2026-04-21 06:00:48,654 [INFO] [generate_summary] MiniMax状态: SUCCESS, 输出: 刚刚，Claude Opus 4.7突然发布：不是最强，但奥特曼又得失眠
2026-04-21 06:00:48,654 [INFO] [translate_to_chinese] status=SUCCESS, len=36
2026-04-21 06:00:48,655 [INFO] [generate_summary] 输入长度: 46, max_words: 300
2026-04-21 06:00:59,255 [INFO] [MiniMax] 请求状态: 200, attempt=1
2026-04-21 06:00:59,255 [INFO] [MiniMax] 成功, 输出长度: 46
2026-04-21 06:00:59,258 [INFO] [generate_summary] MiniMax状态: SUCCESS, 输出: 沃尔沃三车齐发！ES90 卖 42.99 万，XC70 卖 24.99 万，还有一辆旗舰轿车
2026-04-21 06:00:59,258 [INFO] [translate_to_chinese] status=SUCCESS, len=46
2026-04-21 06:00:59,258 [INFO] [generate_summary] 输入长度: 25, max_words: 300
2026-04-21 06:01:17,345 [INFO] [MiniMax] 请求状态: 200, attempt=1
2026-04-21 06:01:17,345 [INFO] [MiniMax] 成功, 输出长度: 23
2026-04-21 06:01:17,348 [INFO] [generate_summary] MiniMax状态: SUCCESS, 输出: Mac可能是Neo，但Mac Neo不太可能。
2026-04-21 06:01:17,348 [INFO] [translate_to_chinese] status=SUCCESS, len=23
2026-04-21 06:01:18,608 [INFO] [generate_summary] 输入长度: 19, max_words: 300
2026-04-21 06:01:37,150 [INFO] [MiniMax] 请求状态: 200, attempt=1
2026-04-21 06:01:37,151 [INFO] [MiniMax] 成功, 输出长度: 19
2026-04-21 06:01:37,153 [INFO] [generate_summary] MiniMax状态: SUCCESS, 输出: 剧透｜Android 17 正式版前瞻
2026-04-21 06:01:37,153 [INFO] [translate_to_chinese] status=SUCCESS, len=19
2026-04-21 06:01:37,153 [INFO] [generate_summary] 输入长度: 25, max_words: 300
2026-04-21 06:01:47,394 [INFO] [MiniMax] 请求状态: 200, attempt=1
2026-04-21 06:01:47,395 [INFO] [MiniMax] 成功, 输出长度: 25
2026-04-21 06:01:47,397 [INFO] [generate_summary] MiniMax状态: SUCCESS, 输出: 可口的社交魔芋：Tomodachi Life 简评
2026-04-21 06:01:47,397 [INFO] [translate_to_chinese] status=SUCCESS, len=25
2026-04-21 06:01:47,398 [INFO] [generate_summary] 输入长度: 40, max_words: 300
2026-04-21 06:02:02,400 [INFO] [MiniMax] 请求状态: 200, attempt=1
2026-04-21 06:02:02,401 [INFO] [MiniMax] 成功, 输出长度: 36
2026-04-21 06:02:02,403 [INFO] [generate_summary] MiniMax状态: SUCCESS, 输出: TDS 评测｜三星 Galaxy Buds4 Pro 降噪真无线耳机体验
2026-04-21 06:02:02,403 [INFO] [translate_to_chinese] status=SUCCESS, len=36
2026-04-21 06:02:02,404 [INFO] [generate_summary] 输入长度: 52, max_words: 300
2026-04-21 06:02:14,890 [INFO] [MiniMax] 请求状态: 200, attempt=1
2026-04-21 06:02:14,891 [INFO] [MiniMax] 成功, 输出长度: 52
2026-04-21 06:02:14,892 [INFO] [generate_summary] MiniMax状态: SUCCESS, 输出: 派早报：Canva AI 2.0 发布、Anthropic 发布 Claude Opus 4.7 模
2026-04-21 06:02:14,892 [INFO] [translate_to_chinese] status=SUCCESS, len=52
2026-04-21 06:02:18,766 [INFO] [generate_summary] 输入长度: 69, max_words: 300
2026-04-21 06:02:31,895 [INFO] [MiniMax] 请求状态: 200, attempt=1
2026-04-21 06:02:31,895 [INFO] [MiniMax] 成功, 输出长度: 28
2026-04-21 06:02:31,898 [INFO] [generate_summary] MiniMax状态: SUCCESS, 输出: 康帕斯通路 CEO 就特朗普扩大迷幻药研究的命令发表评论
2026-04-21 06:02:31,898 [INFO] [translate_to_chinese] status=SUCCESS, len=28
2026-04-21 06:02:31,898 [INFO] [generate_summary] 输入长度: 59, max_words: 300
2026-04-21 06:02:45,345 [INFO] [MiniMax] 请求状态: 200, attempt=1
2026-04-21 06:02:45,346 [INFO] [MiniMax] 成功, 输出长度: 29
2026-04-21 06:02:45,347 [INFO] [generate_summary] MiniMax状态: SUCCESS, 输出: Agnico 在芬兰以 37 亿加元的三项黄金交易扩张业务
2026-04-21 06:02:45,347 [INFO] [translate_to_chinese] status=SUCCESS, len=29
2026-04-21 06:02:45,348 [INFO] [generate_summary] 输入长度: 55, max_words: 300
2026-04-21 06:02:52,932 [INFO] [MiniMax] 请求状态: 200, attempt=1
2026-04-21 06:02:52,932 [INFO] [MiniMax] 成功, 输出长度: 30
2026-04-21 06:02:52,935 [INFO] [generate_summary] MiniMax状态: SUCCESS, 输出: FDA的Makary就特朗普行政令放宽迷幻药获取渠道发表评论
2026-04-21 06:02:52,935 [INFO] [translate_to_chinese] status=SUCCESS, len=30
2026-04-21 06:02:52,935 [INFO] [generate_summary] 输入长度: 69, max_words: 300
2026-04-21 06:03:02,824 [INFO] [MiniMax] 请求状态: 200, attempt=1
2026-04-21 06:03:02,825 [INFO] [MiniMax] 成功, 输出长度: 26
2026-04-21 06:03:02,827 [INFO] [generate_summary] MiniMax状态: SUCCESS, 输出: Caesars延长与金块所有者180亿美元收购的谈判
2026-04-21 06:03:02,827 [INFO] [translate_to_chinese] status=SUCCESS, len=26
2026-04-21 06:03:02,827 [INFO] [generate_summary] 输入长度: 55, max_words: 300
2026-04-21 06:03:08,593 [INFO] [MiniMax] 请求状态: 200, attempt=1
2026-04-21 06:03:08,593 [INFO] [MiniMax] 成功, 输出长度: 24
2026-04-21 06:03:08,595 [INFO] [generate_summary] MiniMax状态: SUCCESS, 输出: BMO的McCormick称，做多美元仍然是对的
2026-04-21 06:03:08,595 [INFO] [translate_to_chinese] status=SUCCESS, len=24
2026-04-21 06:03:08,595 [INFO] [generate_summary] 输入长度: 44, max_words: 300
2026-04-21 06:03:22,486 [INFO] [MiniMax] 请求状态: 200, attempt=1
2026-04-21 06:03:22,487 [INFO] [MiniMax] 成功, 输出长度: 35
2026-04-21 06:03:22,489 [INFO] [generate_summary] MiniMax状态: SUCCESS, 输出: Michael Baron 讨论 RONB、Musk 与 SpaceX
2026-04-21 06:03:22,489 [INFO] [translate_to_chinese] status=SUCCESS, len=35
2026-04-21 06:03:22,490 [INFO] [generate_summary] 输入长度: 52, max_words: 300
2026-04-21 06:03:29,954 [INFO] [MiniMax] 请求状态: 200, attempt=1
2026-04-21 06:03:29,955 [INFO] [MiniMax] 成功, 输出长度: 21
2026-04-21 06:03:29,957 [INFO] [generate_summary] MiniMax状态: SUCCESS, 输出: PRIV持有高评级私人信贷：阿波罗的戈斯登
2026-04-21 06:03:29,958 [INFO] [translate_to_chinese] status=SUCCESS, len=21
2026-04-21 06:03:29,958 [INFO] [generate_summary] 输入长度: 61, max_words: 300
2026-04-21 06:03:37,060 [INFO] [MiniMax] 请求状态: 200, attempt=1
2026-04-21 06:03:37,061 [INFO] [MiniMax] 成功, 输出长度: 18
2026-04-21 06:03:37,062 [INFO] [generate_summary] MiniMax状态: SUCCESS, 输出: 新兴货币走势分化，焦点集中在中东战争
2026-04-21 06:03:37,062 [INFO] [translate_to_chinese] status=SUCCESS, len=18
2026-04-21 06:03:37,063 [INFO] [generate_summary] 输入长度: 64, max_words: 300
2026-04-21 06:03:42,648 [INFO] [MiniMax] 请求状态: 200, attempt=1
2026-04-21 06:03:42,649 [INFO] [MiniMax] 成功, 输出长度: 22
2026-04-21 06:03:42,650 [INFO] [generate_summary] MiniMax状态: SUCCESS, 输出: 黄金下跌，因霍尔木兹海峡再度中断引发通胀担忧
2026-04-21 06:03:42,650 [INFO] [translate_to_chinese] status=SUCCESS, len=22
2026-04-21 06:03:42,651 [INFO] [generate_summary] 输入长度: 57, max_words: 300
2026-04-21 06:03:53,918 [INFO] [MiniMax] 请求状态: 200, attempt=1
2026-04-21 06:03:53,919 [INFO] [MiniMax] 成功, 输出长度: 19
2026-04-21 06:03:53,921 [INFO] [generate_summary] MiniMax状态: SUCCESS, 输出: 反弹暂停，和平协议不确定性 | 收盘钟
2026-04-21 06:03:53,922 [INFO] [translate_to_chinese] status=SUCCESS, len=19
2026-04-21 06:03:53,922 [INFO] [generate_summary] 输入长度: 64, max_words: 300
2026-04-21 06:04:08,353 [INFO] [MiniMax] 请求状态: 200, attempt=1
2026-04-21 06:04:08,354 [INFO] [MiniMax] 成功, 输出长度: 25
2026-04-21 06:04:08,357 [INFO] [generate_summary] MiniMax状态: SUCCESS, 输出: 南美洲在油价达到每桶100美元时可日产210万桶。
2026-04-21 06:04:08,357 [INFO] [translate_to_chinese] status=SUCCESS, len=25
2026-04-21 06:04:08,357 [INFO] [generate_summary] 输入长度: 61, max_words: 300
2026-04-21 06:04:14,905 [INFO] [MiniMax] 请求状态: 200, attempt=1
2026-04-21 06:04:14,906 [INFO] [MiniMax] 成功, 输出长度: 20
2026-04-21 06:04:14,909 [INFO] [generate_summary] MiniMax状态: SUCCESS, 输出: 美国股市结束五日涨势 因停火协议延期存疑
2026-04-21 06:04:14,909 [INFO] [translate_to_chinese] status=SUCCESS, len=20
2026-04-21 06:04:14,909 [INFO] [generate_summary] 输入长度: 62, max_words: 300
2026-04-21 06:04:29,399 [INFO] [MiniMax] 请求状态: 200, attempt=1
2026-04-21 06:04:29,400 [INFO] [MiniMax] 成功, 输出长度: 46
2026-04-21 06:04:29,402 [INFO] [generate_summary] MiniMax状态: SUCCESS, 输出: Diplo、Twenty One Pilots 的版税将为 Chord 发行的债券提供担保。
2026-04-21 06:04:29,403 [INFO] [translate_to_chinese] status=SUCCESS, len=46
2026-04-21 06:04:29,403 [INFO] [generate_summary] 输入长度: 62, max_words: 300
2026-04-21 06:04:36,358 [INFO] [MiniMax] 请求状态: 200, attempt=1
2026-04-21 06:04:36,359 [INFO] [MiniMax] 成功, 输出长度: 21
2026-04-21 06:04:36,361 [INFO] [generate_summary] MiniMax状态: SUCCESS, 输出: 股市的反弹创下历史新高，掩盖了脆弱的基石。
2026-04-21 06:04:36,362 [INFO] [translate_to_chinese] status=SUCCESS, len=21
2026-04-21 06:04:36,362 [INFO] [generate_summary] 输入长度: 55, max_words: 300
2026-04-21 06:04:43,109 [INFO] [MiniMax] 请求状态: 200, attempt=1
2026-04-21 06:04:43,109 [INFO] [MiniMax] 成功, 输出长度: 23
2026-04-21 06:04:43,112 [INFO] [generate_summary] MiniMax状态: SUCCESS, 输出: EQB Inc. 发行2亿加元有限追索资本票据
2026-04-21 06:04:43,112 [INFO] [translate_to_chinese] status=SUCCESS, len=23
2026-04-21 06:04:43,112 [INFO] [generate_summary] 输入长度: 62, max_words: 300
2026-04-21 06:04:52,632 [INFO] [MiniMax] 请求状态: 200, attempt=1
2026-04-21 06:04:52,633 [INFO] [MiniMax] 成功, 输出长度: 24
2026-04-21 06:04:52,635 [INFO] [generate_summary] MiniMax状态: SUCCESS, 输出: 股市下跌，油价飙升，因对和平协议的疑虑：市场综述
2026-04-21 06:04:52,635 [INFO] [translate_to_chinese] status=SUCCESS, len=24
2026-04-21 06:04:52,636 [INFO] [generate_summary] 输入长度: 69, max_words: 300
2026-04-21 06:04:59,292 [INFO] [MiniMax] 请求状态: 200, attempt=1
2026-04-21 06:04:59,293 [INFO] [MiniMax] 成功, 输出长度: 25
2026-04-21 06:04:59,295 [INFO] [generate_summary] MiniMax状态: SUCCESS, 输出: 沃什将在确认听证会上重点关注美联储的货币政策独立性
2026-04-21 06:04:59,295 [INFO] [translate_to_chinese] status=SUCCESS, len=25
2026-04-21 06:04:59,296 [INFO] [generate_summary] 输入长度: 59, max_words: 300
2026-04-21 06:05:16,043 [INFO] [MiniMax] 请求状态: 200, attempt=1
2026-04-21 06:05:16,044 [INFO] [MiniMax] 成功, 输出长度: 40
2026-04-21 06:05:16,046 [INFO] [generate_summary] MiniMax状态: SUCCESS, 输出: 为何布拉德·雅各布斯的 QXO 在 170 亿美元的交易中收购 TopBuild
2026-04-21 06:05:16,046 [INFO] [translate_to_chinese] status=SUCCESS, len=40
2026-04-21 06:05:16,047 [INFO] [generate_summary] 输入长度: 61, max_words: 300
2026-04-21 06:05:23,056 [INFO] [MiniMax] 请求状态: 200, attempt=1
2026-04-21 06:05:23,056 [INFO] [MiniMax] 成功, 输出长度: 18
2026-04-21 06:05:23,058 [INFO] [generate_summary] MiniMax状态: SUCCESS, 输出: 国债随重新停火紧张局势推高油价而下跌
2026-04-21 06:05:23,058 [INFO] [translate_to_chinese] status=SUCCESS, len=18
2026-04-21 06:05:23,058 [INFO] [generate_summary] 输入长度: 54, max_words: 300
2026-04-21 06:05:30,478 [INFO] [MiniMax] 请求状态: 200, attempt=1
2026-04-21 06:05:30,478 [INFO] [MiniMax] 成功, 输出长度: 27
2026-04-21 06:05:30,481 [INFO] [generate_summary] MiniMax状态: SUCCESS, 输出: DRAM ETF 自四月初推出以来资产已突破10亿美元
2026-04-21 06:05:30,481 [INFO] [translate_to_chinese] status=SUCCESS, len=27
2026-04-21 06:05:33,317 [INFO] [generate_summary] 输入长度: 59, max_words: 300
2026-04-21 06:05:44,406 [INFO] [MiniMax] 请求状态: 200, attempt=1
2026-04-21 06:05:44,407 [INFO] [MiniMax] 成功, 输出长度: 23
2026-04-21 06:05:44,408 [INFO] [generate_summary] MiniMax状态: SUCCESS, 输出: 苹果CEO蒂姆·库克将于9月交接给约翰·特恩斯
2026-04-21 06:05:44,408 [INFO] [translate_to_chinese] status=SUCCESS, len=23
2026-04-21 06:05:44,409 [INFO] [generate_summary] 输入长度: 80, max_words: 300
2026-04-21 06:06:00,311 [INFO] [MiniMax] 请求状态: 200, attempt=1
2026-04-21 06:06:00,312 [INFO] [MiniMax] 成功, 输出长度: 26
2026-04-21 06:06:00,314 [INFO] [generate_summary] MiniMax状态: SUCCESS, 输出: 特朗普说，若未达成协议，伊朗停火‘极不可能’被延长。
2026-04-21 06:06:00,314 [INFO] [translate_to_chinese] status=SUCCESS, len=26
2026-04-21 06:06:00,314 [INFO] [generate_summary] 输入长度: 34, max_words: 300
2026-04-21 06:06:02,586 [INFO] [MiniMax] 请求状态: 200, attempt=1
2026-04-21 06:06:02,586 [INFO] [MiniMax] 成功, 输出长度: 10
2026-04-21 06:06:02,588 [INFO] [generate_summary] MiniMax状态: SUCCESS, 输出: 伊朗危机尚未达到顶峰
2026-04-21 06:06:02,589 [INFO] [translate_to_chinese] status=SUCCESS, len=10
2026-04-21 06:06:02,589 [INFO] [generate_summary] 输入长度: 37, max_words: 300
2026-04-21 06:06:15,638 [INFO] [MiniMax] 请求状态: 200, attempt=1
2026-04-21 06:06:15,638 [INFO] [MiniMax] 成功, 输出长度: 12
2026-04-21 06:06:15,640 [INFO] [generate_summary] MiniMax状态: SUCCESS, 输出: 不在办公室，仍能即时响应
2026-04-21 06:06:15,640 [INFO] [translate_to_chinese] status=SUCCESS, len=12
2026-04-21 06:06:15,641 [INFO] [generate_summary] 输入长度: 72, max_words: 300
2026-04-21 06:06:20,492 [INFO] [MiniMax] 请求状态: 200, attempt=1
2026-04-21 06:06:20,493 [INFO] [MiniMax] 成功, 输出长度: 33
2026-04-21 06:06:20,495 [INFO] [generate_summary] MiniMax状态: SUCCESS, 输出: Kevin Warsh 将表示，美联储的独立性不受政治压力的威胁。
2026-04-21 06:06:20,495 [INFO] [translate_to_chinese] status=SUCCESS, len=33
2026-04-21 06:06:20,495 [INFO] [generate_summary] 输入长度: 46, max_words: 300
2026-04-21 06:06:27,695 [INFO] [MiniMax] 请求状态: 200, attempt=1
2026-04-21 06:06:27,695 [INFO] [MiniMax] 成功, 输出长度: 27
2026-04-21 06:06:27,697 [INFO] [generate_summary] MiniMax状态: SUCCESS, 输出: Kevin Warsh：特朗普在美联储的下一个替罪羊？
2026-04-21 06:06:27,697 [INFO] [translate_to_chinese] status=SUCCESS, len=27
2026-04-21 06:06:27,698 [INFO] [generate_summary] 输入长度: 43, max_words: 300
2026-04-21 06:06:35,950 [INFO] [MiniMax] 请求状态: 200, attempt=1
2026-04-21 06:06:35,950 [INFO] [MiniMax] 成功, 输出长度: 16
2026-04-21 06:06:35,953 [INFO] [generate_summary] MiniMax状态: SUCCESS, 输出: 美国炼油商从伊朗战争中获得暴利。
2026-04-21 06:06:35,953 [INFO] [translate_to_chinese] status=SUCCESS, len=16
2026-04-21 06:06:35,953 [INFO] [generate_summary] 输入长度: 64, max_words: 300
2026-04-21 06:06:41,440 [INFO] [MiniMax] 请求状态: 200, attempt=1
2026-04-21 06:06:41,440 [INFO] [MiniMax] 成功, 输出长度: 20
2026-04-21 06:06:41,442 [INFO] [generate_summary] MiniMax状态: SUCCESS, 输出: 美国进出口银行在伊朗冲突期间增加能源贷款
2026-04-21 06:06:41,443 [INFO] [translate_to_chinese] status=SUCCESS, len=20
2026-04-21 06:06:41,443 [INFO] [generate_summary] 输入长度: 69, max_words: 300
2026-04-21 06:06:57,620 [INFO] [MiniMax] 请求状态: 200, attempt=1
2026-04-21 06:06:57,620 [INFO] [MiniMax] 成功, 输出长度: 24
2026-04-21 06:06:57,622 [INFO] [generate_summary] MiniMax状态: SUCCESS, 输出: 北方信托表示，人工智能热潮有望“大幅抑制通胀”。
2026-04-21 06:06:57,622 [INFO] [translate_to_chinese] status=SUCCESS, len=24
2026-04-21 06:06:57,623 [INFO] [generate_summary] 输入长度: 65, max_words: 300
2026-04-21 06:07:01,042 [INFO] [MiniMax] 请求状态: 200, attempt=1
2026-04-21 06:07:01,043 [INFO] [MiniMax] 成功, 输出长度: 22
2026-04-21 06:07:01,045 [INFO] [generate_summary] MiniMax状态: SUCCESS, 输出: 数据中心新星Fermi的股价因高管辞职而暴跌
2026-04-21 06:07:01,045 [INFO] [translate_to_chinese] status=SUCCESS, len=22
2026-04-21 06:07:01,046 [INFO] [generate_summary] 输入长度: 64, max_words: 300
2026-04-21 06:07:10,731 [INFO] [MiniMax] 请求状态: 200, attempt=1
2026-04-21 06:07:10,731 [INFO] [MiniMax] 成功, 输出长度: 31
2026-04-21 06:07:10,733 [INFO] [generate_summary] MiniMax状态: SUCCESS, 输出: Starmer被指责在Mandelson丑闻中把官员当作替罪羊
2026-04-21 06:07:10,734 [INFO] [translate_to_chinese] status=SUCCESS, len=31
2026-04-21 06:07:10,734 [INFO] [generate_summary] 输入长度: 58, max_words: 300
2026-04-21 06:07:15,855 [INFO] [MiniMax] 请求状态: 200, attempt=1
2026-04-21 06:07:15,855 [INFO] [MiniMax] 成功, 输出长度: 19
2026-04-21 06:07:15,857 [INFO] [generate_summary] MiniMax状态: SUCCESS, 输出: 曼德尔森丑闻揭示了斯塔默主义的真实本质
2026-04-21 06:07:15,858 [INFO] [translate_to_chinese] status=SUCCESS, len=19
2026-04-21 06:07:21,153 [INFO] [generate_summary] 输入长度: 78, max_words: 300
2026-04-21 06:07:29,509 [INFO] [MiniMax] 请求状态: 200, attempt=1
2026-04-21 06:07:29,510 [INFO] [MiniMax] 成功, 输出长度: 32
2026-04-21 06:07:29,512 [INFO] [generate_summary] MiniMax状态: SUCCESS, 输出: Starmer说，官员故意向我隐瞒了Mandelson的审查结果
2026-04-21 06:07:29,512 [INFO] [translate_to_chinese] status=SUCCESS, len=32
2026-04-21 06:07:29,512 [INFO] [generate_summary] 输入长度: 45, max_words: 300
2026-04-21 06:07:36,556 [INFO] [MiniMax] 请求状态: 200, attempt=1
2026-04-21 06:07:36,557 [INFO] [MiniMax] 成功, 输出长度: 16
2026-04-21 06:07:36,559 [INFO] [generate_summary] MiniMax状态: SUCCESS, 输出: 斯塔默关于曼德尔森声明的关键要点
2026-04-21 06:07:36,559 [INFO] [translate_to_chinese] status=SUCCESS, len=16
2026-04-21 06:07:36,559 [INFO] [generate_summary] 输入长度: 69, max_words: 300
2026-04-21 06:07:41,349 [INFO] [MiniMax] 请求状态: 200, attempt=1
2026-04-21 06:07:41,349 [INFO] [MiniMax] 成功, 输出长度: 32
2026-04-21 06:07:41,351 [INFO] [generate_summary] MiniMax状态: SUCCESS, 输出: 特朗普表示，在与伊朗达成协议之前，美国不会解除霍尔木兹海峡封锁。
2026-04-21 06:07:41,351 [INFO] [translate_to_chinese] status=SUCCESS, len=32
2026-04-21 06:07:41,352 [INFO] [generate_summary] 输入长度: 71, max_words: 300
2026-04-21 06:07:45,769 [INFO] [MiniMax] 请求状态: 200, attempt=1
2026-04-21 06:07:45,769 [INFO] [MiniMax] 成功, 输出长度: 17
2026-04-21 06:07:45,771 [INFO] [generate_summary] MiniMax状态: SUCCESS, 输出: 英国政府计划立法禁止在学校使用手机
2026-04-21 06:07:45,772 [INFO] [translate_to_chinese] status=SUCCESS, len=17
2026-04-21 06:07:45,772 [INFO] [generate_summary] 输入长度: 51, max_words: 300
2026-04-21 06:07:52,918 [INFO] [MiniMax] 请求状态: 200, attempt=1
2026-04-21 06:07:52,919 [INFO] [MiniMax] 成功, 输出长度: 23
2026-04-21 06:07:52,921 [INFO] [generate_summary] MiniMax状态: SUCCESS, 输出: Apple 任命新首席执行官来接替蒂姆·库克。
2026-04-21 06:07:52,921 [INFO] [translate_to_chinese] status=SUCCESS, len=23
2026-04-21 06:07:52,921 [INFO] [generate_summary] 输入长度: 76, max_words: 300
2026-04-21 06:07:56,238 [INFO] [MiniMax] 请求状态: 200, attempt=1
2026-04-21 06:07:56,238 [INFO] [MiniMax] 成功, 输出长度: 24
2026-04-21 06:07:56,241 [INFO] [generate_summary] MiniMax状态: SUCCESS, 输出: 狼队从英超联赛降级已获确认——以及为何这早已注定
2026-04-21 06:07:56,241 [INFO] [translate_to_chinese] status=SUCCESS, len=24
2026-04-21 06:07:56,241 [INFO] [generate_summary] 输入长度: 75, max_words: 300
2026-04-21 06:08:02,708 [INFO] [MiniMax] 请求状态: 200, attempt=1
2026-04-21 06:08:02,708 [INFO] [MiniMax] 成功, 输出长度: 31
2026-04-21 06:08:02,711 [INFO] [generate_summary] MiniMax状态: SUCCESS, 输出: 被吐口水、受到威胁并被绑架：英国犹太人讲述日益严重的反犹太主义
2026-04-21 06:08:02,711 [INFO] [translate_to_chinese] status=SUCCESS, len=31
2026-04-21 06:08:02,711 [INFO] [generate_summary] 输入长度: 49, max_words: 300
2026-04-21 06:08:07,048 [INFO] [MiniMax] 请求状态: 200, attempt=1
2026-04-21 06:08:07,048 [INFO] [MiniMax] 成功, 输出长度: 15
2026-04-21 06:08:07,051 [INFO] [generate_summary] MiniMax状态: SUCCESS, 输出: 在汽车撞向行人后，谋杀未遂指控
2026-04-21 06:08:07,051 [INFO] [translate_to_chinese] status=SUCCESS, len=15
2026-04-21 06:08:07,051 [INFO] [generate_summary] 输入长度: 72, max_words: 300
2026-04-21 06:08:15,311 [INFO] [MiniMax] 请求状态: 200, attempt=1
2026-04-21 06:08:15,311 [INFO] [MiniMax] 成功, 输出长度: 28
2026-04-21 06:08:15,313 [INFO] [generate_summary] MiniMax状态: SUCCESS, 输出: 美国歌手 D4vd 在一名失踪少女死亡的谋杀案中不认罪。
2026-04-21 06:08:15,314 [INFO] [translate_to_chinese] status=SUCCESS, len=28
2026-04-21 06:08:15,314 [INFO] [generate_summary] 输入长度: 71, max_words: 300
2026-04-21 06:08:22,041 [INFO] [MiniMax] 请求状态: 200, attempt=1
2026-04-21 06:08:22,042 [INFO] [MiniMax] 成功, 输出长度: 25
2026-04-21 06:08:22,044 [INFO] [generate_summary] MiniMax状态: SUCCESS, 输出: 学生们因错误发放的贷款获得还款宽限期，感到如释重负
2026-04-21 06:08:22,044 [INFO] [translate_to_chinese] status=SUCCESS, len=25
2026-04-21 06:08:22,044 [INFO] [generate_summary] 输入长度: 52, max_words: 300
2026-04-21 06:08:25,830 [INFO] [MiniMax] 请求状态: 200, attempt=1
2026-04-21 06:08:25,830 [INFO] [MiniMax] 成功, 输出长度: 12
2026-04-21 06:08:25,832 [INFO] [generate_summary] MiniMax状态: SUCCESS, 输出: 养父被指控性侵并闷死婴儿
2026-04-21 06:08:25,833 [INFO] [translate_to_chinese] status=SUCCESS, len=12
2026-04-21 06:08:25,833 [INFO] [generate_summary] 输入长度: 52, max_words: 300
2026-04-21 06:08:29,515 [INFO] [MiniMax] 请求状态: 200, attempt=1
2026-04-21 06:08:29,515 [INFO] [MiniMax] 成功, 输出长度: 19
2026-04-21 06:08:29,517 [INFO] [generate_summary] MiniMax状态: SUCCESS, 输出: 在卫星“事故”后，蓝色起源火箭被停飞。
2026-04-21 06:08:29,517 [INFO] [translate_to_chinese] status=SUCCESS, len=19
2026-04-21 06:08:29,518 [INFO] [generate_summary] 输入长度: 52, max_words: 300
2026-04-21 06:08:34,798 [INFO] [MiniMax] 请求状态: 200, attempt=1
2026-04-21 06:08:34,798 [INFO] [MiniMax] 成功, 输出长度: 20
2026-04-21 06:08:34,801 [INFO] [generate_summary] MiniMax状态: SUCCESS, 输出: 关于美国扣押的伊朗船只 我们所知道的情况
2026-04-21 06:08:34,801 [INFO] [translate_to_chinese] status=SUCCESS, len=20
2026-04-21 06:08:34,801 [INFO] [generate_summary] 输入长度: 54, max_words: 300
2026-04-21 06:08:41,148 [INFO] [MiniMax] 请求状态: 200, attempt=1
2026-04-21 06:08:41,148 [INFO] [MiniMax] 成功, 输出长度: 19
2026-04-21 06:08:41,150 [INFO] [generate_summary] MiniMax状态: SUCCESS, 输出: 伊朗和美国能否找到中间立场以达成协议？
2026-04-21 06:08:41,150 [INFO] [translate_to_chinese] status=SUCCESS, len=19
2026-04-21 06:08:41,151 [INFO] [generate_summary] 输入长度: 48, max_words: 300
2026-04-21 06:08:46,822 [INFO] [MiniMax] 请求状态: 200, attempt=1
2026-04-21 06:08:46,823 [INFO] [MiniMax] 成功, 输出长度: 15
2026-04-21 06:08:46,825 [INFO] [generate_summary] MiniMax状态: SUCCESS, 输出: 美国公布部队扣押伊朗船只的视频
2026-04-21 06:08:46,825 [INFO] [translate_to_chinese] status=SUCCESS, len=15
2026-04-21 06:08:46,825 [INFO] [generate_summary] 输入长度: 52, max_words: 300
2026-04-21 06:08:51,085 [INFO] [MiniMax] 请求状态: 200, attempt=1
2026-04-21 06:08:51,085 [INFO] [MiniMax] 成功, 输出长度: 18
2026-04-21 06:08:51,087 [INFO] [generate_summary] MiniMax状态: SUCCESS, 输出: 特朗普称伊朗船只被扣押后，油价上涨。
2026-04-21 06:08:51,088 [INFO] [translate_to_chinese] status=SUCCESS, len=18
2026-04-21 06:08:51,088 [INFO] [generate_summary] 输入长度: 63, max_words: 300
2026-04-21 06:08:56,360 [INFO] [MiniMax] 请求状态: 200, attempt=1
2026-04-21 06:08:56,361 [INFO] [MiniMax] 成功, 输出长度: 22
2026-04-21 06:08:56,363 [INFO] [generate_summary] MiniMax状态: SUCCESS, 输出: 美国为何以及如何在霍尔木兹海峡封锁伊朗港口？
2026-04-21 06:08:56,363 [INFO] [translate_to_chinese] status=SUCCESS, len=22
2026-04-21 06:08:56,364 [INFO] [generate_summary] 输入长度: 90, max_words: 300
2026-04-21 06:09:07,763 [INFO] [MiniMax] 请求状态: 200, attempt=1
2026-04-21 06:09:07,763 [INFO] [MiniMax] 成功, 输出长度: 37
2026-04-21 06:09:07,765 [INFO] [generate_summary] MiniMax状态: SUCCESS, 输出: “他们告诉我他已经死了”：在军队基地附近出生的孩子们了解英国士兵父亲的真相
2026-04-21 06:09:07,766 [INFO] [translate_to_chinese] status=SUCCESS, len=37
2026-04-21 06:09:07,766 [INFO] [generate_summary] 输入长度: 79, max_words: 300
2026-04-21 06:09:16,072 [INFO] [MiniMax] 请求状态: 200, attempt=1
2026-04-21 06:09:16,073 [INFO] [MiniMax] 成功, 输出长度: 40
2026-04-21 06:09:16,075 [INFO] [generate_summary] MiniMax状态: SUCCESS, 输出: Desmond Morris，著有《裸猿》，该书既激励又引发争议，享年98岁去世
2026-04-21 06:09:16,075 [INFO] [translate_to_chinese] status=SUCCESS, len=40
2026-04-21 06:09:16,076 [INFO] [generate_summary] 输入长度: 63, max_words: 300
2026-04-21 06:09:21,433 [INFO] [MiniMax] 请求状态: 200, attempt=1
2026-04-21 06:09:21,434 [INFO] [MiniMax] 成功, 输出长度: 24
2026-04-21 06:09:21,436 [INFO] [generate_summary] MiniMax状态: SUCCESS, 输出: 内幕交易者是否从特朗普的声明中赚取了数百万美元？
2026-04-21 06:09:21,436 [INFO] [translate_to_chinese] status=SUCCESS, len=24
2026-04-21 06:09:23,196 [INFO] [generate_summary] 输入长度: 43, max_words: 300
2026-04-21 06:09:29,276 [INFO] [MiniMax] 请求状态: 200, attempt=1
2026-04-21 06:09:29,276 [INFO] [MiniMax] 成功, 输出长度: 15
2026-04-21 06:09:29,278 [INFO] [generate_summary] MiniMax状态: SUCCESS, 输出: 特朗普对34项重罪指控不认罪。
2026-04-21 06:09:29,278 [INFO] [translate_to_chinese] status=SUCCESS, len=15
2026-04-21 06:09:29,279 [INFO] [generate_summary] 输入长度: 66, max_words: 300
2026-04-21 06:09:34,561 [INFO] [MiniMax] 请求状态: 200, attempt=1
2026-04-21 06:09:34,562 [INFO] [MiniMax] 成功, 输出长度: 23
2026-04-21 06:09:34,564 [INFO] [generate_summary] MiniMax状态: SUCCESS, 输出: 哈伯曼透露特朗普在演讲中攻击法官及其家人的原因
2026-04-21 06:09:34,564 [INFO] [translate_to_chinese] status=SUCCESS, len=23
2026-04-21 06:09:34,564 [INFO] [generate_summary] 输入长度: 74, max_words: 300
2026-04-21 06:09:42,591 [INFO] [MiniMax] 请求状态: 200, attempt=1
2026-04-21 06:09:42,591 [INFO] [MiniMax] 成功, 输出长度: 24
2026-04-21 06:09:42,593 [INFO] [generate_summary] MiniMax状态: SUCCESS, 输出: 关于特朗普在法庭出庭前夕的起诉，你需要知道的事项
2026-04-21 06:09:42,594 [INFO] [translate_to_chinese] status=SUCCESS, len=24
2026-04-21 06:09:42,594 [INFO] [generate_summary] 输入长度: 52, max_words: 300
2026-04-21 06:09:52,870 [INFO] [MiniMax] 请求状态: 200, attempt=1
2026-04-21 06:09:52,870 [INFO] [MiniMax] 成功, 输出长度: 13
2026-04-21 06:09:52,873 [INFO] [generate_summary] MiniMax状态: SUCCESS, 输出: 阅读：特朗普因封口费被起诉
2026-04-21 06:09:52,873 [INFO] [translate_to_chinese] status=SUCCESS, len=13
2026-04-21 06:09:52,873 [INFO] [generate_summary] 输入长度: 65, max_words: 300
2026-04-21 06:09:59,179 [INFO] [MiniMax] 请求状态: 200, attempt=1
2026-04-21 06:09:59,179 [INFO] [MiniMax] 成功, 输出长度: 22
2026-04-21 06:09:59,182 [INFO] [generate_summary] MiniMax状态: SUCCESS, 输出: 俄罗斯当局拘留了圣彼得堡咖啡馆爆炸案的嫌疑人
2026-04-21 06:09:59,182 [INFO] [translate_to_chinese] status=SUCCESS, len=22
2026-04-21 06:09:59,182 [INFO] [generate_summary] 输入长度: 56, max_words: 300
/Users/vincentnie/Library/Python/3.9/lib/python/site-packages/urllib3/__init__.py:35: NotOpenSSLWarning: urllib3 v2 only supports OpenSSL 1.1.1+, currently the 'ssl' module is compiled with 'LibreSSL 2.8.3'. See: https://github.com/urllib3/urllib3/issues/3020
  warnings.warn(
/Users/vincentnie/Library/Python/3.9/lib/python/site-packages/urllib3/connectionpool.py:1097: InsecureRequestWarning: Unverified HTTPS request is being made to host '127.0.0.1'. Adding certificate verification is strongly advised. See: https://urllib3.readthedocs.io/en/latest/advanced-usage.html#tls-warnings
  warnings.warn(
/Users/vincentnie/Library/Python/3.9/lib/python/site-packages/urllib3/connectionpool.py:1097: InsecureRequestWarning: Unverified HTTPS request is being made to host '127.0.0.1'. Adding certificate verification is strongly advised. See: https://urllib3.readthedocs.io/en/latest/advanced-usage.html#tls-warnings
  warnings.warn(
/Users/vincentnie/Library/Python/3.9/lib/python/site-packages/urllib3/connectionpool.py:1097: InsecureRequestWarning: Unverified HTTPS request is being made to host '127.0.0.1'. Adding certificate verification is strongly advised. See: https://urllib3.readthedocs.io/en/latest/advanced-usage.html#tls-warnings
  warnings.warn(
/Users/vincentnie/Library/Python/3.9/lib/python/site-packages/urllib3/connectionpool.py:1097: InsecureRequestWarning: Unverified HTTPS request is being made to host '127.0.0.1'. Adding certificate verification is strongly advised. See: https://urllib3.readthedocs.io/en/latest/advanced-usage.html#tls-warnings
  warnings.warn(
/Users/vincentnie/Library/Python/3.9/lib/python/site-packages/urllib3/connectionpool.py:1097: InsecureRequestWarning: Unverified HTTPS request is being made to host '127.0.0.1'. Adding certificate verification is strongly advised. See: https://urllib3.readthedocs.io/en/latest/advanced-usage.html#tls-warnings
  warnings.warn(
/Users/vincentnie/Library/Python/3.9/lib/python/site-packages/urllib3/connectionpool.py:1097: InsecureRequestWarning: Unverified HTTPS request is being made to host '127.0.0.1'. Adding certificate verification is strongly advised. See: https://urllib3.readthedocs.io/en/latest/advanced-usage.html#tls-warnings
  warnings.warn(
/Users/vincentnie/Library/Python/3.9/lib/python/site-packages/urllib3/connectionpool.py:1097: InsecureRequestWarning: Unverified HTTPS request is being made to host '127.0.0.1'. Adding certificate verification is strongly advised. See: https://urllib3.readthedocs.io/en/latest/advanced-usage.html#tls-warnings
  warnings.warn(
/Users/vincentnie/Library/Python/3.9/lib/python/site-packages/urllib3/connectionpool.py:1097: InsecureRequestWarning: Unverified HTTPS request is being made to host '127.0.0.1'. Adding certificate verification is strongly advised. See: https://urllib3.readthedocs.io/en/latest/advanced-usage.html#tls-warnings
  warnings.warn(
/Users/vincentnie/Library/Python/3.9/lib/python/site-packages/urllib3/connectionpool.py:1097: InsecureRequestWarning: Unverified HTTPS request is being made to host '127.0.0.1'. Adding certificate verification is strongly advised. See: https://urllib3.readthedocs.io/en/latest/advanced-usage.html#tls-warnings
  warnings.warn(
/Users/vincentnie/Library/Python/3.9/lib/python/site-packages/urllib3/connectionpool.py:1097: InsecureRequestWarning: Unverified HTTPS request is being made to host '127.0.0.1'. Adding certificate verification is strongly advised. See: https://urllib3.readthedocs.io/en/latest/advanced-usage.html#tls-warnings
  warnings.warn(
/Users/vincentnie/Library/Python/3.9/lib/python/site-packages/urllib3/connectionpool.py:1097: InsecureRequestWarning: Unverified HTTPS request is being made to host '127.0.0.1'. Adding certificate verification is strongly advised. See: https://urllib3.readthedocs.io/en/latest/advanced-usage.html#tls-warnings
  warnings.warn(
/Users/vincentnie/Library/Python/3.9/lib/python/site-packages/urllib3/__init__.py:35: NotOpenSSLWarning: urllib3 v2 only supports OpenSSL 1.1.1+, currently the 'ssl' module is compiled with 'LibreSSL 2.8.3'. See: https://github.com/urllib3/urllib3/issues/3020
  warnings.warn(
Deprecated Feature: Support for Python version 3.9 has been deprecated. Please update to Python 3.10 or above
WARNING: [youtube] iKx3gAODybU: Some web client https formats have been skipped as they are missing a url. YouTube is forcing SABR streaming for this client. See  https://github.com/yt-dlp/yt-dlp/issues/12482  for more details
WARNING: [youtube] vif8NQcjVf0: Some web client https formats have been skipped as they are missing a url. YouTube is forcing SABR streaming for this client. See  https://github.com/yt-dlp/yt-dlp/issues/12482  for more details
WARNING: [youtube] H9rF1CSSh-w: Some web client https formats have been skipped as they are missing a url. YouTube is forcing SABR streaming for this client. See  https://github.com/yt-dlp/yt-dlp/issues/12482  for more details
WARNING: [youtube] 1SJiTwbSI58: Some web client https formats have been skipped as they are missing a url. YouTube is forcing SABR streaming for this client. See  https://github.com/yt-dlp/yt-dlp/issues/12482  for more details
WARNING: [youtube] KGVpKPNUdzA: Some web client https formats have been skipped as they are missing a url. YouTube is forcing SABR streaming for this client. See  https://github.com/yt-dlp/yt-dlp/issues/12482  for more details
Deprecated Feature: Support for Python version 3.9 has been deprecated. Please update to Python 3.10 or above
WARNING: [youtube] Mjc7vwys1vY: Some web client https formats have been skipped as they are missing a url. YouTube is forcing SABR streaming for this client. See  https://github.com/yt-dlp/yt-dlp/issues/12482  for more details
WARNING: [youtube] IZDJ3jcO5UY: Some web client https formats have been skipped as they are missing a url. YouTube is forcing SABR streaming for this client. See  https://github.com/yt-dlp/yt-dlp/issues/12482  for more details
WARNING: [youtube] yiJOTCRVWjc: Some web client https formats have been skipped as they are missing a url. YouTube is forcing SABR streaming for this client. See  https://github.com/yt-dlp/yt-dlp/issues/12482  for more details
WARNING: [youtube] dvt_74kV-RM: Some web client https formats have been skipped as they are missing a url. YouTube is forcing SABR streaming for this client. See  https://github.com/yt-dlp/yt-dlp/issues/12482  for more details
WARNING: [youtube] oheUsh7VtKY: Some web client https formats have been skipped as they are missing a url. YouTube is forcing SABR streaming for this client. See  https://github.com/yt-dlp/yt-dlp/issues/12482  for more details
Deprecated Feature: Support for Python version 3.9 has been deprecated. Please update to Python 3.10 or above
WARNING: [youtube] SFdqX7IY7RY: Some web client https formats have been skipped as they are missing a url. YouTube is forcing SABR streaming for this client. See  https://github.com/yt-dlp/yt-dlp/issues/12482  for more details
WARNING: [youtube] DVBJQQCjgXU: Some web client https formats have been skipped as they are missing a url. YouTube is forcing SABR streaming for this client. See  https://github.com/yt-dlp/yt-dlp/issues/12482  for more details
WARNING: [youtube] MPAsUZEJHiM: Some web client https formats have been skipped as they are missing a url. YouTube is forcing SABR streaming for this client. See  https://github.com/yt-dlp/yt-dlp/issues/12482  for more details
WARNING: [youtube] mjNP5IOzCbA: Some web client https formats have been skipped as they are missing a url. YouTube is forcing SABR streaming for this client. See  https://github.com/yt-dlp/yt-dlp/issues/12482  for more details
WARNING: [youtube] N-pust8qtGI: Some web client https formats have been skipped as they are missing a url. YouTube is forcing SABR streaming for this client. See  https://github.com/yt-dlp/yt-dlp/issues/12482  for more details
Deprecated Feature: Support for Python version 3.9 has been deprecated. Please update to Python 3.10 or above
WARNING: [youtube] 7RDDsuq0xK0: Some web client https formats have been skipped as they are missing a url. YouTube is forcing SABR streaming for this client. See  https://github.com/yt-dlp/yt-dlp/issues/12482  for more details
WARNING: [youtube] aPriy8Iy040: Some web client https formats have been skipped as they are missing a url. YouTube is forcing SABR streaming for this client. See  https://github.com/yt-dlp/yt-dlp/issues/12482  for more details
WARNING: [youtube] zp87IvWwSsY: Some web client https formats have been skipped as they are missing a url. YouTube is forcing SABR streaming for this client. See  https://github.com/yt-dlp/yt-dlp/issues/12482  for more details
WARNING: [youtube] p6ouOSg3mP0: Some web client https formats have been skipped as they are missing a url. YouTube is forcing SABR streaming for this client. See  https://github.com/yt-dlp/yt-dlp/issues/12482  for more details
WARNING: [youtube] ukWwV5peW14: Some web client https formats have been skipped as they are missing a url. YouTube is forcing SABR streaming for this client. See  https://github.com/yt-dlp/yt-dlp/issues/12482  for more details
Deprecated Feature: Support for Python version 3.9 has been deprecated. Please update to Python 3.10 or above
WARNING: [youtube] 3n_UCmbqj1o: Some web client https formats have been skipped as they are missing a url. YouTube is forcing SABR streaming for this client. See  https://github.com/yt-dlp/yt-dlp/issues/12482  for more details
WARNING: [youtube] 8ERSPyiA3aI: Some web client https formats have been skipped as they are missing a url. YouTube is forcing SABR streaming for this client. See  https://github.com/yt-dlp/yt-dlp/issues/12482  for more details
WARNING: [youtube] _vgcmCOrPRw: Some web client https formats have been skipped as they are missing a url. YouTube is forcing SABR streaming for this client. See  https://github.com/yt-dlp/yt-dlp/issues/12482  for more details
WARNING: [youtube] VQxuJ88-AKQ: Some web client https formats have been skipped as they are missing a url. YouTube is forcing SABR streaming for this client. See  https://github.com/yt-dlp/yt-dlp/issues/12482  for more details
WARNING: [youtube] v1zDQViflp8: Some web client https formats have been skipped as they are missing a url. YouTube is forcing SABR streaming for this client. See  https://github.com/yt-dlp/yt-dlp/issues/12482  for more details
Deprecated Feature: Support for Python version 3.9 has been deprecated. Please update to Python 3.10 or above
WARNING: [youtube] 6ZqqJZJ8WH4: Some web client https formats have been skipped as they are missing a url. YouTube is forcing SABR streaming for this client. See  https://github.com/yt-dlp/yt-dlp/issues/12482  for more details
WARNING: [youtube] 8ZIeAVrgs4o: Some web client https formats have been skipped as they are missing a url. YouTube is forcing SABR streaming for this client. See  https://github.com/yt-dlp/yt-dlp/issues/12482  for more details
WARNING: [youtube] 7rzYDM6vMtI: Some web client https formats have been skipped as they are missing a url. YouTube is forcing SABR streaming for this client. See  https://github.com/yt-dlp/yt-dlp/issues/12482  for more details
WARNING: [youtube] N1X7vMp9DZ4: Some web client https formats have been skipped as they are missing a url. YouTube is forcing SABR streaming for this client. See  https://github.com/yt-dlp/yt-dlp/issues/12482  for more details
WARNING: [youtube] 9g6t1ql67ic: Some web client https formats have been skipped as they are missing a url. YouTube is forcing SABR streaming for this client. See  https://github.com/yt-dlp/yt-dlp/issues/12482  for more details
Deprecated Feature: Support for Python version 3.9 has been deprecated. Please update to Python 3.10 or above
WARNING: [youtube] Lg-meK5IU8Q: Some web client https formats have been skipped as they are missing a url. YouTube is forcing SABR streaming for this client. See  https://github.com/yt-dlp/yt-dlp/issues/12482  for more details
WARNING: [youtube] RNYdP6CYrOw: Some web client https formats have been skipped as they are missing a url. YouTube is forcing SABR streaming for this client. See  https://github.com/yt-dlp/yt-dlp/issues/12482  for more details
WARNING: [youtube] Z_L5KO_GW4o: Some web client https formats have been skipped as they are missing a url. YouTube is forcing SABR streaming for this client. See  https://github.com/yt-dlp/yt-dlp/issues/12482  for more details
WARNING: [youtube] xbvI5G-8q4o: Some web client https formats have been skipped as they are missing a url. YouTube is forcing SABR streaming for this client. See  https://github.com/yt-dlp/yt-dlp/issues/12482  for more details
WARNING: [youtube] ZRpcYSghGr8: Some web client https formats have been skipped as they are missing a url. YouTube is forcing SABR streaming for this client. See  https://github.com/yt-dlp/yt-dlp/issues/12482  for more details
Deprecated Feature: Support for Python version 3.9 has been deprecated. Please update to Python 3.10 or above
WARNING: [youtube] k9xZuTMCR1Q: Some web client https formats have been skipped as they are missing a url. YouTube is forcing SABR streaming for this client. See  https://github.com/yt-dlp/yt-dlp/issues/12482  for more details
WARNING: [youtube] a-YJ6h7EJv8: Some web client https formats have been skipped as they are missing a url. YouTube is forcing SABR streaming for this client. See  https://github.com/yt-dlp/yt-dlp/issues/12482  for more details
WARNING: [youtube] UZyH0nx5zgI: Some web client https formats have been skipped as they are missing a url. YouTube is forcing SABR streaming for this client. See  https://github.com/yt-dlp/yt-dlp/issues/12482  for more details
WARNING: [youtube] Lm7-yFZ5fZQ: Some web client https formats have been skipped as they are missing a url. YouTube is forcing SABR streaming for this client. See  https://github.com/yt-dlp/yt-dlp/issues/12482  for more details
WARNING: [youtube] CPq1V7sH38I: Some web client https formats have been skipped as they are missing a url. YouTube is forcing SABR streaming for this client. See  https://github.com/yt-dlp/yt-dlp/issues/12482  for more details
Deprecated Feature: Support for Python version 3.9 has been deprecated. Please update to Python 3.10 or above
WARNING: [youtube] LVvleNtllPk: Some web client https formats have been skipped as they are missing a url. YouTube is forcing SABR streaming for this client. See  https://github.com/yt-dlp/yt-dlp/issues/12482  for more details
WARNING: [youtube] 5ak26W2YNRY: Some web client https formats have been skipped as they are missing a url. YouTube is forcing SABR streaming for this client. See  https://github.com/yt-dlp/yt-dlp/issues/12482  for more details
WARNING: [youtube] cFI-SqnvQK8: Some web client https formats have been skipped as they are missing a url. YouTube is forcing SABR streaming for this client. See  https://github.com/yt-dlp/yt-dlp/issues/12482  for more details
WARNING: [youtube] Goa6c6Qz__I: Some web client https formats have been skipped as they are missing a url. YouTube is forcing SABR streaming for this client. See  https://github.com/yt-dlp/yt-dlp/issues/12482  for more details
WARNING: [youtube] Mh9yC4j0_rI: Some web client https formats have been skipped as they are missing a url. YouTube is forcing SABR streaming for this client. See  https://github.com/yt-dlp/yt-dlp/issues/12482  for more details
Deprecated Feature: Support for Python version 3.9 has been deprecated. Please update to Python 3.10 or above
WARNING: [youtube] jt5hHb6kzYM: Some web client https formats have been skipped as they are missing a url. YouTube is forcing SABR streaming for this client. See  https://github.com/yt-dlp/yt-dlp/issues/12482  for more details
WARNING: [youtube] EVts3Ui_0AI: Some web client https formats have been skipped as they are missing a url. YouTube is forcing SABR streaming for this client. See  https://github.com/yt-dlp/yt-dlp/issues/12482  for more details
WARNING: [youtube] pDKlaJM_vys: Some web client https formats have been skipped as they are missing a url. YouTube is forcing SABR streaming for this client. See  https://github.com/yt-dlp/yt-dlp/issues/12482  for more details
WARNING: [youtube] 7VxeyTfhBM8: Some web client https formats have been skipped as they are missing a url. YouTube is forcing SABR streaming for this client. See  https://github.com/yt-dlp/yt-dlp/issues/12482  for more details
WARNING: [youtube] PUO51DoSEqk: Some web client https formats have been skipped as they are missing a url. YouTube is forcing SABR streaming for this client. See  https://github.com/yt-dlp/yt-dlp/issues/12482  for more details
Deprecated Feature: Support for Python version 3.9 has been deprecated. Please update to Python 3.10 or above
WARNING: [youtube] 5aS-8QCRdGE: Some web client https formats have been skipped as they are missing a url. YouTube is forcing SABR streaming for this client. See  https://github.com/yt-dlp/yt-dlp/issues/12482  for more details
WARNING: [youtube] Hc0aqOEU2w8: Some web client https formats have been skipped as they are missing a url. YouTube is forcing SABR streaming for this client. See  https://github.com/yt-dlp/yt-dlp/issues/12482  for more details
WARNING: [youtube] eFUB_jL_XcM: Some web client https formats have been skipped as they are missing a url. YouTube is forcing SABR streaming for this client. See  https://github.com/yt-dlp/yt-dlp/issues/12482  for more details
WARNING: [youtube] eXa2ndhmatI: Some web client https formats have been skipped as they are missing a url. YouTube is forcing SABR streaming for this client. See  https://github.com/yt-dlp/yt-dlp/issues/12482  for more details
WARNING: [youtube] D4QyStJWgCc: Some web client https formats have been skipped as they are missing a url. YouTube is forcing SABR streaming for this client. See  https://github.com/yt-dlp/yt-dlp/issues/12482  for more details
Deprecated Feature: Support for Python version 3.9 has been deprecated. Please update to Python 3.10 or above
WARNING: [youtube] 5aS-8QCRdGE: Some web client https formats have been skipped as they are missing a url. YouTube is forcing SABR streaming for this client. See  https://github.com/yt-dlp/yt-dlp/issues/12482  for more details
WARNING: [youtube] Hc0aqOEU2w8: Some web client https formats have been skipped as they are missing a url. YouTube is forcing SABR streaming for this client. See  https://github.com/yt-dlp/yt-dlp/issues/12482  for more details
WARNING: [youtube] eFUB_jL_XcM: Some web client https formats have been skipped as they are missing a url. YouTube is forcing SABR streaming for this client. See  https://github.com/yt-dlp/yt-dlp/issues/12482  for more details
WARNING: [youtube] eXa2ndhmatI: Some web client https formats have been skipped as they are missing a url. YouTube is forcing SABR streaming for this client. See  https://github.com/yt-dlp/yt-dlp/issues/12482  for more details
WARNING: [youtube] D4QyStJWgCc: Some web client https formats have been skipped as they are missing a url. YouTube is forcing SABR streaming for this client. See  https://github.com/yt-dlp/yt-dlp/issues/12482  for more details
/Users/vincentnie/Library/Python/3.9/lib/python/site-packages/urllib3/__init__.py:35: NotOpenSSLWarning: urllib3 v2 only supports OpenSSL 1.1.1+, currently the 'ssl' module is compiled with 'LibreSSL 2.8.3'. See: https://github.com/urllib3/urllib3/issues/3020
  warnings.warn(
2026-04-22 06:01:04,861 [INFO] [generate_summary] 输入长度: 235, max_words: 200
2026-04-22 06:01:17,623 [INFO] [MiniMax] 请求状态: 200, attempt=1
2026-04-22 06:01:17,623 [INFO] [MiniMax] 成功, 输出长度: 1258
2026-04-22 06:01:17,626 [INFO] [generate_summary] MiniMax状态: SUCCESS, 输出: A giant US‑stock exchange‑traded fund (ETF) moved 
2026-04-22 06:01:17,626 [INFO] [generate_news_summary] status=SUCCESS, len=1258
2026-04-22 06:01:18,769 [INFO] [generate_summary] 输入长度: 190, max_words: 200
2026-04-22 06:01:34,752 [INFO] [MiniMax] 请求状态: 200, attempt=1
2026-04-22 06:01:34,752 [INFO] [MiniMax] 成功, 输出长度: 1299
2026-04-22 06:01:34,755 [INFO] [generate_summary] MiniMax状态: SUCCESS, 输出: Bond traders are increasingly wagering that market
2026-04-22 06:01:34,755 [INFO] [generate_news_summary] status=SUCCESS, len=1299
2026-04-22 06:01:35,813 [INFO] [generate_summary] 输入长度: 271, max_words: 200
2026-04-22 06:01:48,798 [INFO] [MiniMax] 请求状态: 200, attempt=1
2026-04-22 06:01:48,798 [INFO] [MiniMax] 成功, 输出长度: 1353
2026-04-22 06:01:48,800 [INFO] [generate_summary] MiniMax状态: SUCCESS, 输出: U.S. equity markets fell for the second straight s
2026-04-22 06:01:48,800 [INFO] [generate_news_summary] status=SUCCESS, len=1353
2026-04-22 06:01:49,950 [INFO] [generate_summary] 输入长度: 296, max_words: 200
2026-04-22 06:02:04,939 [INFO] [MiniMax] 请求状态: 200, attempt=1
2026-04-22 06:02:04,941 [INFO] [MiniMax] 成功, 输出长度: 1225
2026-04-22 06:02:04,944 [INFO] [generate_summary] MiniMax状态: SUCCESS, 输出: Deutsche Telekom AG is evaluating a potential full
2026-04-22 06:02:04,944 [INFO] [generate_news_summary] status=SUCCESS, len=1225
2026-04-22 06:02:06,032 [INFO] [generate_summary] 输入长度: 424, max_words: 200
2026-04-22 06:02:19,946 [INFO] [MiniMax] 请求状态: 200, attempt=1
2026-04-22 06:02:19,947 [INFO] [MiniMax] 成功, 输出长度: 1202
2026-04-22 06:02:19,949 [INFO] [generate_summary] MiniMax状态: SUCCESS, 输出: US natural‑gas futures rose for the fifth straight
2026-04-22 06:02:19,949 [INFO] [generate_news_summary] status=SUCCESS, len=1202
2026-04-22 06:02:21,092 [INFO] [generate_summary] 输入长度: 241, max_words: 200
2026-04-22 06:02:59,096 [INFO] [MiniMax] 请求状态: 200, attempt=1
2026-04-22 06:02:59,098 [INFO] [MiniMax] 成功, 输出长度: 8097
2026-04-22 06:02:59,101 [INFO] [generate_summary] MiniMax状态: SUCCESS, 输出: The user asks: "Summarize in about 200 words: Bair
2026-04-22 06:02:59,101 [INFO] [generate_news_summary] status=SUCCESS, len=8097
2026-04-22 06:03:00,206 [INFO] [generate_summary] 输入长度: 498, max_words: 200
2026-04-22 06:03:12,079 [INFO] [MiniMax] 请求状态: 200, attempt=1
2026-04-22 06:03:12,079 [INFO] [MiniMax] 成功, 输出长度: 1158
2026-04-22 06:03:12,082 [INFO] [generate_summary] MiniMax状态: SUCCESS, 输出: Kevin Warsh, President Biden’s nominee to lead the
2026-04-22 06:03:12,082 [INFO] [generate_news_summary] status=SUCCESS, len=1158
2026-04-22 06:03:13,230 [INFO] [generate_summary] 输入长度: 200, max_words: 200
2026-04-22 06:03:28,598 [INFO] [MiniMax] 请求状态: 200, attempt=1
2026-04-22 06:03:28,599 [INFO] [MiniMax] 成功, 输出长度: 1169
2026-04-22 06:03:28,601 [INFO] [generate_summary] MiniMax状态: SUCCESS, 输出: Paraguay’s central bank kept its benchmark interes
2026-04-22 06:03:28,601 [INFO] [generate_news_summary] status=SUCCESS, len=1169
2026-04-22 06:03:29,656 [INFO] [generate_summary] 输入长度: 159, max_words: 200
2026-04-22 06:03:47,644 [INFO] [MiniMax] 请求状态: 200, attempt=1
2026-04-22 06:03:47,645 [INFO] [MiniMax] 成功, 输出长度: 1341
2026-04-22 06:03:47,647 [INFO] [generate_summary] MiniMax状态: SUCCESS, 输出: Jerome “Kevin” Warsh, a former Federal Reserve gov
2026-04-22 06:03:47,647 [INFO] [generate_news_summary] status=SUCCESS, len=1341
2026-04-22 06:03:48,795 [INFO] [generate_summary] 输入长度: 435, max_words: 200
2026-04-22 06:04:07,926 [INFO] [MiniMax] 请求状态: 200, attempt=1
2026-04-22 06:04:07,927 [INFO] [MiniMax] 成功, 输出长度: 1444
2026-04-22 06:04:07,929 [INFO] [generate_summary] MiniMax状态: SUCCESS, 输出: The authors propose that transcranial focused ultr
2026-04-22 06:04:07,929 [INFO] [generate_news_summary] status=SUCCESS, len=1444
2026-04-22 06:04:09,049 [INFO] [generate_summary] 输入长度: 257, max_words: 200
2026-04-22 06:04:24,203 [INFO] [MiniMax] 请求状态: 200, attempt=1
2026-04-22 06:04:24,204 [INFO] [MiniMax] 成功, 输出长度: 1197
2026-04-22 06:04:24,206 [INFO] [generate_summary] MiniMax状态: SUCCESS, 输出: Gold posted its steepest one‑day loss in more than
2026-04-22 06:04:24,207 [INFO] [generate_news_summary] status=SUCCESS, len=1197
2026-04-22 06:04:25,346 [INFO] [generate_summary] 输入长度: 263, max_words: 200
2026-04-22 06:04:36,798 [INFO] [MiniMax] 请求状态: 200, attempt=1
2026-04-22 06:04:36,799 [INFO] [MiniMax] 成功, 输出长度: 1165
2026-04-22 06:04:36,801 [INFO] [generate_summary] MiniMax状态: SUCCESS, 输出: Oil and gas markets experienced sharp swings in po
2026-04-22 06:04:36,801 [INFO] [generate_news_summary] status=SUCCESS, len=1165
2026-04-22 06:04:37,952 [INFO] [generate_summary] 输入长度: 193, max_words: 200
2026-04-22 06:05:11,393 [INFO] [MiniMax] 请求状态: 200, attempt=1
2026-04-22 06:05:11,395 [INFO] [MiniMax] 成功, 输出长度: 8046
2026-04-22 06:05:11,397 [INFO] [generate_summary] MiniMax状态: SUCCESS, 输出: The user asks: "Summarize in about 200 words: Trum
2026-04-22 06:05:11,397 [INFO] [generate_news_summary] status=SUCCESS, len=8046
2026-04-22 06:05:12,544 [INFO] [generate_summary] 输入长度: 635, max_words: 200
2026-04-22 06:05:28,041 [INFO] [MiniMax] 请求状态: 200, attempt=1
2026-04-22 06:05:28,041 [INFO] [MiniMax] 成功, 输出长度: 1467
2026-04-22 06:05:28,042 [INFO] [generate_summary] MiniMax状态: SUCCESS, 输出: OpenAI has released ChatGPT Images 2.0, a major up
2026-04-22 06:05:28,042 [INFO] [generate_news_summary] status=SUCCESS, len=1467
2026-04-22 06:05:29,190 [INFO] [generate_summary] 输入长度: 540, max_words: 200
2026-04-22 06:05:45,743 [INFO] [MiniMax] 请求状态: 200, attempt=1
2026-04-22 06:05:45,744 [INFO] [MiniMax] 成功, 输出长度: 354
2026-04-22 06:05:45,746 [INFO] [generate_summary] MiniMax状态: SUCCESS, 输出: 奇世智能（CheeChips）近日完成天使轮融资，聚焦AI+母婴智能硬件生态。融资额近半用于技术研发
2026-04-22 06:05:45,747 [INFO] [generate_news_summary] status=SUCCESS, len=354
2026-04-22 06:05:46,872 [INFO] [generate_summary] 输入长度: 532, max_words: 200
2026-04-22 06:06:15,537 [INFO] [MiniMax] 请求状态: 200, attempt=1
2026-04-22 06:06:15,538 [INFO] [MiniMax] 成功, 输出长度: 4802
2026-04-22 06:06:15,541 [INFO] [generate_summary] MiniMax状态: SUCCESS, 输出: The user asks: "Summarize in about 200 words: Pett
2026-04-22 06:06:15,541 [INFO] [generate_news_summary] status=SUCCESS, len=4802
2026-04-22 06:06:16,679 [INFO] [generate_summary] 输入长度: 202, max_words: 200
2026-04-22 06:06:30,294 [INFO] [MiniMax] 请求状态: 200, attempt=1
2026-04-22 06:06:30,295 [INFO] [MiniMax] 成功, 输出长度: 1372
2026-04-22 06:06:30,297 [INFO] [generate_summary] MiniMax状态: SUCCESS, 输出: The Iran conflict has thrown global oil markets in
2026-04-22 06:06:30,297 [INFO] [generate_news_summary] status=SUCCESS, len=1372
2026-04-22 06:06:31,393 [INFO] [generate_summary] 输入长度: 291, max_words: 200
2026-04-22 06:06:45,637 [INFO] [MiniMax] 请求状态: 200, attempt=1
2026-04-22 06:06:45,638 [INFO] [MiniMax] 成功, 输出长度: 1205
2026-04-22 06:06:45,640 [INFO] [generate_summary] MiniMax状态: SUCCESS, 输出: The MSCI Emerging Markets Currency Index erased an
2026-04-22 06:06:45,640 [INFO] [generate_news_summary] status=SUCCESS, len=1205
2026-04-22 06:06:46,771 [INFO] [generate_summary] 输入长度: 238, max_words: 200
2026-04-22 06:07:10,538 [INFO] [MiniMax] 请求状态: 200, attempt=1
2026-04-22 06:07:10,538 [INFO] [MiniMax] 成功, 输出长度: 1150
2026-04-22 06:07:10,541 [INFO] [generate_summary] MiniMax状态: SUCCESS, 输出: U.S. Treasury markets gave up early gains and edge
2026-04-22 06:07:10,541 [INFO] [generate_news_summary] status=SUCCESS, len=1150
2026-04-22 06:07:11,668 [INFO] [generate_summary] 输入长度: 282, max_words: 200
2026-04-22 06:07:23,540 [INFO] [MiniMax] 请求状态: 200, attempt=1
2026-04-22 06:07:23,541 [INFO] [MiniMax] 成功, 输出长度: 1158
2026-04-22 06:07:23,543 [INFO] [generate_summary] MiniMax状态: SUCCESS, 输出: President Donald Trump announced on social media t
2026-04-22 06:07:23,543 [INFO] [generate_news_summary] status=SUCCESS, len=1158
2026-04-22 06:07:24,686 [INFO] [generate_summary] 输入长度: 295, max_words: 200
2026-04-22 06:07:41,043 [INFO] [MiniMax] 请求状态: 200, attempt=1
2026-04-22 06:07:41,044 [INFO] [MiniMax] 成功, 输出长度: 1137
2026-04-22 06:07:41,046 [INFO] [generate_summary] MiniMax状态: SUCCESS, 输出: Oil traders warn that the “billion‑barrel” supply 
2026-04-22 06:07:41,046 [INFO] [generate_news_summary] status=SUCCESS, len=1137
2026-04-22 06:07:42,150 [INFO] [generate_summary] 输入长度: 339, max_words: 200
2026-04-22 06:08:13,473 [INFO] [MiniMax] 请求状态: 200, attempt=1
2026-04-22 06:08:13,475 [INFO] [MiniMax] 成功, 输出长度: 6859
2026-04-22 06:08:13,477 [INFO] [generate_summary] MiniMax状态: SUCCESS, 输出: The user asks: "Summarize in about 200 words: Tern
2026-04-22 06:08:13,477 [INFO] [generate_news_summary] status=SUCCESS, len=6859
2026-04-22 06:08:14,626 [INFO] [generate_summary] 输入长度: 121, max_words: 200
2026-04-22 06:08:30,562 [INFO] [MiniMax] 请求状态: 200, attempt=1
2026-04-22 06:08:30,563 [INFO] [MiniMax] 成功, 输出长度: 1313
2026-04-22 06:08:30,565 [INFO] [generate_summary] MiniMax状态: SUCCESS, 输出: President Trump announced an extension of the U.S.
2026-04-22 06:08:30,565 [INFO] [generate_news_summary] status=SUCCESS, len=1313
2026-04-22 06:08:31,713 [INFO] [generate_summary] 输入长度: 108, max_words: 200
2026-04-22 06:08:44,336 [INFO] [MiniMax] 请求状态: 200, attempt=1
2026-04-22 06:08:44,336 [INFO] [MiniMax] 成功, 输出长度: 1417
2026-04-22 06:08:44,338 [INFO] [generate_summary] MiniMax状态: SUCCESS, 输出: In recent weeks a fleet of dozens of oil tankers h
2026-04-22 06:08:44,339 [INFO] [generate_news_summary] status=SUCCESS, len=1417
2026-04-22 06:08:45,489 [INFO] [generate_summary] 输入长度: 520, max_words: 200
2026-04-22 06:09:14,764 [INFO] [MiniMax] 请求状态: 200, attempt=1
2026-04-22 06:09:14,765 [INFO] [MiniMax] 成功, 输出长度: 8483
2026-04-22 06:09:14,767 [INFO] [generate_summary] MiniMax状态: SUCCESS, 输出: The user asks: "Summarize in about 200 words: Taiw
2026-04-22 06:09:14,768 [INFO] [generate_news_summary] status=SUCCESS, len=8483
2026-04-22 06:09:15,916 [INFO] [generate_summary] 输入长度: 590, max_words: 200
2026-04-22 06:09:50,288 [INFO] [MiniMax] 请求状态: 200, attempt=1
2026-04-22 06:09:50,290 [INFO] [MiniMax] 成功, 输出长度: 8837
2026-04-22 06:09:50,292 [INFO] [generate_summary] MiniMax状态: SUCCESS, 输出: The user asks: "Summarize in about 200 words: Timo
2026-04-22 06:09:50,292 [INFO] [generate_news_summary] status=SUCCESS, len=8837
2026-04-22 06:09:51,421 [INFO] [generate_summary] 输入长度: 408, max_words: 200
2026-04-22 06:10:12,463 [INFO] [MiniMax] 请求状态: 200, attempt=1
2026-04-22 06:10:12,464 [INFO] [MiniMax] 成功, 输出长度: 1475
2026-04-22 06:10:12,466 [INFO] [generate_summary] MiniMax状态: SUCCESS, 输出: Around 2.3 billion years ago the Great Oxidation E
2026-04-22 06:10:12,466 [INFO] [generate_news_summary] status=SUCCESS, len=1475
2026-04-22 06:10:13,612 [INFO] [generate_summary] 输入长度: 363, max_words: 200
2026-04-22 06:10:33,698 [INFO] [MiniMax] 请求状态: 200, attempt=1
2026-04-22 06:10:33,699 [INFO] [MiniMax] 成功, 输出长度: 1384
2026-04-22 06:10:33,701 [INFO] [generate_summary] MiniMax状态: SUCCESS, 输出: Researchers at MIT, led by Giuseppe Romano of the 
2026-04-22 06:10:33,701 [INFO] [generate_news_summary] status=SUCCESS, len=1384
2026-04-22 06:10:34,846 [INFO] [generate_summary] 输入长度: 166, max_words: 200
2026-04-22 06:11:17,117 [INFO] [MiniMax] 请求状态: 200, attempt=1
2026-04-22 06:11:17,118 [INFO] [MiniMax] 成功, 输出长度: 1082
2026-04-22 06:11:17,120 [INFO] [generate_summary] MiniMax状态: SUCCESS, 输出: A Republican senator from North Carolina who is ab
2026-04-22 06:11:17,121 [INFO] [generate_news_summary] status=SUCCESS, len=1082
2026-04-22 06:11:18,254 [INFO] [generate_summary] 输入长度: 655, max_words: 200
2026-04-22 06:11:31,025 [INFO] [MiniMax] 请求状态: 200, attempt=1
2026-04-22 06:11:31,026 [INFO] [MiniMax] 成功, 输出长度: 1268
2026-04-22 06:11:31,028 [INFO] [generate_summary] MiniMax状态: SUCCESS, 输出: The federal government is planning to redirect sav
2026-04-22 06:11:31,028 [INFO] [generate_news_summary] status=SUCCESS, len=1268
2026-04-22 06:11:32,098 [INFO] [generate_summary] 输入长度: 351, max_words: 200
2026-04-22 06:11:43,535 [INFO] [MiniMax] 请求状态: 200, attempt=1
2026-04-22 06:11:43,536 [INFO] [MiniMax] 成功, 输出长度: 1364
2026-04-22 06:11:43,538 [INFO] [generate_summary] MiniMax状态: SUCCESS, 输出: Beijing warned it would “fight back” after Taiwan’
2026-04-22 06:11:43,538 [INFO] [generate_news_summary] status=SUCCESS, len=1364
2026-04-22 06:11:44,621 [INFO] [generate_summary] 输入长度: 530, max_words: 200
2026-04-22 06:12:11,039 [INFO] [MiniMax] 请求状态: 200, attempt=1
2026-04-22 06:12:11,040 [INFO] [MiniMax] 成功, 输出长度: 4141
2026-04-22 06:12:11,042 [INFO] [generate_summary] MiniMax状态: SUCCESS, 输出: The user asks: "Summarize in about 200 words: 智能锂电
2026-04-22 06:12:11,042 [INFO] [generate_news_summary] status=SUCCESS, len=4141
2026-04-22 06:12:12,191 [INFO] [generate_summary] 输入长度: 545, max_words: 200
2026-04-22 06:12:39,938 [INFO] [MiniMax] 请求状态: 200, attempt=1
2026-04-22 06:12:39,940 [INFO] [MiniMax] 成功, 输出长度: 5012
2026-04-22 06:12:39,942 [INFO] [generate_summary] MiniMax状态: SUCCESS, 输出: We need to summarize in about 200 words the given 
2026-04-22 06:12:39,942 [INFO] [generate_news_summary] status=SUCCESS, len=5012
2026-04-22 06:12:41,093 [INFO] [generate_summary] 输入长度: 255, max_words: 200
2026-04-22 06:12:52,859 [INFO] [MiniMax] 请求状态: 200, attempt=1
2026-04-22 06:12:52,859 [INFO] [MiniMax] 成功, 输出长度: 1364
2026-04-22 06:12:52,861 [INFO] [generate_summary] MiniMax状态: SUCCESS, 输出: Vanguard has stepped up its purchase of U.S. Treas
2026-04-22 06:12:52,861 [INFO] [generate_news_summary] status=SUCCESS, len=1364
2026-04-22 06:12:53,913 [INFO] [generate_summary] 输入长度: 239, max_words: 200
2026-04-22 06:13:06,376 [INFO] [MiniMax] 请求状态: 200, attempt=1
2026-04-22 06:13:06,377 [INFO] [MiniMax] 成功, 输出长度: 1498
2026-04-22 06:13:06,379 [INFO] [generate_summary] MiniMax状态: SUCCESS, 输出: Switch Inc. has secured $2.6 billion in bank commi
2026-04-22 06:13:06,379 [INFO] [generate_news_summary] status=SUCCESS, len=1498
2026-04-22 06:13:07,530 [INFO] [generate_summary] 输入长度: 243, max_words: 200
2026-04-22 06:13:35,664 [INFO] [MiniMax] 请求状态: 200, attempt=1
2026-04-22 06:13:35,666 [INFO] [MiniMax] 成功, 输出长度: 7664
2026-04-22 06:13:35,668 [INFO] [generate_summary] MiniMax状态: SUCCESS, 输出: The user asks: "Summarize in about 200 words: Mark
2026-04-22 06:13:35,668 [INFO] [generate_news_summary] status=SUCCESS, len=7664
2026-04-22 06:13:36,813 [INFO] [generate_summary] 输入长度: 181, max_words: 200
2026-04-22 06:13:48,118 [INFO] [MiniMax] 请求状态: 200, attempt=1
2026-04-22 06:13:48,118 [INFO] [MiniMax] 成功, 输出长度: 1185
2026-04-22 06:13:48,121 [INFO] [generate_summary] MiniMax状态: SUCCESS, 输出: Home Depot is shifting its focus to professional c
2026-04-22 06:13:48,121 [INFO] [generate_news_summary] status=SUCCESS, len=1185
2026-04-22 06:13:49,250 [INFO] [generate_summary] 输入长度: 134, max_words: 200
2026-04-22 06:14:08,798 [INFO] [MiniMax] 请求状态: 200, attempt=1
2026-04-22 06:14:08,799 [INFO] [MiniMax] 成功, 输出长度: 1256
2026-04-22 06:14:08,801 [INFO] [generate_summary] MiniMax状态: SUCCESS, 输出: Britain’s prime minister is under fire for governi
2026-04-22 06:14:08,801 [INFO] [generate_news_summary] status=SUCCESS, len=1256
2026-04-22 06:14:09,937 [INFO] [generate_summary] 输入长度: 179, max_words: 200
2026-04-22 06:14:24,098 [INFO] [MiniMax] 请求状态: 200, attempt=1
2026-04-22 06:14:24,098 [INFO] [MiniMax] 成功, 输出长度: 1516
2026-04-22 06:14:24,101 [INFO] [generate_summary] MiniMax状态: SUCCESS, 输出: JetBlue is facing mounting pressure from U.S. lawm
2026-04-22 06:14:24,101 [INFO] [generate_news_summary] status=SUCCESS, len=1516
2026-04-22 06:14:25,179 [INFO] [generate_summary] 输入长度: 118, max_words: 200
2026-04-22 06:14:38,436 [INFO] [MiniMax] 请求状态: 200, attempt=1
2026-04-22 06:14:38,436 [INFO] [MiniMax] 成功, 输出长度: 1372
2026-04-22 06:14:38,438 [INFO] [generate_summary] MiniMax状态: SUCCESS, 输出: Apple is reportedly weighing whether “Ternus” – a 
2026-04-22 06:14:38,439 [INFO] [generate_news_summary] status=SUCCESS, len=1372
2026-04-22 06:14:39,457 [INFO] [generate_summary] 输入长度: 186, max_words: 200
2026-04-22 06:14:55,169 [INFO] [MiniMax] 请求状态: 200, attempt=1
2026-04-22 06:14:55,169 [INFO] [MiniMax] 成功, 输出长度: 1347
2026-04-22 06:14:55,172 [INFO] [generate_summary] MiniMax状态: SUCCESS, 输出: Iran is experiencing a wave of mass redundancies d
2026-04-22 06:14:55,172 [INFO] [generate_news_summary] status=SUCCESS, len=1347
2026-04-22 06:14:56,294 [INFO] [generate_summary] 输入长度: 211, max_words: 200
2026-04-22 06:15:10,448 [INFO] [MiniMax] 请求状态: 200, attempt=1
2026-04-22 06:15:10,448 [INFO] [MiniMax] 成功, 输出长度: 1106
2026-04-22 06:15:10,451 [INFO] [generate_summary] MiniMax状态: SUCCESS, 输出: The Senate Banking Committee’s confirmation hearin
2026-04-22 06:15:10,451 [INFO] [generate_news_summary] status=SUCCESS, len=1106
2026-04-22 06:15:11,574 [INFO] [generate_summary] 输入长度: 603, max_words: 200
2026-04-22 06:15:23,811 [INFO] [MiniMax] 请求状态: 200, attempt=1
2026-04-22 06:15:23,811 [INFO] [MiniMax] 成功, 输出长度: 1330
2026-04-22 06:15:23,814 [INFO] [generate_summary] MiniMax状态: SUCCESS, 输出: The United States has partially curtailed intellig
2026-04-22 06:15:23,814 [INFO] [generate_news_summary] status=SUCCESS, len=1330
2026-04-22 06:15:24,938 [INFO] [generate_summary] 输入长度: 594, max_words: 200
2026-04-22 06:15:35,846 [INFO] [MiniMax] 请求状态: 200, attempt=1
2026-04-22 06:15:35,847 [INFO] [MiniMax] 成功, 输出长度: 911
2026-04-22 06:15:35,849 [INFO] [generate_summary] MiniMax状态: SUCCESS, 输出: Michael Thorn, an Uber driver in Australia, was pu
2026-04-22 06:15:35,849 [INFO] [generate_news_summary] status=SUCCESS, len=911
2026-04-22 06:15:36,995 [INFO] [generate_summary] 输入长度: 605, max_words: 200
2026-04-22 06:15:59,944 [INFO] [MiniMax] 请求状态: 200, attempt=1
2026-04-22 06:15:59,945 [INFO] [MiniMax] 成功, 输出长度: 1069
2026-04-22 06:15:59,947 [INFO] [generate_summary] MiniMax状态: SUCCESS, 输出: The gun users’ group is focusing on marginal Labor
2026-04-22 06:15:59,947 [INFO] [generate_news_summary] status=SUCCESS, len=1069
2026-04-22 06:16:00,953 [INFO] [generate_summary] 输入长度: 430, max_words: 200
2026-04-22 06:16:08,648 [INFO] [MiniMax] 请求状态: 200, attempt=1
2026-04-22 06:16:08,649 [INFO] [MiniMax] 成功, 输出长度: 981
2026-04-22 06:16:08,651 [INFO] [generate_summary] MiniMax状态: SUCCESS, 输出: A naturally occurring protein may help shield the 
2026-04-22 06:16:08,651 [INFO] [generate_news_summary] status=SUCCESS, len=981
2026-04-22 06:16:09,758 [INFO] [generate_summary] 输入长度: 381, max_words: 200
2026-04-22 06:16:25,095 [INFO] [MiniMax] 请求状态: 200, attempt=1
2026-04-22 06:16:25,095 [INFO] [MiniMax] 成功, 输出长度: 1227
2026-04-22 06:16:25,098 [INFO] [generate_summary] MiniMax状态: SUCCESS, 输出: Summarizing the key points:  
The United States an
2026-04-22 06:16:25,098 [INFO] [generate_news_summary] status=SUCCESS, len=1227
2026-04-22 06:16:26,221 [INFO] [generate_summary] 输入长度: 400, max_words: 200
2026-04-22 06:16:54,802 [INFO] [MiniMax] 请求状态: 200, attempt=1
2026-04-22 06:16:54,803 [INFO] [MiniMax] 成功, 输出长度: 1488
2026-04-22 06:16:54,805 [INFO] [generate_summary] MiniMax状态: SUCCESS, 输出: MIT Press has released two recent books that captu
2026-04-22 06:16:54,806 [INFO] [generate_news_summary] status=SUCCESS, len=1488
2026-04-22 06:16:55,933 [INFO] [generate_summary] 输入长度: 343, max_words: 200
2026-04-22 06:17:15,207 [INFO] [MiniMax] 请求状态: 200, attempt=1
2026-04-22 06:17:15,208 [INFO] [MiniMax] 成功, 输出长度: 1354
2026-04-22 06:17:15,209 [INFO] [generate_summary] MiniMax状态: SUCCESS, 输出: AI at MIT has become ubiquitous—so much so that yo
2026-04-22 06:17:15,210 [INFO] [generate_news_summary] status=SUCCESS, len=1354
2026-04-22 06:17:16,360 [INFO] [generate_summary] 输入长度: 228, max_words: 200
2026-04-22 06:17:54,357 [INFO] [MiniMax] 请求状态: 200, attempt=1
2026-04-22 06:17:54,359 [INFO] [MiniMax] 成功, 输出长度: 9468
2026-04-22 06:17:54,361 [INFO] [generate_summary] MiniMax状态: SUCCESS, 输出: The user asks: "Summarize in about 200 words: Open
2026-04-22 06:17:54,361 [INFO] [generate_news_summary] status=SUCCESS, len=9468
2026-04-22 06:17:55,457 [INFO] [generate_summary] 输入长度: 164, max_words: 200
2026-04-22 06:18:14,364 [INFO] [MiniMax] 请求状态: 200, attempt=1
2026-04-22 06:18:14,365 [INFO] [MiniMax] 成功, 输出长度: 1261
2026-04-22 06:18:14,367 [INFO] [generate_summary] MiniMax状态: SUCCESS, 输出: **Summary**

The H2O Audio Tri Run bone‑conduction
2026-04-22 06:18:14,367 [INFO] [generate_news_summary] status=SUCCESS, len=1261
2026-04-22 06:18:15,514 [INFO] [generate_summary] 输入长度: 598, max_words: 200
2026-04-22 06:18:28,533 [INFO] [MiniMax] 请求状态: 200, attempt=1
2026-04-22 06:18:28,534 [INFO] [MiniMax] 成功, 输出长度: 1105
2026-04-22 06:18:28,536 [INFO] [generate_summary] MiniMax状态: SUCCESS, 输出: Google unveiled a major update to its autonomous r
2026-04-22 06:18:28,536 [INFO] [generate_news_summary] status=SUCCESS, len=1105
2026-04-22 06:18:29,644 [INFO] [generate_summary] 输入长度: 589, max_words: 200
2026-04-22 06:18:42,881 [INFO] [MiniMax] 请求状态: 200, attempt=1
2026-04-22 06:18:42,881 [INFO] [MiniMax] 成功, 输出长度: 1263
2026-04-22 06:18:42,883 [INFO] [generate_summary] MiniMax状态: SUCCESS, 输出: Vercel, the cloud platform that powers Next.js and
2026-04-22 06:18:42,883 [INFO] [generate_news_summary] status=SUCCESS, len=1263
2026-04-22 06:18:44,030 [INFO] [generate_summary] 输入长度: 585, max_words: 200
2026-04-22 06:19:11,587 [INFO] [MiniMax] 请求状态: 200, attempt=1
2026-04-22 06:19:11,588 [INFO] [MiniMax] 成功, 输出长度: 1534
2026-04-22 06:19:11,590 [INFO] [generate_summary] MiniMax状态: SUCCESS, 输出: Kimi K2.6’s ability to keep AI agents active for d
2026-04-22 06:19:11,590 [INFO] [generate_news_summary] status=SUCCESS, len=1534
2026-04-22 06:19:12,730 [INFO] [generate_summary] 输入长度: 612, max_words: 200
2026-04-22 06:19:23,292 [INFO] [MiniMax] 请求状态: 200, attempt=1
2026-04-22 06:19:23,292 [INFO] [MiniMax] 成功, 输出长度: 1288
2026-04-22 06:19:23,295 [INFO] [generate_summary] MiniMax状态: SUCCESS, 输出: A single prompt‑injection test exposed a critical 
2026-04-22 06:19:23,295 [INFO] [generate_news_summary] status=SUCCESS, len=1288
2026-04-22 06:19:24,395 [INFO] [generate_summary] 输入长度: 543, max_words: 200
2026-04-22 06:19:52,861 [INFO] [MiniMax] 请求状态: 200, attempt=1
2026-04-22 06:19:52,863 [INFO] [MiniMax] 成功, 输出长度: 5109
2026-04-22 06:19:52,865 [INFO] [generate_summary] MiniMax状态: SUCCESS, 输出: The user asks: "Summarize in about 200 words: 专访Ei
2026-04-22 06:19:52,865 [INFO] [generate_news_summary] status=SUCCESS, len=5109
2026-04-22 06:19:53,993 [INFO] [generate_summary] 输入长度: 165, max_words: 200
/Users/vincentnie/Library/Python/3.9/lib/python/site-packages/urllib3/__init__.py:35: NotOpenSSLWarning: urllib3 v2 only supports OpenSSL 1.1.1+, currently the 'ssl' module is compiled with 'LibreSSL 2.8.3'. See: https://github.com/urllib3/urllib3/issues/3020
  warnings.warn(
/Users/vincentnie/Library/Python/3.9/lib/python/site-packages/urllib3/connectionpool.py:1097: InsecureRequestWarning: Unverified HTTPS request is being made to host '127.0.0.1'. Adding certificate verification is strongly advised. See: https://urllib3.readthedocs.io/en/latest/advanced-usage.html#tls-warnings
  warnings.warn(
/Users/vincentnie/Library/Python/3.9/lib/python/site-packages/urllib3/connectionpool.py:1097: InsecureRequestWarning: Unverified HTTPS request is being made to host '127.0.0.1'. Adding certificate verification is strongly advised. See: https://urllib3.readthedocs.io/en/latest/advanced-usage.html#tls-warnings
  warnings.warn(
/Users/vincentnie/Library/Python/3.9/lib/python/site-packages/urllib3/connectionpool.py:1097: InsecureRequestWarning: Unverified HTTPS request is being made to host '127.0.0.1'. Adding certificate verification is strongly advised. See: https://urllib3.readthedocs.io/en/latest/advanced-usage.html#tls-warnings
  warnings.warn(
/Users/vincentnie/Library/Python/3.9/lib/python/site-packages/urllib3/connectionpool.py:1097: InsecureRequestWarning: Unverified HTTPS request is being made to host '127.0.0.1'. Adding certificate verification is strongly advised. See: https://urllib3.readthedocs.io/en/latest/advanced-usage.html#tls-warnings
  warnings.warn(
/Users/vincentnie/Library/Python/3.9/lib/python/site-packages/urllib3/connectionpool.py:1097: InsecureRequestWarning: Unverified HTTPS request is being made to host '127.0.0.1'. Adding certificate verification is strongly advised. See: https://urllib3.readthedocs.io/en/latest/advanced-usage.html#tls-warnings
  warnings.warn(
/Users/vincentnie/Library/Python/3.9/lib/python/site-packages/urllib3/connectionpool.py:1097: InsecureRequestWarning: Unverified HTTPS request is being made to host '127.0.0.1'. Adding certificate verification is strongly advised. See: https://urllib3.readthedocs.io/en/latest/advanced-usage.html#tls-warnings
  warnings.warn(
/Users/vincentnie/Library/Python/3.9/lib/python/site-packages/urllib3/connectionpool.py:1097: InsecureRequestWarning: Unverified HTTPS request is being made to host '127.0.0.1'. Adding certificate verification is strongly advised. See: https://urllib3.readthedocs.io/en/latest/advanced-usage.html#tls-warnings
  warnings.warn(
/Users/vincentnie/Library/Python/3.9/lib/python/site-packages/urllib3/connectionpool.py:1097: InsecureRequestWarning: Unverified HTTPS request is being made to host '127.0.0.1'. Adding certificate verification is strongly advised. See: https://urllib3.readthedocs.io/en/latest/advanced-usage.html#tls-warnings
  warnings.warn(
/Users/vincentnie/Library/Python/3.9/lib/python/site-packages/urllib3/connectionpool.py:1097: InsecureRequestWarning: Unverified HTTPS request is being made to host '127.0.0.1'. Adding certificate verification is strongly advised. See: https://urllib3.readthedocs.io/en/latest/advanced-usage.html#tls-warnings
  warnings.warn(
/Users/vincentnie/Library/Python/3.9/lib/python/site-packages/urllib3/connectionpool.py:1097: InsecureRequestWarning: Unverified HTTPS request is being made to host '127.0.0.1'. Adding certificate verification is strongly advised. See: https://urllib3.readthedocs.io/en/latest/advanced-usage.html#tls-warnings
  warnings.warn(
/Users/vincentnie/Library/Python/3.9/lib/python/site-packages/urllib3/connectionpool.py:1097: InsecureRequestWarning: Unverified HTTPS request is being made to host '127.0.0.1'. Adding certificate verification is strongly advised. See: https://urllib3.readthedocs.io/en/latest/advanced-usage.html#tls-warnings
  warnings.warn(
/Users/vincentnie/Library/Python/3.9/lib/python/site-packages/urllib3/__init__.py:35: NotOpenSSLWarning: urllib3 v2 only supports OpenSSL 1.1.1+, currently the 'ssl' module is compiled with 'LibreSSL 2.8.3'. See: https://github.com/urllib3/urllib3/issues/3020
  warnings.warn(
Deprecated Feature: Support for Python version 3.9 has been deprecated. Please update to Python 3.10 or above
WARNING: [youtube] iKx3gAODybU: Some web client https formats have been skipped as they are missing a url. YouTube is forcing SABR streaming for this client. See  https://github.com/yt-dlp/yt-dlp/issues/12482  for more details
WARNING: [youtube] vif8NQcjVf0: Some web client https formats have been skipped as they are missing a url. YouTube is forcing SABR streaming for this client. See  https://github.com/yt-dlp/yt-dlp/issues/12482  for more details
WARNING: [youtube] H9rF1CSSh-w: Some web client https formats have been skipped as they are missing a url. YouTube is forcing SABR streaming for this client. See  https://github.com/yt-dlp/yt-dlp/issues/12482  for more details
WARNING: [youtube] 1SJiTwbSI58: Some web client https formats have been skipped as they are missing a url. YouTube is forcing SABR streaming for this client. See  https://github.com/yt-dlp/yt-dlp/issues/12482  for more details
WARNING: [youtube] KGVpKPNUdzA: Some web client https formats have been skipped as they are missing a url. YouTube is forcing SABR streaming for this client. See  https://github.com/yt-dlp/yt-dlp/issues/12482  for more details
Deprecated Feature: Support for Python version 3.9 has been deprecated. Please update to Python 3.10 or above
WARNING: [youtube] Mjc7vwys1vY: Some web client https formats have been skipped as they are missing a url. YouTube is forcing SABR streaming for this client. See  https://github.com/yt-dlp/yt-dlp/issues/12482  for more details
WARNING: [youtube] IZDJ3jcO5UY: Some web client https formats have been skipped as they are missing a url. YouTube is forcing SABR streaming for this client. See  https://github.com/yt-dlp/yt-dlp/issues/12482  for more details
WARNING: [youtube] yiJOTCRVWjc: Some web client https formats have been skipped as they are missing a url. YouTube is forcing SABR streaming for this client. See  https://github.com/yt-dlp/yt-dlp/issues/12482  for more details
WARNING: [youtube] dvt_74kV-RM: Some web client https formats have been skipped as they are missing a url. YouTube is forcing SABR streaming for this client. See  https://github.com/yt-dlp/yt-dlp/issues/12482  for more details
WARNING: [youtube] oheUsh7VtKY: Some web client https formats have been skipped as they are missing a url. YouTube is forcing SABR streaming for this client. See  https://github.com/yt-dlp/yt-dlp/issues/12482  for more details
Deprecated Feature: Support for Python version 3.9 has been deprecated. Please update to Python 3.10 or above
WARNING: [youtube] SFdqX7IY7RY: Some web client https formats have been skipped as they are missing a url. YouTube is forcing SABR streaming for this client. See  https://github.com/yt-dlp/yt-dlp/issues/12482  for more details
WARNING: [youtube] DVBJQQCjgXU: Some web client https formats have been skipped as they are missing a url. YouTube is forcing SABR streaming for this client. See  https://github.com/yt-dlp/yt-dlp/issues/12482  for more details
WARNING: [youtube] MPAsUZEJHiM: Some web client https formats have been skipped as they are missing a url. YouTube is forcing SABR streaming for this client. See  https://github.com/yt-dlp/yt-dlp/issues/12482  for more details
WARNING: [youtube] mjNP5IOzCbA: Some web client https formats have been skipped as they are missing a url. YouTube is forcing SABR streaming for this client. See  https://github.com/yt-dlp/yt-dlp/issues/12482  for more details
WARNING: [youtube] N-pust8qtGI: Some web client https formats have been skipped as they are missing a url. YouTube is forcing SABR streaming for this client. See  https://github.com/yt-dlp/yt-dlp/issues/12482  for more details
Deprecated Feature: Support for Python version 3.9 has been deprecated. Please update to Python 3.10 or above
WARNING: [youtube] 7RDDsuq0xK0: Some web client https formats have been skipped as they are missing a url. YouTube is forcing SABR streaming for this client. See  https://github.com/yt-dlp/yt-dlp/issues/12482  for more details
WARNING: [youtube] aPriy8Iy040: Some web client https formats have been skipped as they are missing a url. YouTube is forcing SABR streaming for this client. See  https://github.com/yt-dlp/yt-dlp/issues/12482  for more details
WARNING: [youtube] zp87IvWwSsY: Some web client https formats have been skipped as they are missing a url. YouTube is forcing SABR streaming for this client. See  https://github.com/yt-dlp/yt-dlp/issues/12482  for more details
WARNING: [youtube] p6ouOSg3mP0: Some web client https formats have been skipped as they are missing a url. YouTube is forcing SABR streaming for this client. See  https://github.com/yt-dlp/yt-dlp/issues/12482  for more details
WARNING: [youtube] ukWwV5peW14: Some web client https formats have been skipped as they are missing a url. YouTube is forcing SABR streaming for this client. See  https://github.com/yt-dlp/yt-dlp/issues/12482  for more details
Deprecated Feature: Support for Python version 3.9 has been deprecated. Please update to Python 3.10 or above
WARNING: [youtube] pqpH6vvM3oY: Some web client https formats have been skipped as they are missing a url. YouTube is forcing SABR streaming for this client. See  https://github.com/yt-dlp/yt-dlp/issues/12482  for more details
WARNING: [youtube] 3n_UCmbqj1o: Some web client https formats have been skipped as they are missing a url. YouTube is forcing SABR streaming for this client. See  https://github.com/yt-dlp/yt-dlp/issues/12482  for more details
WARNING: [youtube] 8ERSPyiA3aI: Some web client https formats have been skipped as they are missing a url. YouTube is forcing SABR streaming for this client. See  https://github.com/yt-dlp/yt-dlp/issues/12482  for more details
WARNING: [youtube] _vgcmCOrPRw: Some web client https formats have been skipped as they are missing a url. YouTube is forcing SABR streaming for this client. See  https://github.com/yt-dlp/yt-dlp/issues/12482  for more details
WARNING: [youtube] VQxuJ88-AKQ: Some web client https formats have been skipped as they are missing a url. YouTube is forcing SABR streaming for this client. See  https://github.com/yt-dlp/yt-dlp/issues/12482  for more details
Deprecated Feature: Support for Python version 3.9 has been deprecated. Please update to Python 3.10 or above
WARNING: [youtube] 6McT9-EbEPw: Some web client https formats have been skipped as they are missing a url. YouTube is forcing SABR streaming for this client. See  https://github.com/yt-dlp/yt-dlp/issues/12482  for more details
WARNING: [youtube] 6ZqqJZJ8WH4: Some web client https formats have been skipped as they are missing a url. YouTube is forcing SABR streaming for this client. See  https://github.com/yt-dlp/yt-dlp/issues/12482  for more details
WARNING: [youtube] 8ZIeAVrgs4o: Some web client https formats have been skipped as they are missing a url. YouTube is forcing SABR streaming for this client. See  https://github.com/yt-dlp/yt-dlp/issues/12482  for more details
WARNING: [youtube] 7rzYDM6vMtI: Some web client https formats have been skipped as they are missing a url. YouTube is forcing SABR streaming for this client. See  https://github.com/yt-dlp/yt-dlp/issues/12482  for more details
WARNING: [youtube] N1X7vMp9DZ4: Some web client https formats have been skipped as they are missing a url. YouTube is forcing SABR streaming for this client. See  https://github.com/yt-dlp/yt-dlp/issues/12482  for more details
Deprecated Feature: Support for Python version 3.9 has been deprecated. Please update to Python 3.10 or above
WARNING: [youtube] kqj22mWIdjU: Some web client https formats have been skipped as they are missing a url. YouTube is forcing SABR streaming for this client. See  https://github.com/yt-dlp/yt-dlp/issues/12482  for more details
WARNING: [youtube] 7HSSR1n8dgc: Some web client https formats have been skipped as they are missing a url. YouTube is forcing SABR streaming for this client. See  https://github.com/yt-dlp/yt-dlp/issues/12482  for more details
WARNING: [youtube] Lg-meK5IU8Q: Some web client https formats have been skipped as they are missing a url. YouTube is forcing SABR streaming for this client. See  https://github.com/yt-dlp/yt-dlp/issues/12482  for more details
WARNING: [youtube] RNYdP6CYrOw: Some web client https formats have been skipped as they are missing a url. YouTube is forcing SABR streaming for this client. See  https://github.com/yt-dlp/yt-dlp/issues/12482  for more details
WARNING: [youtube] Z_L5KO_GW4o: Some web client https formats have been skipped as they are missing a url. YouTube is forcing SABR streaming for this client. See  https://github.com/yt-dlp/yt-dlp/issues/12482  for more details
Deprecated Feature: Support for Python version 3.9 has been deprecated. Please update to Python 3.10 or above
WARNING: [youtube] JJgwiuu-Axw: Some web client https formats have been skipped as they are missing a url. YouTube is forcing SABR streaming for this client. See  https://github.com/yt-dlp/yt-dlp/issues/12482  for more details
WARNING: [youtube] EcP7bzNAEn0: Some web client https formats have been skipped as they are missing a url. YouTube is forcing SABR streaming for this client. See  https://github.com/yt-dlp/yt-dlp/issues/12482  for more details
WARNING: [youtube] B-73tuAHBo8: Some web client https formats have been skipped as they are missing a url. YouTube is forcing SABR streaming for this client. See  https://github.com/yt-dlp/yt-dlp/issues/12482  for more details
WARNING: [youtube] B4r4t9eIwNI: Some web client https formats have been skipped as they are missing a url. YouTube is forcing SABR streaming for this client. See  https://github.com/yt-dlp/yt-dlp/issues/12482  for more details
WARNING: [youtube] L-RVyipLHQQ: Some web client https formats have been skipped as they are missing a url. YouTube is forcing SABR streaming for this client. See  https://github.com/yt-dlp/yt-dlp/issues/12482  for more details
Deprecated Feature: Support for Python version 3.9 has been deprecated. Please update to Python 3.10 or above
WARNING: [youtube] LVvleNtllPk: Some web client https formats have been skipped as they are missing a url. YouTube is forcing SABR streaming for this client. See  https://github.com/yt-dlp/yt-dlp/issues/12482  for more details
WARNING: [youtube] 5ak26W2YNRY: Some web client https formats have been skipped as they are missing a url. YouTube is forcing SABR streaming for this client. See  https://github.com/yt-dlp/yt-dlp/issues/12482  for more details
WARNING: [youtube] cFI-SqnvQK8: Some web client https formats have been skipped as they are missing a url. YouTube is forcing SABR streaming for this client. See  https://github.com/yt-dlp/yt-dlp/issues/12482  for more details
WARNING: [youtube] Goa6c6Qz__I: Some web client https formats have been skipped as they are missing a url. YouTube is forcing SABR streaming for this client. See  https://github.com/yt-dlp/yt-dlp/issues/12482  for more details
WARNING: [youtube] Mh9yC4j0_rI: Some web client https formats have been skipped as they are missing a url. YouTube is forcing SABR streaming for this client. See  https://github.com/yt-dlp/yt-dlp/issues/12482  for more details
Deprecated Feature: Support for Python version 3.9 has been deprecated. Please update to Python 3.10 or above
WARNING: [youtube] jt5hHb6kzYM: Some web client https formats have been skipped as they are missing a url. YouTube is forcing SABR streaming for this client. See  https://github.com/yt-dlp/yt-dlp/issues/12482  for more details
WARNING: [youtube] EVts3Ui_0AI: Some web client https formats have been skipped as they are missing a url. YouTube is forcing SABR streaming for this client. See  https://github.com/yt-dlp/yt-dlp/issues/12482  for more details
WARNING: [youtube] pDKlaJM_vys: Some web client https formats have been skipped as they are missing a url. YouTube is forcing SABR streaming for this client. See  https://github.com/yt-dlp/yt-dlp/issues/12482  for more details
WARNING: [youtube] 7VxeyTfhBM8: Some web client https formats have been skipped as they are missing a url. YouTube is forcing SABR streaming for this client. See  https://github.com/yt-dlp/yt-dlp/issues/12482  for more details
WARNING: [youtube] PUO51DoSEqk: Some web client https formats have been skipped as they are missing a url. YouTube is forcing SABR streaming for this client. See  https://github.com/yt-dlp/yt-dlp/issues/12482  for more details
Deprecated Feature: Support for Python version 3.9 has been deprecated. Please update to Python 3.10 or above
WARNING: [youtube] c347oYQO57A: Some web client https formats have been skipped as they are missing a url. YouTube is forcing SABR streaming for this client. See  https://github.com/yt-dlp/yt-dlp/issues/12482  for more details
WARNING: [youtube] 5aS-8QCRdGE: Some web client https formats have been skipped as they are missing a url. YouTube is forcing SABR streaming for this client. See  https://github.com/yt-dlp/yt-dlp/issues/12482  for more details
WARNING: [youtube] Hc0aqOEU2w8: Some web client https formats have been skipped as they are missing a url. YouTube is forcing SABR streaming for this client. See  https://github.com/yt-dlp/yt-dlp/issues/12482  for more details
WARNING: [youtube] eFUB_jL_XcM: Some web client https formats have been skipped as they are missing a url. YouTube is forcing SABR streaming for this client. See  https://github.com/yt-dlp/yt-dlp/issues/12482  for more details
WARNING: [youtube] eXa2ndhmatI: Some web client https formats have been skipped as they are missing a url. YouTube is forcing SABR streaming for this client. See  https://github.com/yt-dlp/yt-dlp/issues/12482  for more details
Deprecated Feature: Support for Python version 3.9 has been deprecated. Please update to Python 3.10 or above
WARNING: [youtube] c347oYQO57A: Some web client https formats have been skipped as they are missing a url. YouTube is forcing SABR streaming for this client. See  https://github.com/yt-dlp/yt-dlp/issues/12482  for more details
WARNING: [youtube] 5aS-8QCRdGE: Some web client https formats have been skipped as they are missing a url. YouTube is forcing SABR streaming for this client. See  https://github.com/yt-dlp/yt-dlp/issues/12482  for more details
WARNING: [youtube] Hc0aqOEU2w8: Some web client https formats have been skipped as they are missing a url. YouTube is forcing SABR streaming for this client. See  https://github.com/yt-dlp/yt-dlp/issues/12482  for more details
WARNING: [youtube] eFUB_jL_XcM: Some web client https formats have been skipped as they are missing a url. YouTube is forcing SABR streaming for this client. See  https://github.com/yt-dlp/yt-dlp/issues/12482  for more details
WARNING: [youtube] eXa2ndhmatI: Some web client https formats have been skipped as they are missing a url. YouTube is forcing SABR streaming for this client. See  https://github.com/yt-dlp/yt-dlp/issues/12482  for more details
/Users/vincentnie/Library/Python/3.9/lib/python/site-packages/urllib3/__init__.py:35: NotOpenSSLWarning: urllib3 v2 only supports OpenSSL 1.1.1+, currently the 'ssl' module is compiled with 'LibreSSL 2.8.3'. See: https://github.com/urllib3/urllib3/issues/3020
  warnings.warn(
2026-04-23 04:01:06,105 [INFO] [generate_summary] 输入长度: 251, max_words: 200
2026-04-23 04:01:21,537 [INFO] [MiniMax] 请求状态: 200, attempt=1
2026-04-23 04:01:21,538 [INFO] [MiniMax] 成功, 输出长度: 1222
2026-04-23 04:01:21,540 [INFO] [generate_summary] MiniMax状态: SUCCESS, 输出: European Central Bank chief economist Philip Lane 
2026-04-23 04:01:21,540 [INFO] [generate_news_summary] status=SUCCESS, len=1222
2026-04-23 04:01:22,672 [INFO] [generate_summary] 输入长度: 436, max_words: 200
2026-04-23 04:01:33,110 [INFO] [MiniMax] 请求状态: 200, attempt=1
2026-04-23 04:01:33,111 [INFO] [MiniMax] 成功, 输出长度: 1408
2026-04-23 04:01:33,113 [INFO] [generate_summary] MiniMax状态: SUCCESS, 输出: # Summary: AI and Data Fabric in Enterprise

AI re
2026-04-23 04:01:33,113 [INFO] [generate_news_summary] status=SUCCESS, len=1408
2026-04-23 04:01:34,129 [INFO] [generate_summary] 输入长度: 554, max_words: 200
2026-04-23 04:01:46,381 [INFO] [MiniMax] 请求状态: 200, attempt=1
2026-04-23 04:01:46,381 [INFO] [MiniMax] 成功, 输出长度: 1186
2026-04-23 04:01:46,384 [INFO] [generate_summary] MiniMax状态: SUCCESS, 输出: Rep. Seth Magaziner (R‑RI) said Anthropic’s decisi
2026-04-23 04:01:46,384 [INFO] [generate_news_summary] status=SUCCESS, len=1186
2026-04-23 04:01:47,469 [INFO] [generate_summary] 输入长度: 326, max_words: 200
2026-04-23 04:02:24,267 [INFO] [MiniMax] 请求状态: 200, attempt=1
2026-04-23 04:02:24,268 [INFO] [MiniMax] 成功, 输出长度: 555
2026-04-23 04:02:24,270 [INFO] [generate_summary] MiniMax状态: SUCCESS, 输出: Texas Stock Exchange, a newly planned marketplace 
2026-04-23 04:02:24,270 [INFO] [generate_news_summary] status=SUCCESS, len=555
2026-04-23 04:02:25,354 [INFO] [generate_summary] 输入长度: 169, max_words: 200
2026-04-23 04:02:53,962 [INFO] [MiniMax] 请求状态: 200, attempt=1
2026-04-23 04:02:53,963 [INFO] [MiniMax] 成功, 输出长度: 1340
2026-04-23 04:02:53,965 [INFO] [generate_summary] MiniMax状态: SUCCESS, 输出: Spirit Airlines, a low‑cost carrier, is facing a s
2026-04-23 04:02:53,965 [INFO] [generate_news_summary] status=SUCCESS, len=1340
2026-04-23 04:02:55,099 [INFO] [generate_summary] 输入长度: 273, max_words: 200
2026-04-23 04:03:09,633 [INFO] [MiniMax] 请求状态: 200, attempt=1
2026-04-23 04:03:09,634 [INFO] [MiniMax] 成功, 输出长度: 1024
2026-04-23 04:03:09,636 [INFO] [generate_summary] MiniMax状态: SUCCESS, 输出: Oil prices moved higher after diplomatic efforts t
2026-04-23 04:03:09,636 [INFO] [generate_news_summary] status=SUCCESS, len=1024
2026-04-23 04:03:10,781 [INFO] [generate_summary] 输入长度: 276, max_words: 200
2026-04-23 04:03:42,877 [INFO] [MiniMax] 请求状态: 200, attempt=1
2026-04-23 04:03:42,878 [INFO] [MiniMax] 成功, 输出长度: 1363
2026-04-23 04:03:42,880 [INFO] [generate_summary] MiniMax状态: SUCCESS, 输出: The S&P 500 traded close to its record level, with
2026-04-23 04:03:42,880 [INFO] [generate_news_summary] status=SUCCESS, len=1363
2026-04-23 04:03:44,018 [INFO] [generate_summary] 输入长度: 173, max_words: 200
2026-04-23 04:04:02,101 [INFO] [MiniMax] 请求状态: 200, attempt=1
2026-04-23 04:04:02,102 [INFO] [MiniMax] 成功, 输出长度: 1150
2026-04-23 04:04:02,104 [INFO] [generate_summary] MiniMax状态: SUCCESS, 输出: Justin Sun, the founder of the Tron blockchain, ha
2026-04-23 04:04:02,104 [INFO] [generate_news_summary] status=SUCCESS, len=1150
2026-04-23 04:04:03,231 [INFO] [generate_summary] 输入长度: 189, max_words: 200
2026-04-23 04:04:23,126 [INFO] [MiniMax] 请求状态: 200, attempt=1
2026-04-23 04:04:23,127 [INFO] [MiniMax] 成功, 输出长度: 1113
2026-04-23 04:04:23,129 [INFO] [generate_summary] MiniMax状态: SUCCESS, 输出: Pennsylvania once led the United States in semicon
2026-04-23 04:04:23,129 [INFO] [generate_news_summary] status=SUCCESS, len=1113
2026-04-23 04:04:24,255 [INFO] [generate_summary] 输入长度: 418, max_words: 200
2026-04-23 04:05:01,452 [INFO] [MiniMax] 请求状态: 200, attempt=1
2026-04-23 04:05:01,454 [INFO] [MiniMax] 成功, 输出长度: 7756
2026-04-23 04:05:01,457 [INFO] [generate_summary] MiniMax状态: SUCCESS, 输出: The user asks: "Summarize in about 200 words: Roun
2026-04-23 04:05:01,457 [INFO] [generate_news_summary] status=SUCCESS, len=7756
2026-04-23 04:05:02,606 [INFO] [generate_summary] 输入长度: 435, max_words: 200
2026-04-23 04:05:18,799 [INFO] [MiniMax] 请求状态: 200, attempt=1
2026-04-23 04:05:18,799 [INFO] [MiniMax] 成功, 输出长度: 1200
2026-04-23 04:05:18,801 [INFO] [generate_summary] MiniMax状态: SUCCESS, 输出: Matthias Michel, a philosopher at MIT, and Daniel 
2026-04-23 04:05:18,801 [INFO] [generate_news_summary] status=SUCCESS, len=1200
2026-04-23 04:05:19,904 [INFO] [generate_summary] 输入长度: 577, max_words: 200
2026-04-23 04:05:53,513 [INFO] [MiniMax] 请求状态: 200, attempt=1
2026-04-23 04:05:53,514 [INFO] [MiniMax] 成功, 输出长度: 4902
2026-04-23 04:05:53,516 [INFO] [generate_summary] MiniMax状态: SUCCESS, 输出: The user wants a summary in about 200 Chinese char
2026-04-23 04:05:53,517 [INFO] [generate_news_summary] status=SUCCESS, len=4902
2026-04-23 04:05:54,601 [INFO] [generate_summary] 输入长度: 218, max_words: 200
2026-04-23 04:06:06,693 [INFO] [MiniMax] 请求状态: 200, attempt=1
2026-04-23 04:06:06,694 [INFO] [MiniMax] 成功, 输出长度: 1264
2026-04-23 04:06:06,696 [INFO] [generate_summary] MiniMax状态: SUCCESS, 输出: U.S. equity markets were poised to close at fresh 
2026-04-23 04:06:06,696 [INFO] [generate_news_summary] status=SUCCESS, len=1264
2026-04-23 04:06:07,847 [INFO] [generate_summary] 输入长度: 166, max_words: 200
2026-04-23 04:06:19,822 [INFO] [MiniMax] 请求状态: 200, attempt=1
2026-04-23 04:06:19,823 [INFO] [MiniMax] 成功, 输出长度: 1195
2026-04-23 04:06:19,825 [INFO] [generate_summary] MiniMax状态: SUCCESS, 输出: Jay Leno has taken on a new role – municipal‑bond 
2026-04-23 04:06:19,825 [INFO] [generate_news_summary] status=SUCCESS, len=1195
2026-04-23 04:06:20,948 [INFO] [generate_summary] 输入长度: 272, max_words: 200
2026-04-23 04:06:31,095 [INFO] [MiniMax] 请求状态: 200, attempt=1
2026-04-23 04:06:31,095 [INFO] [MiniMax] 成功, 输出长度: 1178
2026-04-23 04:06:31,098 [INFO] [generate_summary] MiniMax状态: SUCCESS, 输出: Trump Media’s chief executive left the company las
2026-04-23 04:06:31,098 [INFO] [generate_news_summary] status=SUCCESS, len=1178
2026-04-23 04:06:32,189 [INFO] [generate_summary] 输入长度: 261, max_words: 200
2026-04-23 04:06:46,863 [INFO] [MiniMax] 请求状态: 200, attempt=1
2026-04-23 04:06:46,863 [INFO] [MiniMax] 成功, 输出长度: 1530
2026-04-23 04:06:46,865 [INFO] [generate_summary] MiniMax状态: SUCCESS, 输出: Tony Kim, co‑president of investment banking at Ce
2026-04-23 04:06:46,866 [INFO] [generate_news_summary] status=SUCCESS, len=1530
2026-04-23 04:06:47,987 [INFO] [generate_summary] 输入长度: 255, max_words: 200
2026-04-23 04:07:04,025 [INFO] [MiniMax] 请求状态: 200, attempt=1
2026-04-23 04:07:04,025 [INFO] [MiniMax] 成功, 输出长度: 1323
2026-04-23 04:07:04,028 [INFO] [generate_summary] MiniMax状态: SUCCESS, 输出: USA Rare Earth Inc.’s $2.8 billion purchase of Bra
2026-04-23 04:07:04,028 [INFO] [generate_news_summary] status=SUCCESS, len=1323
2026-04-23 04:07:05,164 [INFO] [generate_summary] 输入长度: 251, max_words: 200
2026-04-23 04:07:37,611 [INFO] [MiniMax] 请求状态: 200, attempt=1
2026-04-23 04:07:37,613 [INFO] [MiniMax] 成功, 输出长度: 1265
2026-04-23 04:07:37,615 [INFO] [generate_summary] MiniMax状态: SUCCESS, 输出: Traders have returned in force to a small but tell
2026-04-23 04:07:37,615 [INFO] [generate_news_summary] status=SUCCESS, len=1265
2026-04-23 04:07:38,759 [INFO] [generate_summary] 输入长度: 379, max_words: 200
2026-04-23 04:07:56,488 [INFO] [MiniMax] 请求状态: 200, attempt=1
2026-04-23 04:07:56,488 [INFO] [MiniMax] 成功, 输出长度: 1362
2026-04-23 04:07:56,490 [INFO] [generate_summary] MiniMax状态: SUCCESS, 输出: The Trump administration is finalizing a $500 mill
2026-04-23 04:07:56,491 [INFO] [generate_news_summary] status=SUCCESS, len=1362
2026-04-23 04:07:57,626 [INFO] [generate_summary] 输入长度: 373, max_words: 200
2026-04-23 04:08:30,465 [INFO] [MiniMax] 请求状态: 200, attempt=1
2026-04-23 04:08:30,466 [INFO] [MiniMax] 成功, 输出长度: 8506
2026-04-23 04:08:30,468 [INFO] [generate_summary] MiniMax状态: SUCCESS, 输出: The user asks: "Summarize in about 200 words: Los 
2026-04-23 04:08:30,469 [INFO] [generate_news_summary] status=SUCCESS, len=8506
2026-04-23 04:08:31,608 [INFO] [generate_summary] 输入长度: 532, max_words: 200
2026-04-23 04:08:58,258 [INFO] [MiniMax] 请求状态: 200, attempt=1
2026-04-23 04:08:58,259 [INFO] [MiniMax] 成功, 输出长度: 4235
2026-04-23 04:08:58,261 [INFO] [generate_summary] MiniMax状态: SUCCESS, 输出: The user asks: "Summarize in about 200 words: 押注AA
2026-04-23 04:08:58,261 [INFO] [generate_news_summary] status=SUCCESS, len=4235
2026-04-23 04:08:59,412 [INFO] [generate_summary] 输入长度: 532, max_words: 200
2026-04-23 04:09:28,144 [INFO] [MiniMax] 请求状态: 200, attempt=1
2026-04-23 04:09:28,145 [INFO] [MiniMax] 成功, 输出长度: 7448
2026-04-23 04:09:28,148 [INFO] [generate_summary] MiniMax状态: SUCCESS, 输出: The user says: "Summarize in about 200 words: [Chi
2026-04-23 04:09:28,148 [INFO] [generate_news_summary] status=SUCCESS, len=7448
2026-04-23 04:09:29,294 [INFO] [generate_summary] 输入长度: 520, max_words: 200
2026-04-23 04:09:42,159 [INFO] [MiniMax] 请求状态: 200, attempt=1
2026-04-23 04:09:42,159 [INFO] [MiniMax] 成功, 输出长度: 1262
2026-04-23 04:09:42,161 [INFO] [generate_summary] MiniMax状态: SUCCESS, 输出: Taiwan’s President Lai Ching‑te has been forced to
2026-04-23 04:09:42,161 [INFO] [generate_news_summary] status=SUCCESS, len=1262
2026-04-23 04:09:43,280 [INFO] [generate_summary] 输入长度: 590, max_words: 200
2026-04-23 04:09:54,795 [INFO] [MiniMax] 请求状态: 200, attempt=1
2026-04-23 04:09:54,795 [INFO] [MiniMax] 成功, 输出长度: 1175
2026-04-23 04:09:54,797 [INFO] [generate_summary] MiniMax状态: SUCCESS, 输出: Timor‑Leste’s opposition parties have pressed Pres
2026-04-23 04:09:54,798 [INFO] [generate_news_summary] status=SUCCESS, len=1175
2026-04-23 04:09:55,945 [INFO] [generate_summary] 输入长度: 539, max_words: 200
2026-04-23 04:10:22,926 [INFO] [MiniMax] 请求状态: 200, attempt=1
2026-04-23 04:10:22,928 [INFO] [MiniMax] 成功, 输出长度: 5025
2026-04-23 04:10:22,930 [INFO] [generate_summary] MiniMax状态: SUCCESS, 输出: The user asks: "Summarize in about 200 words: 具微科技
2026-04-23 04:10:22,930 [INFO] [generate_news_summary] status=SUCCESS, len=5025
2026-04-23 04:10:24,019 [INFO] [generate_summary] 输入长度: 225, max_words: 200
2026-04-23 04:10:55,750 [INFO] [MiniMax] 请求状态: 200, attempt=1
2026-04-23 04:10:55,751 [INFO] [MiniMax] 成功, 输出长度: 8340
2026-04-23 04:10:55,753 [INFO] [generate_summary] MiniMax状态: SUCCESS, 输出: The user wants a summary in about 200 words: "AI T
2026-04-23 04:10:55,754 [INFO] [generate_news_summary] status=SUCCESS, len=8340
2026-04-23 04:10:56,859 [INFO] [generate_summary] 输入长度: 642, max_words: 200
2026-04-23 04:11:56,880 [ERROR] [MiniMax] 请求异常: HTTPSConnectionPool(host='api.minimax.chat', port=443): Read timed out. (read timeout=60), attempt=1/3
2026-04-23 04:12:09,193 [INFO] [MiniMax] 请求状态: 200, attempt=2
2026-04-23 04:12:09,194 [INFO] [MiniMax] 成功, 输出长度: 1387
2026-04-23 04:12:09,194 [INFO] [generate_summary] MiniMax状态: SUCCESS, 输出: OpenAI has introduced **Privacy Filter**, a free, 
2026-04-23 04:12:09,194 [INFO] [generate_news_summary] status=SUCCESS, len=1387
2026-04-23 04:12:10,319 [INFO] [generate_summary] 输入长度: 562, max_words: 200
2026-04-23 04:13:10,338 [ERROR] [MiniMax] 请求异常: HTTPSConnectionPool(host='api.minimax.chat', port=443): Read timed out. (read timeout=60), attempt=1/3
2026-04-23 04:13:26,325 [INFO] [MiniMax] 请求状态: 200, attempt=2
2026-04-23 04:13:26,326 [INFO] [MiniMax] 成功, 输出长度: 1129
2026-04-23 04:13:26,326 [INFO] [generate_summary] MiniMax状态: SUCCESS, 输出: Google is sidestepping the “Nvidia tax” by relying
2026-04-23 04:13:26,326 [INFO] [generate_news_summary] status=SUCCESS, len=1129
2026-04-23 04:13:27,447 [INFO] [generate_summary] 输入长度: 591, max_words: 200
2026-04-23 04:13:44,825 [INFO] [MiniMax] 请求状态: 200, attempt=1
2026-04-23 04:13:44,825 [INFO] [MiniMax] 成功, 输出长度: 1415
2026-04-23 04:13:44,827 [INFO] [generate_summary] MiniMax状态: SUCCESS, 输出: Salesforce’s Agentforce Vibes 2.0 is built to fix 
2026-04-23 04:13:44,827 [INFO] [generate_news_summary] status=SUCCESS, len=1415
2026-04-23 04:13:45,978 [INFO] [generate_summary] 输入长度: 351, max_words: 200
2026-04-23 04:14:16,298 [INFO] [MiniMax] 请求状态: 200, attempt=1
2026-04-23 04:14:16,299 [INFO] [MiniMax] 成功, 输出长度: 417
2026-04-23 04:14:16,301 [INFO] [generate_summary] MiniMax状态: SUCCESS, 输出: Beijing warned it would “fight back” after Taiwan 
2026-04-23 04:14:16,301 [INFO] [generate_news_summary] status=SUCCESS, len=417
2026-04-23 04:14:17,450 [INFO] [generate_summary] 输入长度: 292, max_words: 200
2026-04-23 04:14:48,042 [INFO] [MiniMax] 请求状态: 200, attempt=1
2026-04-23 04:14:48,043 [INFO] [MiniMax] 成功, 输出长度: 7563
2026-04-23 04:14:48,046 [INFO] [generate_summary] MiniMax状态: SUCCESS, 输出: The user wants a summary of the given text, about 
2026-04-23 04:14:48,046 [INFO] [generate_news_summary] status=SUCCESS, len=7563
2026-04-23 04:14:49,168 [INFO] [generate_summary] 输入长度: 373, max_words: 200
2026-04-23 04:15:01,209 [INFO] [MiniMax] 请求状态: 200, attempt=1
2026-04-23 04:15:01,209 [INFO] [MiniMax] 成功, 输出长度: 1199
2026-04-23 04:15:01,212 [INFO] [generate_summary] MiniMax状态: SUCCESS, 输出: The Trump administration’s recent buying spree for
2026-04-23 04:15:01,212 [INFO] [generate_news_summary] status=SUCCESS, len=1199
2026-04-23 04:15:02,270 [INFO] [generate_summary] 输入长度: 371, max_words: 200
2026-04-23 04:15:27,772 [INFO] [MiniMax] 请求状态: 200, attempt=1
2026-04-23 04:15:27,773 [INFO] [MiniMax] 成功, 输出长度: 785
2026-04-23 04:15:27,775 [INFO] [generate_summary] MiniMax状态: SUCCESS, 输出: The Trump administration is close to a rescue pack
2026-04-23 04:15:27,775 [INFO] [generate_news_summary] status=SUCCESS, len=785
2026-04-23 04:15:28,848 [INFO] [generate_summary] 输入长度: 332, max_words: 200
2026-04-23 04:15:58,656 [INFO] [MiniMax] 请求状态: 200, attempt=1
2026-04-23 04:15:58,657 [INFO] [MiniMax] 成功, 输出长度: 1368
2026-04-23 04:15:58,659 [INFO] [generate_summary] MiniMax状态: SUCCESS, 输出: Treasury Secretary Scott Bessent told reporters on
2026-04-23 04:15:58,659 [INFO] [generate_news_summary] status=SUCCESS, len=1368
2026-04-23 04:15:59,762 [INFO] [generate_summary] 输入长度: 265, max_words: 200
2026-04-23 04:16:15,471 [INFO] [MiniMax] 请求状态: 200, attempt=1
2026-04-23 04:16:15,471 [INFO] [MiniMax] 成功, 输出长度: 1113
2026-04-23 04:16:15,473 [INFO] [generate_summary] MiniMax状态: SUCCESS, 输出: The Texas Stock Exchange, a new startup‑focused eq
2026-04-23 04:16:15,474 [INFO] [generate_news_summary] status=SUCCESS, len=1113
2026-04-23 04:16:16,617 [INFO] [generate_summary] 输入长度: 146, max_words: 200
2026-04-23 04:16:29,366 [INFO] [MiniMax] 请求状态: 200, attempt=1
2026-04-23 04:16:29,367 [INFO] [MiniMax] 成功, 输出长度: 1248
2026-04-23 04:16:29,369 [INFO] [generate_summary] MiniMax状态: SUCCESS, 输出: Trump has called the recent pause in U.S. military
2026-04-23 04:16:29,369 [INFO] [generate_news_summary] status=SUCCESS, len=1248
2026-04-23 04:16:30,506 [INFO] [generate_summary] 输入长度: 177, max_words: 200
2026-04-23 04:17:11,664 [INFO] [MiniMax] 请求状态: 200, attempt=1
2026-04-23 04:17:11,666 [INFO] [MiniMax] 成功, 输出长度: 8203
2026-04-23 04:17:11,668 [INFO] [generate_summary] MiniMax状态: SUCCESS, 输出: The user wants a summary of a news article about R
2026-04-23 04:17:11,668 [INFO] [generate_news_summary] status=SUCCESS, len=8203
2026-04-23 04:17:12,812 [INFO] [generate_summary] 输入长度: 204, max_words: 200
2026-04-23 04:17:44,872 [INFO] [MiniMax] 请求状态: 200, attempt=1
2026-04-23 04:17:44,873 [INFO] [MiniMax] 成功, 输出长度: 7718
2026-04-23 04:17:44,876 [INFO] [generate_summary] MiniMax状态: SUCCESS, 输出: The user asks: "Summarize in about 200 words: EU a
2026-04-23 04:17:44,876 [INFO] [generate_news_summary] status=SUCCESS, len=7718
2026-04-23 04:17:45,997 [INFO] [generate_summary] 输入长度: 580, max_words: 200
2026-04-23 04:18:00,962 [INFO] [MiniMax] 请求状态: 200, attempt=1
2026-04-23 04:18:00,963 [INFO] [MiniMax] 成功, 输出长度: 763
2026-04-23 04:18:00,965 [INFO] [generate_summary] MiniMax状态: SUCCESS, 输出: Janet Fordham, a Devon resident, was defrauded of 
2026-04-23 04:18:00,965 [INFO] [generate_news_summary] status=SUCCESS, len=763
2026-04-23 04:18:02,106 [INFO] [generate_summary] 输入长度: 599, max_words: 200
2026-04-23 04:18:18,063 [INFO] [MiniMax] 请求状态: 200, attempt=1
2026-04-23 04:18:18,064 [INFO] [MiniMax] 成功, 输出长度: 1265
2026-04-23 04:18:18,066 [INFO] [generate_summary] MiniMax状态: SUCCESS, 输出: Gas companies have launched a multimillion‑dollar 
2026-04-23 04:18:18,066 [INFO] [generate_news_summary] status=SUCCESS, len=1265
2026-04-23 04:18:19,203 [INFO] [generate_summary] 输入长度: 406, max_words: 200
2026-04-23 04:18:31,991 [INFO] [MiniMax] 请求状态: 200, attempt=1
2026-04-23 04:18:31,992 [INFO] [MiniMax] 成功, 输出长度: 1301
2026-04-23 04:18:31,994 [INFO] [generate_summary] MiniMax状态: SUCCESS, 输出: **Summary (≈200 words)**  

The Download is a dail
2026-04-23 04:18:31,994 [INFO] [generate_news_summary] status=SUCCESS, len=1301
2026-04-23 04:18:33,096 [INFO] [generate_summary] 输入长度: 372, max_words: 200
2026-04-23 04:18:45,199 [INFO] [MiniMax] 请求状态: 200, attempt=1
2026-04-23 04:18:45,200 [INFO] [MiniMax] 成功, 输出长度: 1359
2026-04-23 04:18:45,202 [INFO] [generate_summary] MiniMax状态: SUCCESS, 输出: The notion of an untouched “nature” has become a m
2026-04-23 04:18:45,202 [INFO] [generate_news_summary] status=SUCCESS, len=1359
2026-04-23 04:18:46,348 [INFO] [generate_summary] 输入长度: 277, max_words: 200
2026-04-23 04:19:09,429 [INFO] [MiniMax] 请求状态: 200, attempt=1
2026-04-23 04:19:09,429 [INFO] [MiniMax] 成功, 输出长度: 1364
2026-04-23 04:19:09,432 [INFO] [generate_summary] MiniMax状态: SUCCESS, 输出: According to a WIRED investigation, a wave of new 
2026-04-23 04:19:09,432 [INFO] [generate_news_summary] status=SUCCESS, len=1364
2026-04-23 04:19:10,513 [INFO] [generate_summary] 输入长度: 612, max_words: 200
2026-04-23 04:19:37,628 [INFO] [MiniMax] 请求状态: 200, attempt=1
2026-04-23 04:19:37,629 [INFO] [MiniMax] 成功, 输出长度: 1429
2026-04-23 04:19:37,631 [INFO] [generate_summary] MiniMax状态: SUCCESS, 输出: The era of human‑initiated, scheduled queries is g
2026-04-23 04:19:37,631 [INFO] [generate_news_summary] status=SUCCESS, len=1429
2026-04-23 04:19:38,729 [INFO] [generate_summary] 输入长度: 545, max_words: 200
/Users/vincentnie/Library/Python/3.9/lib/python/site-packages/urllib3/__init__.py:35: NotOpenSSLWarning: urllib3 v2 only supports OpenSSL 1.1.1+, currently the 'ssl' module is compiled with 'LibreSSL 2.8.3'. See: https://github.com/urllib3/urllib3/issues/3020
  warnings.warn(
/Users/vincentnie/Library/Python/3.9/lib/python/site-packages/urllib3/connectionpool.py:1097: InsecureRequestWarning: Unverified HTTPS request is being made to host '127.0.0.1'. Adding certificate verification is strongly advised. See: https://urllib3.readthedocs.io/en/latest/advanced-usage.html#tls-warnings
  warnings.warn(
/Users/vincentnie/Library/Python/3.9/lib/python/site-packages/urllib3/connectionpool.py:1097: InsecureRequestWarning: Unverified HTTPS request is being made to host '127.0.0.1'. Adding certificate verification is strongly advised. See: https://urllib3.readthedocs.io/en/latest/advanced-usage.html#tls-warnings
  warnings.warn(
/Users/vincentnie/Library/Python/3.9/lib/python/site-packages/urllib3/connectionpool.py:1097: InsecureRequestWarning: Unverified HTTPS request is being made to host '127.0.0.1'. Adding certificate verification is strongly advised. See: https://urllib3.readthedocs.io/en/latest/advanced-usage.html#tls-warnings
  warnings.warn(
/Users/vincentnie/Library/Python/3.9/lib/python/site-packages/urllib3/connectionpool.py:1097: InsecureRequestWarning: Unverified HTTPS request is being made to host '127.0.0.1'. Adding certificate verification is strongly advised. See: https://urllib3.readthedocs.io/en/latest/advanced-usage.html#tls-warnings
  warnings.warn(
/Users/vincentnie/Library/Python/3.9/lib/python/site-packages/urllib3/connectionpool.py:1097: InsecureRequestWarning: Unverified HTTPS request is being made to host '127.0.0.1'. Adding certificate verification is strongly advised. See: https://urllib3.readthedocs.io/en/latest/advanced-usage.html#tls-warnings
  warnings.warn(
/Users/vincentnie/Library/Python/3.9/lib/python/site-packages/urllib3/connectionpool.py:1097: InsecureRequestWarning: Unverified HTTPS request is being made to host '127.0.0.1'. Adding certificate verification is strongly advised. See: https://urllib3.readthedocs.io/en/latest/advanced-usage.html#tls-warnings
  warnings.warn(
/Users/vincentnie/Library/Python/3.9/lib/python/site-packages/urllib3/connectionpool.py:1097: InsecureRequestWarning: Unverified HTTPS request is being made to host '127.0.0.1'. Adding certificate verification is strongly advised. See: https://urllib3.readthedocs.io/en/latest/advanced-usage.html#tls-warnings
  warnings.warn(
/Users/vincentnie/Library/Python/3.9/lib/python/site-packages/urllib3/connectionpool.py:1097: InsecureRequestWarning: Unverified HTTPS request is being made to host '127.0.0.1'. Adding certificate verification is strongly advised. See: https://urllib3.readthedocs.io/en/latest/advanced-usage.html#tls-warnings
  warnings.warn(
/Users/vincentnie/Library/Python/3.9/lib/python/site-packages/urllib3/connectionpool.py:1097: InsecureRequestWarning: Unverified HTTPS request is being made to host '127.0.0.1'. Adding certificate verification is strongly advised. See: https://urllib3.readthedocs.io/en/latest/advanced-usage.html#tls-warnings
  warnings.warn(
/Users/vincentnie/Library/Python/3.9/lib/python/site-packages/urllib3/connectionpool.py:1097: InsecureRequestWarning: Unverified HTTPS request is being made to host '127.0.0.1'. Adding certificate verification is strongly advised. See: https://urllib3.readthedocs.io/en/latest/advanced-usage.html#tls-warnings
  warnings.warn(
/Users/vincentnie/Library/Python/3.9/lib/python/site-packages/urllib3/connectionpool.py:1097: InsecureRequestWarning: Unverified HTTPS request is being made to host '127.0.0.1'. Adding certificate verification is strongly advised. See: https://urllib3.readthedocs.io/en/latest/advanced-usage.html#tls-warnings
  warnings.warn(
/Users/vincentnie/Library/Python/3.9/lib/python/site-packages/urllib3/__init__.py:35: NotOpenSSLWarning: urllib3 v2 only supports OpenSSL 1.1.1+, currently the 'ssl' module is compiled with 'LibreSSL 2.8.3'. See: https://github.com/urllib3/urllib3/issues/3020
  warnings.warn(
Deprecated Feature: Support for Python version 3.9 has been deprecated. Please update to Python 3.10 or above
WARNING: [youtube] iKx3gAODybU: Some web client https formats have been skipped as they are missing a url. YouTube is forcing SABR streaming for this client. See  https://github.com/yt-dlp/yt-dlp/issues/12482  for more details
WARNING: [youtube] vif8NQcjVf0: Some web client https formats have been skipped as they are missing a url. YouTube is forcing SABR streaming for this client. See  https://github.com/yt-dlp/yt-dlp/issues/12482  for more details
WARNING: [youtube] H9rF1CSSh-w: Some web client https formats have been skipped as they are missing a url. YouTube is forcing SABR streaming for this client. See  https://github.com/yt-dlp/yt-dlp/issues/12482  for more details
WARNING: [youtube] 1SJiTwbSI58: Some web client https formats have been skipped as they are missing a url. YouTube is forcing SABR streaming for this client. See  https://github.com/yt-dlp/yt-dlp/issues/12482  for more details
WARNING: [youtube] KGVpKPNUdzA: Some web client https formats have been skipped as they are missing a url. YouTube is forcing SABR streaming for this client. See  https://github.com/yt-dlp/yt-dlp/issues/12482  for more details
Deprecated Feature: Support for Python version 3.9 has been deprecated. Please update to Python 3.10 or above
WARNING: [youtube] 82HsvG1_Nqk: Some web client https formats have been skipped as they are missing a url. YouTube is forcing SABR streaming for this client. See  https://github.com/yt-dlp/yt-dlp/issues/12482  for more details
WARNING: [youtube] Mjc7vwys1vY: Some web client https formats have been skipped as they are missing a url. YouTube is forcing SABR streaming for this client. See  https://github.com/yt-dlp/yt-dlp/issues/12482  for more details
WARNING: [youtube] IZDJ3jcO5UY: Some web client https formats have been skipped as they are missing a url. YouTube is forcing SABR streaming for this client. See  https://github.com/yt-dlp/yt-dlp/issues/12482  for more details
WARNING: [youtube] yiJOTCRVWjc: Some web client https formats have been skipped as they are missing a url. YouTube is forcing SABR streaming for this client. See  https://github.com/yt-dlp/yt-dlp/issues/12482  for more details
WARNING: [youtube] dvt_74kV-RM: Some web client https formats have been skipped as they are missing a url. YouTube is forcing SABR streaming for this client. See  https://github.com/yt-dlp/yt-dlp/issues/12482  for more details
Deprecated Feature: Support for Python version 3.9 has been deprecated. Please update to Python 3.10 or above
WARNING: [youtube] SFdqX7IY7RY: Some web client https formats have been skipped as they are missing a url. YouTube is forcing SABR streaming for this client. See  https://github.com/yt-dlp/yt-dlp/issues/12482  for more details
WARNING: [youtube] DVBJQQCjgXU: Some web client https formats have been skipped as they are missing a url. YouTube is forcing SABR streaming for this client. See  https://github.com/yt-dlp/yt-dlp/issues/12482  for more details
WARNING: [youtube] MPAsUZEJHiM: Some web client https formats have been skipped as they are missing a url. YouTube is forcing SABR streaming for this client. See  https://github.com/yt-dlp/yt-dlp/issues/12482  for more details
WARNING: [youtube] mjNP5IOzCbA: Some web client https formats have been skipped as they are missing a url. YouTube is forcing SABR streaming for this client. See  https://github.com/yt-dlp/yt-dlp/issues/12482  for more details
WARNING: [youtube] N-pust8qtGI: Some web client https formats have been skipped as they are missing a url. YouTube is forcing SABR streaming for this client. See  https://github.com/yt-dlp/yt-dlp/issues/12482  for more details
Deprecated Feature: Support for Python version 3.9 has been deprecated. Please update to Python 3.10 or above
WARNING: [youtube] uVxltd_Xv5E: Some web client https formats have been skipped as they are missing a url. YouTube is forcing SABR streaming for this client. See  https://github.com/yt-dlp/yt-dlp/issues/12482  for more details
WARNING: [youtube] 7RDDsuq0xK0: Some web client https formats have been skipped as they are missing a url. YouTube is forcing SABR streaming for this client. See  https://github.com/yt-dlp/yt-dlp/issues/12482  for more details
WARNING: [youtube] aPriy8Iy040: Some web client https formats have been skipped as they are missing a url. YouTube is forcing SABR streaming for this client. See  https://github.com/yt-dlp/yt-dlp/issues/12482  for more details
WARNING: [youtube] zp87IvWwSsY: Some web client https formats have been skipped as they are missing a url. YouTube is forcing SABR streaming for this client. See  https://github.com/yt-dlp/yt-dlp/issues/12482  for more details
WARNING: [youtube] p6ouOSg3mP0: Some web client https formats have been skipped as they are missing a url. YouTube is forcing SABR streaming for this client. See  https://github.com/yt-dlp/yt-dlp/issues/12482  for more details
Deprecated Feature: Support for Python version 3.9 has been deprecated. Please update to Python 3.10 or above
WARNING: [youtube] qe1nHOOu-S8: Some web client https formats have been skipped as they are missing a url. YouTube is forcing SABR streaming for this client. See  https://github.com/yt-dlp/yt-dlp/issues/12482  for more details
WARNING: [youtube] DWdPxX7FvCk: Some web client https formats have been skipped as they are missing a url. YouTube is forcing SABR streaming for this client. See  https://github.com/yt-dlp/yt-dlp/issues/12482  for more details
WARNING: [youtube] pqpH6vvM3oY: Some web client https formats have been skipped as they are missing a url. YouTube is forcing SABR streaming for this client. See  https://github.com/yt-dlp/yt-dlp/issues/12482  for more details
WARNING: [youtube] 3n_UCmbqj1o: Some web client https formats have been skipped as they are missing a url. YouTube is forcing SABR streaming for this client. See  https://github.com/yt-dlp/yt-dlp/issues/12482  for more details
WARNING: [youtube] 8ERSPyiA3aI: Some web client https formats have been skipped as they are missing a url. YouTube is forcing SABR streaming for this client. See  https://github.com/yt-dlp/yt-dlp/issues/12482  for more details
Deprecated Feature: Support for Python version 3.9 has been deprecated. Please update to Python 3.10 or above
WARNING: [youtube] gP8YbvfmU9s: Some web client https formats have been skipped as they are missing a url. YouTube is forcing SABR streaming for this client. See  https://github.com/yt-dlp/yt-dlp/issues/12482  for more details
WARNING: [youtube] 6McT9-EbEPw: Some web client https formats have been skipped as they are missing a url. YouTube is forcing SABR streaming for this client. See  https://github.com/yt-dlp/yt-dlp/issues/12482  for more details
WARNING: [youtube] 6ZqqJZJ8WH4: Some web client https formats have been skipped as they are missing a url. YouTube is forcing SABR streaming for this client. See  https://github.com/yt-dlp/yt-dlp/issues/12482  for more details
WARNING: [youtube] 8ZIeAVrgs4o: Some web client https formats have been skipped as they are missing a url. YouTube is forcing SABR streaming for this client. See  https://github.com/yt-dlp/yt-dlp/issues/12482  for more details
WARNING: [youtube] HTTPSConnectionPool(host='www.youtube.com', port=443): Read timed out. (read timeout=20.0). Retrying (1/3)...
WARNING: [youtube] EOF occurred in violation of protocol (_ssl.c:1129). Retrying (2/3)...
WARNING: [youtube] 7rzYDM6vMtI: Some web client https formats have been skipped as they are missing a url. YouTube is forcing SABR streaming for this client. See  https://github.com/yt-dlp/yt-dlp/issues/12482  for more details
Deprecated Feature: Support for Python version 3.9 has been deprecated. Please update to Python 3.10 or above
WARNING: [youtube:tab] EOF occurred in violation of protocol (_ssl.c:1129). Retrying (1/3)...
WARNING: [youtube:tab] EOF occurred in violation of protocol (_ssl.c:1129). Retrying (2/3)...
WARNING: [youtube:tab] EOF occurred in violation of protocol (_ssl.c:1129). Retrying (3/3)...
WARNING: [youtube] TYpg5oxSQ6Y: Some web client https formats have been skipped as they are missing a url. YouTube is forcing SABR streaming for this client. See  https://github.com/yt-dlp/yt-dlp/issues/12482  for more details
WARNING: [youtube] kqj22mWIdjU: Some web client https formats have been skipped as they are missing a url. YouTube is forcing SABR streaming for this client. See  https://github.com/yt-dlp/yt-dlp/issues/12482  for more details
WARNING: [youtube] 7HSSR1n8dgc: Some web client https formats have been skipped as they are missing a url. YouTube is forcing SABR streaming for this client. See  https://github.com/yt-dlp/yt-dlp/issues/12482  for more details
WARNING: [youtube] Lg-meK5IU8Q: Some web client https formats have been skipped as they are missing a url. YouTube is forcing SABR streaming for this client. See  https://github.com/yt-dlp/yt-dlp/issues/12482  for more details
WARNING: [youtube] RNYdP6CYrOw: Some web client https formats have been skipped as they are missing a url. YouTube is forcing SABR streaming for this client. See  https://github.com/yt-dlp/yt-dlp/issues/12482  for more details
Deprecated Feature: Support for Python version 3.9 has been deprecated. Please update to Python 3.10 or above
WARNING: [youtube:tab] EOF occurred in violation of protocol (_ssl.c:1129). Retrying (1/3)...
WARNING: [youtube] AwCNb_xI4fI: Some web client https formats have been skipped as they are missing a url. YouTube is forcing SABR streaming for this client. See  https://github.com/yt-dlp/yt-dlp/issues/12482  for more details
WARNING: [youtube] jwkKbedaeYM: Some web client https formats have been skipped as they are missing a url. YouTube is forcing SABR streaming for this client. See  https://github.com/yt-dlp/yt-dlp/issues/12482  for more details
WARNING: [youtube] HJlME6S-LJc: Some web client https formats have been skipped as they are missing a url. YouTube is forcing SABR streaming for this client. See  https://github.com/yt-dlp/yt-dlp/issues/12482  for more details
WARNING: [youtube] bk2H8WfHZZk: Some web client https formats have been skipped as they are missing a url. YouTube is forcing SABR streaming for this client. See  https://github.com/yt-dlp/yt-dlp/issues/12482  for more details
WARNING: [youtube] yyvVUEPSCu0: Some web client https formats have been skipped as they are missing a url. YouTube is forcing SABR streaming for this client. See  https://github.com/yt-dlp/yt-dlp/issues/12482  for more details
Deprecated Feature: Support for Python version 3.9 has been deprecated. Please update to Python 3.10 or above
WARNING: [youtube:tab] EOF occurred in violation of protocol (_ssl.c:1129). Retrying (1/3)...
WARNING: [youtube:tab] EOF occurred in violation of protocol (_ssl.c:1129). Retrying (2/3)...
WARNING: [youtube:tab] EOF occurred in violation of protocol (_ssl.c:1129). Retrying (3/3)...
WARNING: [youtube:tab] Unable to download webpage: EOF occurred in violation of protocol (_ssl.c:1129) (caused by SSLError('EOF occurred in violation of protocol (_ssl.c:1129)')); please report this issue on  https://github.com/yt-dlp/yt-dlp/issues?q= , filling out the appropriate issue template. Confirm you are on the latest version using  yt-dlp -U. Giving up after 3 retries
WARNING: [youtube] LVvleNtllPk: Some web client https formats have been skipped as they are missing a url. YouTube is forcing SABR streaming for this client. See  https://github.com/yt-dlp/yt-dlp/issues/12482  for more details
WARNING: [youtube] 5ak26W2YNRY: Some web client https formats have been skipped as they are missing a url. YouTube is forcing SABR streaming for this client. See  https://github.com/yt-dlp/yt-dlp/issues/12482  for more details
WARNING: [youtube] cFI-SqnvQK8: Some web client https formats have been skipped as they are missing a url. YouTube is forcing SABR streaming for this client. See  https://github.com/yt-dlp/yt-dlp/issues/12482  for more details
WARNING: [youtube] Goa6c6Qz__I: Some web client https formats have been skipped as they are missing a url. YouTube is forcing SABR streaming for this client. See  https://github.com/yt-dlp/yt-dlp/issues/12482  for more details
WARNING: [youtube] Mh9yC4j0_rI: Some web client https formats have been skipped as they are missing a url. YouTube is forcing SABR streaming for this client. See  https://github.com/yt-dlp/yt-dlp/issues/12482  for more details
Deprecated Feature: Support for Python version 3.9 has been deprecated. Please update to Python 3.10 or above
WARNING: [youtube] jt5hHb6kzYM: Some web client https formats have been skipped as they are missing a url. YouTube is forcing SABR streaming for this client. See  https://github.com/yt-dlp/yt-dlp/issues/12482  for more details
WARNING: [youtube] EVts3Ui_0AI: Some web client https formats have been skipped as they are missing a url. YouTube is forcing SABR streaming for this client. See  https://github.com/yt-dlp/yt-dlp/issues/12482  for more details
WARNING: [youtube] pDKlaJM_vys: Some web client https formats have been skipped as they are missing a url. YouTube is forcing SABR streaming for this client. See  https://github.com/yt-dlp/yt-dlp/issues/12482  for more details
WARNING: [youtube] 7VxeyTfhBM8: Some web client https formats have been skipped as they are missing a url. YouTube is forcing SABR streaming for this client. See  https://github.com/yt-dlp/yt-dlp/issues/12482  for more details
WARNING: [youtube] PUO51DoSEqk: Some web client https formats have been skipped as they are missing a url. YouTube is forcing SABR streaming for this client. See  https://github.com/yt-dlp/yt-dlp/issues/12482  for more details
Deprecated Feature: Support for Python version 3.9 has been deprecated. Please update to Python 3.10 or above
WARNING: [youtube] c347oYQO57A: Some web client https formats have been skipped as they are missing a url. YouTube is forcing SABR streaming for this client. See  https://github.com/yt-dlp/yt-dlp/issues/12482  for more details
WARNING: [youtube] 5aS-8QCRdGE: Some web client https formats have been skipped as they are missing a url. YouTube is forcing SABR streaming for this client. See  https://github.com/yt-dlp/yt-dlp/issues/12482  for more details
WARNING: [youtube] Hc0aqOEU2w8: Some web client https formats have been skipped as they are missing a url. YouTube is forcing SABR streaming for this client. See  https://github.com/yt-dlp/yt-dlp/issues/12482  for more details
WARNING: [youtube] eFUB_jL_XcM: Some web client https formats have been skipped as they are missing a url. YouTube is forcing SABR streaming for this client. See  https://github.com/yt-dlp/yt-dlp/issues/12482  for more details
WARNING: [youtube] eXa2ndhmatI: Some web client https formats have been skipped as they are missing a url. YouTube is forcing SABR streaming for this client. See  https://github.com/yt-dlp/yt-dlp/issues/12482  for more details
Deprecated Feature: Support for Python version 3.9 has been deprecated. Please update to Python 3.10 or above
WARNING: [youtube] c347oYQO57A: Some web client https formats have been skipped as they are missing a url. YouTube is forcing SABR streaming for this client. See  https://github.com/yt-dlp/yt-dlp/issues/12482  for more details
WARNING: [youtube] 5aS-8QCRdGE: Some web client https formats have been skipped as they are missing a url. YouTube is forcing SABR streaming for this client. See  https://github.com/yt-dlp/yt-dlp/issues/12482  for more details
WARNING: [youtube] Hc0aqOEU2w8: Some web client https formats have been skipped as they are missing a url. YouTube is forcing SABR streaming for this client. See  https://github.com/yt-dlp/yt-dlp/issues/12482  for more details
WARNING: [youtube] eFUB_jL_XcM: Some web client https formats have been skipped as they are missing a url. YouTube is forcing SABR streaming for this client. See  https://github.com/yt-dlp/yt-dlp/issues/12482  for more details
WARNING: [youtube] eXa2ndhmatI: Some web client https formats have been skipped as they are missing a url. YouTube is forcing SABR streaming for this client. See  https://github.com/yt-dlp/yt-dlp/issues/12482  for more details
/Users/vincentnie/Library/Python/3.9/lib/python/site-packages/urllib3/__init__.py:35: NotOpenSSLWarning: urllib3 v2 only supports OpenSSL 1.1.1+, currently the 'ssl' module is compiled with 'LibreSSL 2.8.3'. See: https://github.com/urllib3/urllib3/issues/3020
  warnings.warn(
/Users/vincentnie/Library/Python/3.9/lib/python/site-packages/urllib3/__init__.py:35: NotOpenSSLWarning: urllib3 v2 only supports OpenSSL 1.1.1+, currently the 'ssl' module is compiled with 'LibreSSL 2.8.3'. See: https://github.com/urllib3/urllib3/issues/3020
  warnings.warn(
2026-04-24 04:01:06,148 [INFO] [generate_summary] 输入长度: 173, max_words: 200
2026-04-24 04:01:39,991 [INFO] [MiniMax] 请求状态: 200, attempt=1
2026-04-24 04:01:39,994 [INFO] [MiniMax] 成功, 输出长度: 8780
2026-04-24 04:01:39,996 [INFO] [generate_summary] MiniMax状态: SUCCESS, 输出: The user asks: "Summarize in about 200 words: US S
2026-04-24 04:01:39,996 [INFO] [generate_news_summary] status=SUCCESS, len=8780
2026-04-24 04:01:41,137 [INFO] [generate_summary] 输入长度: 436, max_words: 200
2026-04-24 04:02:15,692 [INFO] [MiniMax] 请求状态: 200, attempt=1
2026-04-24 04:02:15,694 [INFO] [MiniMax] 成功, 输出长度: 7733
2026-04-24 04:02:15,696 [INFO] [generate_summary] MiniMax状态: SUCCESS, 输出: The user asks: "Summarize in about 200 words: AI n
2026-04-24 04:02:15,696 [INFO] [generate_news_summary] status=SUCCESS, len=7733
2026-04-24 04:02:16,838 [INFO] [generate_summary] 输入长度: 254, max_words: 200
2026-04-24 04:02:50,136 [INFO] [MiniMax] 请求状态: 200, attempt=1
2026-04-24 04:02:50,138 [INFO] [MiniMax] 成功, 输出长度: 7877
2026-04-24 04:02:50,140 [INFO] [generate_summary] MiniMax状态: SUCCESS, 输出: The user asks: "Summarize in about 200 words: Rare
2026-04-24 04:02:50,141 [INFO] [generate_news_summary] status=SUCCESS, len=7877
2026-04-24 04:02:51,277 [INFO] [generate_summary] 输入长度: 278, max_words: 200
2026-04-24 04:03:26,180 [INFO] [MiniMax] 请求状态: 200, attempt=1
2026-04-24 04:03:26,181 [INFO] [MiniMax] 成功, 输出长度: 7944
2026-04-24 04:03:26,183 [INFO] [generate_summary] MiniMax状态: SUCCESS, 输出: The user asks: "Summarize in about 200 words: The 
2026-04-24 04:03:26,183 [INFO] [generate_news_summary] status=SUCCESS, len=7944
2026-04-24 04:03:27,334 [INFO] [generate_summary] 输入长度: 618, max_words: 200
2026-04-24 04:04:14,575 [INFO] [MiniMax] 请求状态: 200, attempt=1
2026-04-24 04:04:14,577 [INFO] [MiniMax] 成功, 输出长度: 9113
2026-04-24 04:04:14,579 [INFO] [generate_summary] MiniMax状态: SUCCESS, 输出: The user asks: "Summarize in about 200 words: Open
2026-04-24 04:04:14,579 [INFO] [generate_news_summary] status=SUCCESS, len=9113
2026-04-24 04:04:15,717 [INFO] [generate_summary] 输入长度: 632, max_words: 200
2026-04-24 04:04:40,283 [INFO] [MiniMax] 请求状态: 200, attempt=1
2026-04-24 04:04:40,284 [INFO] [MiniMax] 成功, 输出长度: 1407
2026-04-24 04:04:40,286 [INFO] [generate_summary] MiniMax状态: SUCCESS, 输出: OpenAI has launched **Workspace Agents**, a new en
2026-04-24 04:04:40,286 [INFO] [generate_news_summary] status=SUCCESS, len=1407
2026-04-24 04:04:41,415 [INFO] [generate_summary] 输入长度: 230, max_words: 200
2026-04-24 04:05:24,210 [INFO] [MiniMax] 请求状态: 200, attempt=1
2026-04-24 04:05:24,211 [INFO] [MiniMax] 成功, 输出长度: 8559
2026-04-24 04:05:24,214 [INFO] [generate_summary] MiniMax状态: SUCCESS, 输出: The user asks: "Summarize in about 200 words: US T
2026-04-24 04:05:24,214 [INFO] [generate_news_summary] status=SUCCESS, len=8559
2026-04-24 04:05:25,323 [INFO] [generate_summary] 输入长度: 166, max_words: 200
2026-04-24 04:05:38,991 [INFO] [MiniMax] 请求状态: 200, attempt=1
2026-04-24 04:05:38,991 [INFO] [MiniMax] 成功, 输出长度: 1128
2026-04-24 04:05:38,994 [INFO] [generate_summary] MiniMax状态: SUCCESS, 输出: DeepSeek, a Chinese artificial‑intelligence start‑
2026-04-24 04:05:38,994 [INFO] [generate_news_summary] status=SUCCESS, len=1128
2026-04-24 04:05:40,083 [INFO] [generate_summary] 输入长度: 418, max_words: 200
2026-04-24 04:05:53,124 [INFO] [MiniMax] 请求状态: 200, attempt=1
2026-04-24 04:05:53,125 [INFO] [MiniMax] 成功, 输出长度: 1631
2026-04-24 04:05:53,127 [INFO] [generate_summary] MiniMax状态: SUCCESS, 输出: The video showcases a special “Roundtables” episod
2026-04-24 04:05:53,127 [INFO] [generate_news_summary] status=SUCCESS, len=1631
2026-04-24 04:05:54,219 [INFO] [generate_summary] 输入长度: 237, max_words: 200
2026-04-24 04:06:03,977 [INFO] [MiniMax] 请求状态: 200, attempt=1
2026-04-24 04:06:03,977 [INFO] [MiniMax] 成功, 输出长度: 1293
2026-04-24 04:06:03,980 [INFO] [generate_summary] MiniMax状态: SUCCESS, 输出: U.S. regulators have finalized adjustments to the 
2026-04-24 04:06:03,980 [INFO] [generate_news_summary] status=SUCCESS, len=1293
2026-04-24 04:06:05,107 [INFO] [generate_summary] 输入长度: 520, max_words: 200
2026-04-24 04:06:14,319 [INFO] [MiniMax] 请求状态: 200, attempt=1
2026-04-24 04:06:14,320 [INFO] [MiniMax] 成功, 输出长度: 1054
2026-04-24 04:06:14,322 [INFO] [generate_summary] MiniMax状态: SUCCESS, 输出: Freeport‑McMoRan’s stock fell sharply after the co
2026-04-24 04:06:14,322 [INFO] [generate_news_summary] status=SUCCESS, len=1054
2026-04-24 04:06:15,463 [INFO] [generate_summary] 输入长度: 153, max_words: 200
2026-04-24 04:06:26,505 [INFO] [MiniMax] 请求状态: 200, attempt=1
2026-04-24 04:06:26,505 [INFO] [MiniMax] 成功, 输出长度: 1491
2026-04-24 04:06:26,507 [INFO] [generate_summary] MiniMax状态: SUCCESS, 输出: The White House recently leveled a “industrial‑sca
2026-04-24 04:06:26,508 [INFO] [generate_news_summary] status=SUCCESS, len=1491
2026-04-24 04:06:27,626 [INFO] [generate_summary] 输入长度: 180, max_words: 200
2026-04-24 04:06:39,113 [INFO] [MiniMax] 请求状态: 200, attempt=1
2026-04-24 04:06:39,113 [INFO] [MiniMax] 成功, 输出长度: 1134
2026-04-24 04:06:39,115 [INFO] [generate_summary] MiniMax状态: SUCCESS, 输出: Microsoft announced it will for the first time off
2026-04-24 04:06:39,115 [INFO] [generate_news_summary] status=SUCCESS, len=1134
2026-04-24 04:06:40,258 [INFO] [generate_summary] 输入长度: 505, max_words: 200
2026-04-24 04:06:57,224 [INFO] [MiniMax] 请求状态: 200, attempt=1
2026-04-24 04:06:57,225 [INFO] [MiniMax] 成功, 输出长度: 1358
2026-04-24 04:06:57,227 [INFO] [generate_summary] MiniMax状态: SUCCESS, 输出: The Australian travel‑management firm Corporate Tr
2026-04-24 04:06:57,227 [INFO] [generate_news_summary] status=SUCCESS, len=1358
2026-04-24 04:06:58,356 [INFO] [generate_summary] 输入长度: 413, max_words: 200
2026-04-24 04:07:32,515 [INFO] [MiniMax] 请求状态: 200, attempt=1
2026-04-24 04:07:32,517 [INFO] [MiniMax] 成功, 输出长度: 9510
2026-04-24 04:07:32,519 [INFO] [generate_summary] MiniMax状态: SUCCESS, 输出: The user asks: "Summarize in about 200 words: The 
2026-04-24 04:07:32,519 [INFO] [generate_news_summary] status=SUCCESS, len=9510
2026-04-24 04:07:33,660 [INFO] [generate_summary] 输入长度: 391, max_words: 200
2026-04-24 04:08:10,812 [INFO] [MiniMax] 请求状态: 200, attempt=1
2026-04-24 04:08:10,812 [INFO] [MiniMax] 成功, 输出长度: 1234
2026-04-24 04:08:10,815 [INFO] [generate_summary] MiniMax状态: SUCCESS, 输出: Fusion power could someday deliver steady, zero‑ca
2026-04-24 04:08:10,815 [INFO] [generate_news_summary] status=SUCCESS, len=1234
2026-04-24 04:08:11,952 [INFO] [generate_summary] 输入长度: 154, max_words: 200
2026-04-24 04:08:27,300 [INFO] [MiniMax] 请求状态: 200, attempt=1
2026-04-24 04:08:27,300 [INFO] [MiniMax] 成功, 输出长度: 1174
2026-04-24 04:08:27,303 [INFO] [generate_summary] MiniMax状态: SUCCESS, 输出: The escalating conflict with Iran has sent natural
2026-04-24 04:08:27,303 [INFO] [generate_news_summary] status=SUCCESS, len=1174
2026-04-24 04:08:28,452 [INFO] [generate_summary] 输入长度: 133, max_words: 200
2026-04-24 04:08:59,286 [INFO] [MiniMax] 请求状态: 200, attempt=1
2026-04-24 04:08:59,287 [INFO] [MiniMax] 成功, 输出长度: 22
2026-04-24 04:08:59,289 [INFO] [generate_summary] MiniMax状态: SUCCESS, 输出: Senator Josh Hawley, a
2026-04-24 04:08:59,289 [INFO] [generate_news_summary] status=SUCCESS, len=22
2026-04-24 04:09:00,355 [INFO] [generate_summary] 输入长度: 373, max_words: 200
2026-04-24 04:09:32,151 [INFO] [MiniMax] 请求状态: 200, attempt=1
2026-04-24 04:09:32,153 [INFO] [MiniMax] 成功, 输出长度: 6782
2026-04-24 04:09:32,155 [INFO] [generate_summary] MiniMax状态: SUCCESS, 输出: The user asks: "Summarize in about 200 words: Los 
2026-04-24 04:09:32,155 [INFO] [generate_news_summary] status=SUCCESS, len=6782
2026-04-24 04:09:33,263 [INFO] [generate_summary] 输入长度: 520, max_words: 200
2026-04-24 04:09:54,540 [INFO] [MiniMax] 请求状态: 200, attempt=1
2026-04-24 04:09:54,541 [INFO] [MiniMax] 成功, 输出长度: 1346
2026-04-24 04:09:54,543 [INFO] [generate_summary] MiniMax状态: SUCCESS, 输出: Taiwan President Lai Ching‑te has scrapped his pla
2026-04-24 04:09:54,543 [INFO] [generate_news_summary] status=SUCCESS, len=1346
2026-04-24 04:09:55,685 [INFO] [generate_summary] 输入长度: 590, max_words: 200
2026-04-24 04:10:07,179 [INFO] [MiniMax] 请求状态: 200, attempt=1
2026-04-24 04:10:07,179 [INFO] [MiniMax] 成功, 输出长度: 1207
2026-04-24 04:10:07,181 [INFO] [generate_summary] MiniMax状态: SUCCESS, 输出: Timor‑Leste’s opposition is demanding answers from
2026-04-24 04:10:07,182 [INFO] [generate_news_summary] status=SUCCESS, len=1207
2026-04-24 04:10:08,320 [INFO] [generate_summary] 输入长度: 221, max_words: 200
2026-04-24 04:10:44,620 [INFO] [MiniMax] 请求状态: 200, attempt=1
2026-04-24 04:10:44,621 [INFO] [MiniMax] 成功, 输出长度: 7522
2026-04-24 04:10:44,624 [INFO] [generate_summary] MiniMax状态: SUCCESS, 输出: The user wants a summary in about 200 words of the
2026-04-24 04:10:44,624 [INFO] [generate_news_summary] status=SUCCESS, len=7522
2026-04-24 04:10:45,741 [INFO] [generate_summary] 输入长度: 237, max_words: 200
2026-04-24 04:10:58,769 [INFO] [MiniMax] 请求状态: 200, attempt=1
2026-04-24 04:10:58,769 [INFO] [MiniMax] 成功, 输出长度: 1303
2026-04-24 04:10:58,771 [INFO] [generate_summary] MiniMax状态: SUCCESS, 输出: L'Atitude 52°N, a startup founded by former OnePlu
2026-04-24 04:10:58,771 [INFO] [generate_news_summary] status=SUCCESS, len=1303
2026-04-24 04:10:59,912 [INFO] [generate_summary] 输入长度: 351, max_words: 200
2026-04-24 04:11:15,644 [INFO] [MiniMax] 请求状态: 200, attempt=1
2026-04-24 04:11:15,645 [INFO] [MiniMax] 成功, 输出长度: 1333
2026-04-24 04:11:15,647 [INFO] [generate_summary] MiniMax状态: SUCCESS, 输出: Beijing warned it would “fight back” after Taiwan’
2026-04-24 04:11:15,647 [INFO] [generate_news_summary] status=SUCCESS, len=1333
2026-04-24 04:11:16,685 [INFO] [generate_summary] 输入长度: 545, max_words: 200
2026-04-24 04:11:44,971 [INFO] [MiniMax] 请求状态: 200, attempt=1
2026-04-24 04:11:44,972 [INFO] [MiniMax] 成功, 输出长度: 4842
2026-04-24 04:11:44,975 [INFO] [generate_summary] MiniMax状态: SUCCESS, 输出: The user says: "Summarize in about 200 words: [Chi
2026-04-24 04:11:44,975 [INFO] [generate_news_summary] status=SUCCESS, len=4842
2026-04-24 04:11:46,119 [INFO] [generate_summary] 输入长度: 540, max_words: 200
2026-04-24 04:12:14,673 [INFO] [MiniMax] 请求状态: 200, attempt=1
2026-04-24 04:12:14,673 [INFO] [MiniMax] 成功, 输出长度: 4014
2026-04-24 04:12:14,675 [INFO] [generate_summary] MiniMax状态: SUCCESS, 输出: The user wants a summary in about 200 words (presu
2026-04-24 04:12:14,676 [INFO] [generate_news_summary] status=SUCCESS, len=4014
2026-04-24 04:12:15,804 [INFO] [generate_summary] 输入长度: 534, max_words: 200
2026-04-24 04:12:46,158 [INFO] [MiniMax] 请求状态: 200, attempt=1
2026-04-24 04:12:46,159 [INFO] [MiniMax] 成功, 输出长度: 5157
2026-04-24 04:12:46,161 [INFO] [generate_summary] MiniMax状态: SUCCESS, 输出: The user wants a summary in about 200 words of a C
2026-04-24 04:12:46,162 [INFO] [generate_news_summary] status=SUCCESS, len=5157
2026-04-24 04:12:47,298 [INFO] [generate_summary] 输入长度: 571, max_words: 200
2026-04-24 04:13:12,418 [INFO] [MiniMax] 请求状态: 200, attempt=1
2026-04-24 04:13:12,419 [INFO] [MiniMax] 成功, 输出长度: 1339
2026-04-24 04:13:12,421 [INFO] [generate_summary] MiniMax状态: SUCCESS, 输出: Google and AWS are taking opposite sides of the AI
2026-04-24 04:13:12,421 [INFO] [generate_news_summary] status=SUCCESS, len=1339
2026-04-24 04:13:13,480 [INFO] [generate_summary] 输入长度: 642, max_words: 200
2026-04-24 04:13:26,101 [INFO] [MiniMax] 请求状态: 200, attempt=1
2026-04-24 04:13:26,101 [INFO] [MiniMax] 成功, 输出长度: 1271
2026-04-24 04:13:26,104 [INFO] [generate_summary] MiniMax状态: SUCCESS, 输出: OpenAI has introduced **Privacy Filter**, an open‑
2026-04-24 04:13:26,104 [INFO] [generate_news_summary] status=SUCCESS, len=1271
2026-04-24 04:13:27,254 [INFO] [generate_summary] 输入长度: 562, max_words: 200
2026-04-24 04:13:37,916 [INFO] [MiniMax] 请求状态: 200, attempt=1
2026-04-24 04:13:37,916 [INFO] [MiniMax] 成功, 输出长度: 1252
2026-04-24 04:13:37,919 [INFO] [generate_summary] MiniMax状态: SUCCESS, 输出: Google is carving its own path in the AI hardware 
2026-04-24 04:13:37,919 [INFO] [generate_news_summary] status=SUCCESS, len=1252
2026-04-24 04:13:39,042 [INFO] [generate_summary] 输入长度: 528, max_words: 200
2026-04-24 04:14:06,539 [INFO] [MiniMax] 请求状态: 200, attempt=1
2026-04-24 04:14:06,540 [INFO] [MiniMax] 成功, 输出长度: 4926
2026-04-24 04:14:06,542 [INFO] [generate_summary] MiniMax状态: SUCCESS, 输出: The user asks: "Summarize in about 200 words: 破局“智
2026-04-24 04:14:06,542 [INFO] [generate_news_summary] status=SUCCESS, len=4926
2026-04-24 04:14:07,653 [INFO] [generate_summary] 输入长度: 249, max_words: 200
2026-04-24 04:14:31,843 [INFO] [MiniMax] 请求状态: 200, attempt=1
2026-04-24 04:14:31,844 [INFO] [MiniMax] 成功, 输出长度: 4480
2026-04-24 04:14:31,847 [INFO] [generate_summary] MiniMax状态: SUCCESS, 输出: The user asks: "Summarize in about 200 words: [Chi
2026-04-24 04:14:31,847 [INFO] [generate_news_summary] status=SUCCESS, len=4480
2026-04-24 04:14:32,976 [INFO] [generate_summary] 输入长度: 231, max_words: 200
2026-04-24 04:14:44,123 [INFO] [MiniMax] 请求状态: 200, attempt=1
2026-04-24 04:14:44,124 [INFO] [MiniMax] 成功, 输出长度: 1449
2026-04-24 04:14:44,126 [INFO] [generate_summary] MiniMax状态: SUCCESS, 输出: Michelle Bowman, the Federal Reserve’s top banking
2026-04-24 04:14:44,126 [INFO] [generate_news_summary] status=SUCCESS, len=1449
2026-04-24 04:14:45,276 [INFO] [generate_summary] 输入长度: 203, max_words: 200
2026-04-24 04:14:56,611 [INFO] [MiniMax] 请求状态: 200, attempt=1
2026-04-24 04:14:56,612 [INFO] [MiniMax] 成功, 输出长度: 1082
2026-04-24 04:14:56,614 [INFO] [generate_summary] MiniMax状态: SUCCESS, 输出: Oil prices surged on Tuesday after fresh signs of 
2026-04-24 04:14:56,614 [INFO] [generate_news_summary] status=SUCCESS, len=1082
2026-04-24 04:14:57,746 [INFO] [generate_summary] 输入长度: 225, max_words: 200
2026-04-24 04:15:15,669 [INFO] [MiniMax] 请求状态: 200, attempt=1
2026-04-24 04:15:15,670 [INFO] [MiniMax] 成功, 输出长度: 1214
2026-04-24 04:15:15,672 [INFO] [generate_summary] MiniMax状态: SUCCESS, 输出: A matéria “Veja os Três Assuntos Que Marcaram a Se
2026-04-24 04:15:15,672 [INFO] [generate_news_summary] status=SUCCESS, len=1214
2026-04-24 04:15:16,817 [INFO] [generate_summary] 输入长度: 315, max_words: 200
2026-04-24 04:15:49,039 [INFO] [MiniMax] 请求状态: 200, attempt=1
2026-04-24 04:15:49,040 [INFO] [MiniMax] 成功, 输出长度: 9786
2026-04-24 04:15:49,042 [INFO] [generate_summary] MiniMax状态: SUCCESS, 输出: This is a request to summarize a text. The text is
2026-04-24 04:15:49,042 [INFO] [generate_news_summary] status=SUCCESS, len=9786
2026-04-24 04:15:50,163 [INFO] [generate_summary] 输入长度: 232, max_words: 200
2026-04-24 04:16:20,608 [INFO] [MiniMax] 请求状态: 200, attempt=1
2026-04-24 04:16:20,610 [INFO] [MiniMax] 成功, 输出长度: 7891
2026-04-24 04:16:20,612 [INFO] [generate_summary] MiniMax状态: SUCCESS, 输出: The user asks: "Summarize in about 200 words: Look
2026-04-24 04:16:20,612 [INFO] [generate_news_summary] status=SUCCESS, len=7891
2026-04-24 04:16:21,680 [INFO] [generate_summary] 输入长度: 283, max_words: 200
2026-04-24 04:16:38,000 [INFO] [MiniMax] 请求状态: 200, attempt=1
2026-04-24 04:16:38,000 [INFO] [MiniMax] 成功, 输出长度: 1209
2026-04-24 04:16:38,003 [INFO] [generate_summary] MiniMax状态: SUCCESS, 输出: President Claudia Sheinbaum moved quickly to calm 
2026-04-24 04:16:38,003 [INFO] [generate_news_summary] status=SUCCESS, len=1209
2026-04-24 04:16:39,143 [INFO] [generate_summary] 输入长度: 200, max_words: 200
2026-04-24 04:16:53,364 [INFO] [MiniMax] 请求状态: 200, attempt=1
2026-04-24 04:16:53,365 [INFO] [MiniMax] 成功, 输出长度: 1413
2026-04-24 04:16:53,367 [INFO] [generate_summary] MiniMax状态: SUCCESS, 输出: The U.S. dollar surged to its highest level in ten
2026-04-24 04:16:53,367 [INFO] [generate_news_summary] status=SUCCESS, len=1413
2026-04-24 04:16:54,505 [INFO] [generate_summary] 输入长度: 139, max_words: 200
2026-04-24 04:17:11,281 [INFO] [MiniMax] 请求状态: 200, attempt=1
2026-04-24 04:17:11,282 [INFO] [MiniMax] 成功, 输出长度: 1119
2026-04-24 04:17:11,284 [INFO] [generate_summary] MiniMax状态: SUCCESS, 输出: President Donald Trump warned that the U.S. Navy w
2026-04-24 04:17:11,284 [INFO] [generate_news_summary] status=SUCCESS, len=1119
2026-04-24 04:17:12,420 [INFO] [generate_summary] 输入长度: 113, max_words: 200
2026-04-24 04:17:40,503 [INFO] [MiniMax] 请求状态: 200, attempt=1
2026-04-24 04:17:40,504 [INFO] [MiniMax] 成功, 输出长度: 978
2026-04-24 04:17:40,506 [INFO] [generate_summary] MiniMax状态: SUCCESS, 输出: U.S. Navy Secretary John Phelan was ousted Friday 
2026-04-24 04:17:40,506 [INFO] [generate_news_summary] status=SUCCESS, len=978
2026-04-24 04:17:41,649 [INFO] [generate_summary] 输入长度: 106, max_words: 200
2026-04-24 04:18:01,392 [INFO] [MiniMax] 请求状态: 200, attempt=1
2026-04-24 04:18:01,392 [INFO] [MiniMax] 成功, 输出长度: 937
2026-04-24 04:18:01,395 [INFO] [generate_summary] MiniMax状态: SUCCESS, 输出: KPMG US will cut about 10 % of its audit partners 
2026-04-24 04:18:01,395 [INFO] [generate_news_summary] status=SUCCESS, len=937
2026-04-24 04:18:02,543 [INFO] [generate_summary] 输入长度: 212, max_words: 200
2026-04-24 04:18:12,859 [INFO] [MiniMax] 请求状态: 200, attempt=1
2026-04-24 04:18:12,860 [INFO] [MiniMax] 成功, 输出长度: 1363
2026-04-24 04:18:12,863 [INFO] [generate_summary] MiniMax状态: SUCCESS, 输出: Lyse Doucet, reporting from Tehran for the BBC, pa
2026-04-24 04:18:12,863 [INFO] [generate_news_summary] status=SUCCESS, len=1363
2026-04-24 04:18:14,013 [INFO] [generate_summary] 输入长度: 585, max_words: 200
2026-04-24 04:18:41,900 [INFO] [MiniMax] 请求状态: 200, attempt=1
2026-04-24 04:18:41,901 [INFO] [MiniMax] 成功, 输出长度: 1211
2026-04-24 04:18:41,903 [INFO] [generate_summary] MiniMax状态: SUCCESS, 输出: In a landmark decision, in an unprecedented move, 
2026-04-24 04:18:41,903 [INFO] [generate_news_summary] status=SUCCESS, len=1211
2026-04-24 04:18:43,047 [INFO] [generate_summary] 输入长度: 612, max_words: 200
2026-04-24 04:19:07,680 [INFO] [MiniMax] 请求状态: 200, attempt=1
2026-04-24 04:19:07,681 [INFO] [MiniMax] 成功, 输出长度: 1413
2026-04-24 04:19:07,683 [INFO] [generate_summary] MiniMax状态: SUCCESS, 输出: The New South Wales and Queensland governments hav
2026-04-24 04:19:07,683 [INFO] [generate_news_summary] status=SUCCESS, len=1413
2026-04-24 04:19:08,834 [INFO] [generate_summary] 输入长度: 627, max_words: 200
2026-04-24 04:19:43,857 [INFO] [MiniMax] 请求状态: 200, attempt=1
2026-04-24 04:19:43,858 [INFO] [MiniMax] 成功, 输出长度: 1270
2026-04-24 04:19:43,860 [INFO] [generate_summary] MiniMax状态: SUCCESS, 输出: The corporate world has spent the past 18 months r
2026-04-24 04:19:43,860 [INFO] [generate_news_summary] status=SUCCESS, len=1270
2026-04-24 04:19:44,908 [INFO] [generate_summary] 输入长度: 213, max_words: 200
2026-04-24 04:20:04,541 [INFO] [MiniMax] 请求状态: 200, attempt=1
2026-04-24 04:20:04,542 [INFO] [MiniMax] 成功, 输出长度: 231
2026-04-24 04:20:04,544 [INFO] [generate_summary] MiniMax状态: SUCCESS, 输出: 苹果CEO库克宣布将长期担任执行董事长，以确保公司战略连贯。张雪机车因安全隐患召回了286台820R
2026-04-24 04:20:04,544 [INFO] [generate_news_summary] status=SUCCESS, len=231
2026-04-24 04:20:05,694 [INFO] [generate_summary] 输入长度: 284, max_words: 200
2026-04-24 04:20:24,443 [INFO] [MiniMax] 请求状态: 200, attempt=1
2026-04-24 04:20:24,444 [INFO] [MiniMax] 成功, 输出长度: 1667
2026-04-24 04:20:24,446 [INFO] [generate_summary] MiniMax状态: SUCCESS, 输出: Markets entered a turbulent session Thursday as re
2026-04-24 04:20:24,446 [INFO] [generate_news_summary] status=SUCCESS, len=1667
2026-04-24 04:20:25,577 [INFO] [generate_summary] 输入长度: 156, max_words: 200
2026-04-24 04:20:40,930 [INFO] [MiniMax] 请求状态: 200, attempt=1
2026-04-24 04:20:40,930 [INFO] [MiniMax] 成功, 输出长度: 1459
2026-04-24 04:20:40,933 [INFO] [generate_summary] MiniMax状态: SUCCESS, 输出: L Catterton, the private‑equity firm backed by lux
2026-04-24 04:20:40,933 [INFO] [generate_news_summary] status=SUCCESS, len=1459
2026-04-24 04:20:42,083 [INFO] [generate_summary] 输入长度: 580, max_words: 200
2026-04-24 04:21:14,282 [INFO] [MiniMax] 请求状态: 200, attempt=1
2026-04-24 04:21:14,283 [INFO] [MiniMax] 成功, 输出长度: 7407
2026-04-24 04:21:14,286 [INFO] [generate_summary] MiniMax状态: SUCCESS, 输出: The user asks: "Summarize in about 200 words: Brit
2026-04-24 04:21:14,286 [INFO] [generate_news_summary] status=SUCCESS, len=7407
2026-04-24 04:21:15,436 [INFO] [generate_summary] 输入长度: 406, max_words: 200
2026-04-24 04:21:46,739 [INFO] [MiniMax] 请求状态: 200, attempt=1
2026-04-24 04:21:46,741 [INFO] [MiniMax] 成功, 输出长度: 8124
2026-04-24 04:21:46,743 [INFO] [generate_summary] MiniMax状态: SUCCESS, 输出: The user wants a summary of the text in about 200 
2026-04-24 04:21:46,743 [INFO] [generate_news_summary] status=SUCCESS, len=8124
2026-04-24 04:21:47,858 [INFO] [generate_summary] 输入长度: 372, max_words: 200
2026-04-24 04:21:59,777 [INFO] [MiniMax] 请求状态: 200, attempt=1
2026-04-24 04:21:59,778 [INFO] [MiniMax] 成功, 输出长度: 1087
2026-04-24 04:21:59,780 [INFO] [generate_summary] MiniMax状态: SUCCESS, 输出: The passage argues that the classic idea of “natur
2026-04-24 04:21:59,780 [INFO] [generate_news_summary] status=SUCCESS, len=1087
2026-04-24 04:22:00,921 [INFO] [generate_summary] 输入长度: 234, max_words: 200
2026-04-24 04:22:15,418 [INFO] [MiniMax] 请求状态: 200, attempt=1
2026-04-24 04:22:15,418 [INFO] [MiniMax] 成功, 输出长度: 1106
2026-04-24 04:22:15,421 [INFO] [generate_summary] MiniMax状态: SUCCESS, 输出: Sam Altman’s startup Orb recently advertised a par
2026-04-24 04:22:15,421 [INFO] [generate_news_summary] status=SUCCESS, len=1106
2026-04-24 04:22:16,507 [INFO] [generate_summary] 输入长度: 580, max_words: 200
2026-04-24 04:22:30,365 [INFO] [MiniMax] 请求状态: 200, attempt=1
2026-04-24 04:22:30,365 [INFO] [MiniMax] 成功, 输出长度: 1313
2026-04-24 04:22:30,368 [INFO] [generate_summary] MiniMax状态: SUCCESS, 输出: **Summary**

Enterprise teams often adopt multi‑ag
2026-04-24 04:22:30,368 [INFO] [generate_news_summary] status=SUCCESS, len=1313
2026-04-24 04:22:31,419 [INFO] [generate_summary] 输入长度: 96, max_words: 200
2026-04-24 04:23:03,275 [INFO] [MiniMax] 请求状态: 200, attempt=1
2026-04-24 04:23:03,276 [INFO] [MiniMax] 成功, 输出长度: 7880
2026-04-24 04:23:03,278 [INFO] [generate_summary] MiniMax状态: SUCCESS, 输出: The user asks: "Summarize in about 200 words: Wall
2026-04-24 04:23:03,278 [INFO] [generate_news_summary] status=SUCCESS, len=7880
2026-04-24 04:23:04,428 [INFO] [generate_summary] 输入长度: 297, max_words: 200
2026-04-24 04:23:22,174 [INFO] [MiniMax] 请求状态: 200, attempt=1
2026-04-24 04:23:22,175 [INFO] [MiniMax] 成功, 输出长度: 1209
2026-04-24 04:23:22,177 [INFO] [generate_summary] MiniMax状态: SUCCESS, 输出: NASA announced the four astronauts who will crew t
2026-04-24 04:23:22,177 [INFO] [generate_news_summary] status=SUCCESS, len=1209
2026-04-24 04:23:23,298 [INFO] [generate_summary] 输入长度: 430, max_words: 200
2026-04-24 04:23:46,876 [INFO] [MiniMax] 请求状态: 200, attempt=1
2026-04-24 04:23:46,877 [INFO] [MiniMax] 成功, 输出长度: 1403
2026-04-24 04:23:46,879 [INFO] [generate_summary] MiniMax状态: SUCCESS, 输出: In the April 2023 parliamentary election, Finland’
2026-04-24 04:23:46,879 [INFO] [generate_news_summary] status=SUCCESS, len=1403
2026-04-24 04:23:48,009 [INFO] [generate_summary] 输入长度: 226, max_words: 200
2026-04-24 04:24:13,106 [INFO] [MiniMax] 请求状态: 200, attempt=1
2026-04-24 04:24:13,107 [INFO] [MiniMax] 成功, 输出长度: 1324
2026-04-24 04:24:13,109 [INFO] [generate_summary] MiniMax状态: SUCCESS, 输出: Since the start of 2023 the British pound has outp
2026-04-24 04:24:13,109 [INFO] [generate_news_summary] status=SUCCESS, len=1324
2026-04-24 04:24:14,179 [INFO] [generate_summary] 输入长度: 435, max_words: 200
2026-04-24 04:24:25,456 [INFO] [MiniMax] 请求状态: 200, attempt=1
2026-04-24 04:24:25,457 [INFO] [MiniMax] 成功, 输出长度: 1096
2026-04-24 04:24:25,459 [INFO] [generate_summary] MiniMax状态: SUCCESS, 输出: A short video circulating online captures a confro
2026-04-24 04:24:25,459 [INFO] [generate_news_summary] status=SUCCESS, len=1096
2026-04-24 04:24:26,601 [INFO] [generate_summary] 输入长度: 144, max_words: 200
2026-04-24 04:24:55,358 [INFO] [MiniMax] 请求状态: 200, attempt=1
2026-04-24 04:24:55,359 [INFO] [MiniMax] 成功, 输出长度: 1302
2026-04-24 04:24:55,361 [INFO] [generate_summary] MiniMax状态: SUCCESS, 输出: AI is being marketed poorly. A pitch that says the
2026-04-24 04:24:55,361 [INFO] [generate_news_summary] status=SUCCESS, len=1302
2026-04-24 04:24:56,378 [INFO] [generate_summary] 输入长度: 523, max_words: 200
2026-04-24 04:25:23,248 [INFO] [MiniMax] 请求状态: 200, attempt=1
2026-04-24 04:25:23,250 [INFO] [MiniMax] 成功, 输出长度: 5535
2026-04-24 04:25:23,252 [INFO] [generate_summary] MiniMax状态: SUCCESS, 输出: The user asks: "Summarize in about 200 words: 美国百年
2026-04-24 04:25:23,252 [INFO] [generate_news_summary] status=SUCCESS, len=5535
2026-04-24 04:25:24,403 [INFO] [generate_summary] 输入长度: 604, max_words: 200
2026-04-24 04:25:40,593 [INFO] [MiniMax] 请求状态: 200, attempt=1
2026-04-24 04:25:40,593 [INFO] [MiniMax] 成功, 输出长度: 265
2026-04-24 04:25:40,596 [INFO] [generate_summary] MiniMax状态: SUCCESS, 输出: ThinkPad推出AI主机，一键部署“龙虾”，相较云主机三年可节省48%成本；量化投资先驱马丁·卢
2026-04-24 04:25:40,596 [INFO] [generate_news_summary] status=SUCCESS, len=265
2026-04-24 04:25:41,744 [INFO] [generate_summary] 输入长度: 535, max_words: 200
2026-04-24 04:26:12,768 [INFO] [MiniMax] 请求状态: 200, attempt=1
2026-04-24 04:26:12,770 [INFO] [MiniMax] 成功, 输出长度: 5178
2026-04-24 04:26:12,772 [INFO] [generate_summary] MiniMax状态: SUCCESS, 输出: The user asks: "Summarize in about 200 words: [Chi
2026-04-24 04:26:12,772 [INFO] [generate_news_summary] status=SUCCESS, len=5178
2026-04-24 04:26:13,909 [INFO] [generate_summary] 输入长度: 57, max_words: 200
2026-04-24 04:26:53,424 [INFO] [MiniMax] 请求状态: 200, attempt=1
2026-04-24 04:26:53,425 [INFO] [MiniMax] 成功, 输出长度: 6570
2026-04-24 04:26:53,428 [INFO] [generate_summary] MiniMax状态: SUCCESS, 输出: The user says: "Summarize in about 200 words: Open
2026-04-24 04:26:53,428 [INFO] [generate_news_summary] status=SUCCESS, len=6570
2026-04-24 04:26:54,548 [INFO] [generate_summary] 输入长度: 171, max_words: 200
2026-04-24 04:27:13,903 [INFO] [MiniMax] 请求状态: 200, attempt=1
2026-04-24 04:27:13,904 [INFO] [MiniMax] 成功, 输出长度: 1671
2026-04-24 04:27:13,906 [INFO] [generate_summary] MiniMax状态: SUCCESS, 输出: A massive chunk of glacier has plugged the main cl
2026-04-24 04:27:13,906 [INFO] [generate_news_summary] status=SUCCESS, len=1671
2026-04-24 04:27:15,032 [INFO] [generate_summary] 输入长度: 67, max_words: 200
2026-04-24 04:28:16,299 [ERROR] [MiniMax] 请求异常: HTTPSConnectionPool(host='api.minimax.chat', port=443): Read timed out. (read timeout=60), attempt=1/3
2026-04-24 04:28:43,883 [INFO] [MiniMax] 请求状态: 200, attempt=2
2026-04-24 04:28:43,884 [INFO] [MiniMax] 成功, 输出长度: 1445
2026-04-24 04:28:43,884 [INFO] [generate_summary] MiniMax状态: SUCCESS, 输出: Russian authorities have detained a suspect in con
2026-04-24 04:28:43,884 [INFO] [generate_news_summary] status=SUCCESS, len=1445
2026-04-24 04:28:45,029 [INFO] [generate_summary] 输入长度: 544, max_words: 200
2026-04-24 04:28:56,446 [INFO] [MiniMax] 请求状态: 200, attempt=1
2026-04-24 04:28:56,447 [INFO] [MiniMax] 成功, 输出长度: 1377
2026-04-24 04:28:56,449 [INFO] [generate_summary] MiniMax状态: SUCCESS, 输出: In a major enforcement effort, federal and local l
2026-04-24 04:28:56,449 [INFO] [generate_news_summary] status=SUCCESS, len=1377
2026-04-24 04:28:57,595 [INFO] [generate_summary] 输入长度: 598, max_words: 200
2026-04-24 04:29:27,766 [INFO] [MiniMax] 请求状态: 200, attempt=1
2026-04-24 04:29:27,767 [INFO] [MiniMax] 成功, 输出长度: 8041
2026-04-24 04:29:27,769 [INFO] [generate_summary] MiniMax状态: SUCCESS, 输出: The user wants a summary in about 200 words of the
2026-04-24 04:29:27,770 [INFO] [generate_news_summary] status=SUCCESS, len=8041
2026-04-24 04:29:28,799 [INFO] [generate_summary] 输入长度: 615, max_words: 200
2026-04-24 04:29:42,489 [INFO] [MiniMax] 请求状态: 200, attempt=1
2026-04-24 04:29:42,489 [INFO] [MiniMax] 成功, 输出长度: 1157
2026-04-24 04:29:42,491 [INFO] [generate_summary] MiniMax状态: SUCCESS, 输出: Rosemarie Milsom, the founder and director of the 
2026-04-24 04:29:42,491 [INFO] [generate_news_summary] status=SUCCESS, len=1157
2026-04-24 04:29:43,610 [INFO] [generate_summary] 输入长度: 590, max_words: 200
2026-04-24 04:30:09,867 [INFO] [MiniMax] 请求状态: 200, attempt=1
2026-04-24 04:30:09,868 [INFO] [MiniMax] 成功, 输出长度: 7267
2026-04-24 04:30:09,870 [INFO] [generate_summary] MiniMax状态: SUCCESS, 输出: The user says: "Summarize in about 200 words: Rine
2026-04-24 04:30:09,870 [INFO] [generate_news_summary] status=SUCCESS, len=7267
2026-04-24 04:30:10,984 [INFO] [generate_summary] 输入长度: 170, max_words: 200
2026-04-24 04:30:33,186 [INFO] [MiniMax] 请求状态: 200, attempt=1
2026-04-24 04:30:33,186 [INFO] [MiniMax] 成功, 输出长度: 1505
2026-04-24 04:30:33,188 [INFO] [generate_summary] MiniMax状态: SUCCESS, 输出: At Stanford, a newly‑minted computer‑science elect
2026-04-24 04:30:33,189 [INFO] [generate_news_summary] status=SUCCESS, len=1505
2026-04-24 04:30:34,289 [INFO] [generate_summary] 输入长度: 161, max_words: 200
2026-04-24 04:30:50,005 [INFO] [MiniMax] 请求状态: 200, attempt=1
2026-04-24 04:30:50,005 [INFO] [MiniMax] 成功, 输出长度: 1361
2026-04-24 04:30:50,007 [INFO] [generate_summary] MiniMax状态: SUCCESS, 输出: Sony’s Inzone H6 Air is a wireless gaming headset 
2026-04-24 04:30:50,008 [INFO] [generate_news_summary] status=SUCCESS, len=1361
2026-04-24 04:30:51,146 [INFO] [generate_summary] 输入长度: 180, max_words: 200
2026-04-24 04:31:02,497 [INFO] [MiniMax] 请求状态: 200, attempt=1
2026-04-24 04:31:02,498 [INFO] [MiniMax] 成功, 输出长度: 1369
2026-04-24 04:31:02,500 [INFO] [generate_summary] MiniMax状态: SUCCESS, 输出: Chirp is an online retailer that regularly offers 
2026-04-24 04:31:02,500 [INFO] [generate_news_summary] status=SUCCESS, len=1369
2026-04-24 04:31:03,649 [INFO] [generate_summary] 输入长度: 578, max_words: 200
2026-04-24 04:31:15,484 [INFO] [MiniMax] 请求状态: 200, attempt=1
2026-04-24 04:31:15,485 [INFO] [MiniMax] 成功, 输出长度: 1101
2026-04-24 04:31:15,487 [INFO] [generate_summary] MiniMax状态: SUCCESS, 输出: El Salvador began a massive collective trial on Tu
2026-04-24 04:31:15,487 [INFO] [generate_news_summary] status=SUCCESS, len=1101
2026-04-24 04:31:16,637 [INFO] [generate_summary] 输入长度: 216, max_words: 200
2026-04-24 04:31:32,982 [INFO] [MiniMax] 请求状态: 200, attempt=1
2026-04-24 04:31:32,983 [INFO] [MiniMax] 成功, 输出长度: 1533
2026-04-24 04:31:32,985 [INFO] [generate_summary] MiniMax状态: SUCCESS, 输出: Mark Moran, an underdog Democratic‑candidate for t
2026-04-24 04:31:32,985 [INFO] [generate_news_summary] status=SUCCESS, len=1533
2026-04-24 04:31:34,085 [INFO] [generate_summary] 输入长度: 576, max_words: 200
2026-04-24 04:32:10,662 [INFO] [MiniMax] 请求状态: 200, attempt=1
2026-04-24 04:32:10,664 [INFO] [MiniMax] 成功, 输出长度: 9587
2026-04-24 04:32:10,666 [INFO] [generate_summary] MiniMax状态: SUCCESS, 输出: The user says: "Summarize in about 200 words: Two 
2026-04-24 04:32:10,666 [INFO] [generate_news_summary] status=SUCCESS, len=9587
2026-04-24 04:32:11,692 [INFO] [generate_summary] 输入长度: 579, max_words: 200
2026-04-24 04:32:24,334 [INFO] [MiniMax] 请求状态: 200, attempt=1
2026-04-24 04:32:24,334 [INFO] [MiniMax] 成功, 输出长度: 1386
2026-04-24 04:32:24,336 [INFO] [generate_summary] MiniMax状态: SUCCESS, 输出: Karex Bhd, the world’s largest condom manufacturer
2026-04-24 04:32:24,337 [INFO] [generate_news_summary] status=SUCCESS, len=1386
2026-04-24 04:32:25,463 [INFO] [generate_summary] 输入长度: 606, max_words: 200
2026-04-24 04:32:53,091 [INFO] [MiniMax] 请求状态: 200, attempt=1
2026-04-24 04:32:53,092 [INFO] [MiniMax] 成功, 输出长度: 1323
2026-04-24 04:32:53,094 [INFO] [generate_summary] MiniMax状态: SUCCESS, 输出: A Chinese student who took part in pro‑democracy p
2026-04-24 04:32:53,095 [INFO] [generate_news_summary] status=SUCCESS, len=1323
2026-04-24 04:32:54,097 [INFO] [generate_summary] 输入长度: 218, max_words: 200
2026-04-24 04:33:10,668 [INFO] [MiniMax] 请求状态: 200, attempt=1
2026-04-24 04:33:10,668 [INFO] [MiniMax] 成功, 输出长度: 1216
2026-04-24 04:33:10,670 [INFO] [generate_summary] MiniMax状态: SUCCESS, 输出: A surveillance video captures the instant a bomb d
2026-04-24 04:33:10,670 [INFO] [generate_news_summary] status=SUCCESS, len=1216
2026-04-24 04:33:11,779 [INFO] [generate_summary] 输入长度: 334, max_words: 200
2026-04-24 04:33:19,202 [INFO] [MiniMax] 请求状态: 200, attempt=1
2026-04-24 04:33:19,202 [INFO] [MiniMax] 成功, 输出长度: 1368
2026-04-24 04:33:19,204 [INFO] [generate_summary] MiniMax状态: SUCCESS, 输出: ## Summary

A volunteer soldier identified as Akul
2026-04-24 04:33:19,205 [INFO] [generate_news_summary] status=SUCCESS, len=1368
2026-04-24 04:33:20,349 [INFO] [generate_summary] 输入长度: 362, max_words: 200
2026-04-24 04:33:49,785 [INFO] [MiniMax] 请求状态: 200, attempt=1
2026-04-24 04:33:49,786 [INFO] [MiniMax] 成功, 输出长度: 1576
2026-04-24 04:33:49,788 [INFO] [generate_summary] MiniMax状态: SUCCESS, 输出: The global beauty market, valued at roughly $500 b
2026-04-24 04:33:49,788 [INFO] [generate_news_summary] status=SUCCESS, len=1576
2026-04-24 04:33:50,934 [INFO] [generate_summary] 输入长度: 586, max_words: 200
2026-04-24 04:34:11,800 [INFO] [MiniMax] 请求状态: 200, attempt=1
2026-04-24 04:34:11,800 [INFO] [MiniMax] 成功, 输出长度: 1303
2026-04-24 04:34:11,803 [INFO] [generate_summary] MiniMax状态: SUCCESS, 输出: Charlize Theron, a former ballet dancer turned Osc
2026-04-24 04:34:11,803 [INFO] [generate_news_summary] status=SUCCESS, len=1303
2026-04-24 04:34:12,926 [INFO] [generate_summary] 输入长度: 111, max_words: 200
2026-04-24 04:34:46,884 [INFO] [MiniMax] 请求状态: 200, attempt=1
2026-04-24 04:34:46,884 [INFO] [MiniMax] 成功, 输出长度: 8191
2026-04-24 04:34:46,885 [INFO] [generate_summary] MiniMax状态: SUCCESS, 输出: The user asks: "Summarize in about 200 words: Roun
2026-04-24 04:34:46,885 [INFO] [generate_news_summary] status=SUCCESS, len=8191
2026-04-24 04:34:48,036 [INFO] [generate_summary] 输入长度: 104, max_words: 200
2026-04-24 04:35:19,213 [INFO] [MiniMax] 请求状态: 200, attempt=1
2026-04-24 04:35:19,214 [INFO] [MiniMax] 成功, 输出长度: 1344
2026-04-24 04:35:19,216 [INFO] [generate_summary] MiniMax状态: SUCCESS, 输出: The article argues that the ongoing Iran conflict 
2026-04-24 04:35:19,216 [INFO] [generate_news_summary] status=SUCCESS, len=1344
2026-04-24 04:35:20,346 [INFO] [generate_summary] 输入长度: 144, max_words: 200
2026-04-24 04:35:34,751 [INFO] [MiniMax] 请求状态: 200, attempt=1
2026-04-24 04:35:34,752 [INFO] [MiniMax] 成功, 输出长度: 1459
2026-04-24 04:35:34,754 [INFO] [generate_summary] MiniMax状态: SUCCESS, 输出: **Summary (≈200 words)**  

“Bitcoin vs The World:
2026-04-24 04:35:34,754 [INFO] [generate_news_summary] status=SUCCESS, len=1459
2026-04-24 04:35:35,896 [INFO] [generate_summary] 输入长度: 543, max_words: 200
2026-04-24 04:36:03,970 [INFO] [MiniMax] 请求状态: 200, attempt=1
2026-04-24 04:36:03,971 [INFO] [MiniMax] 成功, 输出长度: 5098
2026-04-24 04:36:03,973 [INFO] [generate_summary] MiniMax状态: SUCCESS, 输出: The user asks: "Summarize in about 200 words: 固态激光
2026-04-24 04:36:03,973 [INFO] [generate_news_summary] status=SUCCESS, len=5098
2026-04-24 04:36:05,090 [INFO] [generate_summary] 输入长度: 109, max_words: 200
2026-04-24 04:36:39,972 [INFO] [MiniMax] 请求状态: 200, attempt=1
2026-04-24 04:36:39,973 [INFO] [MiniMax] 成功, 输出长度: 4914
2026-04-24 04:36:39,975 [INFO] [generate_summary] MiniMax状态: SUCCESS, 输出: The user asks: "Summarize in about 200 words: 美股大型
2026-04-24 04:36:39,975 [INFO] [generate_news_summary] status=SUCCESS, len=4914
2026-04-24 04:36:41,070 [INFO] [generate_summary] 输入长度: 125, max_words: 200
2026-04-24 04:37:08,138 [INFO] [MiniMax] 请求状态: 200, attempt=1
2026-04-24 04:37:08,139 [INFO] [MiniMax] 成功, 输出长度: 5072
2026-04-24 04:37:08,141 [INFO] [generate_summary] MiniMax状态: SUCCESS, 输出: The user requests: "Summarize in about 200 words: 
2026-04-24 04:37:08,141 [INFO] [generate_news_summary] status=SUCCESS, len=5072
2026-04-24 04:37:09,287 [INFO] [generate_summary] 输入长度: 229, max_words: 200
2026-04-24 04:37:41,392 [INFO] [MiniMax] 请求状态: 200, attempt=1
2026-04-24 04:37:41,393 [INFO] [MiniMax] 成功, 输出长度: 4820
2026-04-24 04:37:41,395 [INFO] [generate_summary] MiniMax状态: SUCCESS, 输出: The user wants a summary in about 200 words. Provi
2026-04-24 04:37:41,396 [INFO] [generate_news_summary] status=SUCCESS, len=4820
2026-04-24 04:37:42,531 [INFO] [generate_summary] 输入长度: 31, max_words: 200
2026-04-24 04:38:13,666 [INFO] [MiniMax] 请求状态: 200, attempt=1
2026-04-24 04:38:13,667 [INFO] [MiniMax] 成功, 输出长度: 7567
2026-04-24 04:38:13,669 [INFO] [generate_summary] MiniMax状态: SUCCESS, 输出: The user says: "Summarize in about 200 words: “第四范
2026-04-24 04:38:13,670 [INFO] [generate_news_summary] status=SUCCESS, len=7567
2026-04-24 04:38:14,742 [INFO] [generate_summary] 输入长度: 92, max_words: 200
2026-04-24 04:38:42,481 [INFO] [MiniMax] 请求状态: 200, attempt=1
2026-04-24 04:38:42,483 [INFO] [MiniMax] 成功, 输出长度: 4598
2026-04-24 04:38:42,485 [INFO] [generate_summary] MiniMax状态: SUCCESS, 输出: The user asks: "Summarize in about 200 words: 起底 G
2026-04-24 04:38:42,485 [INFO] [generate_news_summary] status=SUCCESS, len=4598
2026-04-24 04:38:43,634 [INFO] [generate_summary] 输入长度: 245, max_words: 200
2026-04-24 04:38:58,109 [INFO] [MiniMax] 请求状态: 200, attempt=1
2026-04-24 04:38:58,110 [INFO] [MiniMax] 成功, 输出长度: 1278
2026-04-24 04:38:58,112 [INFO] [generate_summary] MiniMax状态: SUCCESS, 输出: Jane Street Group has asked a federal judge to dis
2026-04-24 04:38:58,112 [INFO] [generate_news_summary] status=SUCCESS, len=1278
2026-04-24 04:38:59,239 [INFO] [generate_summary] 输入长度: 236, max_words: 200
2026-04-24 04:39:40,296 [INFO] [MiniMax] 请求状态: 200, attempt=1
2026-04-24 04:39:40,297 [INFO] [MiniMax] 成功, 输出长度: 8411
2026-04-24 04:39:40,299 [INFO] [generate_summary] MiniMax状态: SUCCESS, 输出: The user asks: "Summarize in about 200 words: Lulu
2026-04-24 04:39:40,299 [INFO] [generate_news_summary] status=SUCCESS, len=8411
2026-04-24 04:39:41,440 [INFO] [generate_summary] 输入长度: 231, max_words: 200
/Users/vincentnie/Library/Python/3.9/lib/python/site-packages/urllib3/__init__.py:35: NotOpenSSLWarning: urllib3 v2 only supports OpenSSL 1.1.1+, currently the 'ssl' module is compiled with 'LibreSSL 2.8.3'. See: https://github.com/urllib3/urllib3/issues/3020
  warnings.warn(
/Users/vincentnie/Library/Python/3.9/lib/python/site-packages/urllib3/connectionpool.py:1097: InsecureRequestWarning: Unverified HTTPS request is being made to host '127.0.0.1'. Adding certificate verification is strongly advised. See: https://urllib3.readthedocs.io/en/latest/advanced-usage.html#tls-warnings
  warnings.warn(
/Users/vincentnie/Library/Python/3.9/lib/python/site-packages/urllib3/connectionpool.py:1097: InsecureRequestWarning: Unverified HTTPS request is being made to host '127.0.0.1'. Adding certificate verification is strongly advised. See: https://urllib3.readthedocs.io/en/latest/advanced-usage.html#tls-warnings
  warnings.warn(
/Users/vincentnie/Library/Python/3.9/lib/python/site-packages/urllib3/connectionpool.py:1097: InsecureRequestWarning: Unverified HTTPS request is being made to host '127.0.0.1'. Adding certificate verification is strongly advised. See: https://urllib3.readthedocs.io/en/latest/advanced-usage.html#tls-warnings
  warnings.warn(
/Users/vincentnie/Library/Python/3.9/lib/python/site-packages/urllib3/connectionpool.py:1097: InsecureRequestWarning: Unverified HTTPS request is being made to host '127.0.0.1'. Adding certificate verification is strongly advised. See: https://urllib3.readthedocs.io/en/latest/advanced-usage.html#tls-warnings
  warnings.warn(
/Users/vincentnie/Library/Python/3.9/lib/python/site-packages/urllib3/connectionpool.py:1097: InsecureRequestWarning: Unverified HTTPS request is being made to host '127.0.0.1'. Adding certificate verification is strongly advised. See: https://urllib3.readthedocs.io/en/latest/advanced-usage.html#tls-warnings
  warnings.warn(
/Users/vincentnie/Library/Python/3.9/lib/python/site-packages/urllib3/connectionpool.py:1097: InsecureRequestWarning: Unverified HTTPS request is being made to host '127.0.0.1'. Adding certificate verification is strongly advised. See: https://urllib3.readthedocs.io/en/latest/advanced-usage.html#tls-warnings
  warnings.warn(
/Users/vincentnie/Library/Python/3.9/lib/python/site-packages/urllib3/connectionpool.py:1097: InsecureRequestWarning: Unverified HTTPS request is being made to host '127.0.0.1'. Adding certificate verification is strongly advised. See: https://urllib3.readthedocs.io/en/latest/advanced-usage.html#tls-warnings
  warnings.warn(
/Users/vincentnie/Library/Python/3.9/lib/python/site-packages/urllib3/connectionpool.py:1097: InsecureRequestWarning: Unverified HTTPS request is being made to host '127.0.0.1'. Adding certificate verification is strongly advised. See: https://urllib3.readthedocs.io/en/latest/advanced-usage.html#tls-warnings
  warnings.warn(
/Users/vincentnie/Library/Python/3.9/lib/python/site-packages/urllib3/connectionpool.py:1097: InsecureRequestWarning: Unverified HTTPS request is being made to host '127.0.0.1'. Adding certificate verification is strongly advised. See: https://urllib3.readthedocs.io/en/latest/advanced-usage.html#tls-warnings
  warnings.warn(
/Users/vincentnie/Library/Python/3.9/lib/python/site-packages/urllib3/connectionpool.py:1097: InsecureRequestWarning: Unverified HTTPS request is being made to host '127.0.0.1'. Adding certificate verification is strongly advised. See: https://urllib3.readthedocs.io/en/latest/advanced-usage.html#tls-warnings
  warnings.warn(
/Users/vincentnie/Library/Python/3.9/lib/python/site-packages/urllib3/connectionpool.py:1097: InsecureRequestWarning: Unverified HTTPS request is being made to host '127.0.0.1'. Adding certificate verification is strongly advised. See: https://urllib3.readthedocs.io/en/latest/advanced-usage.html#tls-warnings
  warnings.warn(
/Users/vincentnie/Library/Python/3.9/lib/python/site-packages/urllib3/__init__.py:35: NotOpenSSLWarning: urllib3 v2 only supports OpenSSL 1.1.1+, currently the 'ssl' module is compiled with 'LibreSSL 2.8.3'. See: https://github.com/urllib3/urllib3/issues/3020
  warnings.warn(
Deprecated Feature: Support for Python version 3.9 has been deprecated. Please update to Python 3.10 or above
WARNING: [youtube] iKx3gAODybU: Some web client https formats have been skipped as they are missing a url. YouTube is forcing SABR streaming for this client. See  https://github.com/yt-dlp/yt-dlp/issues/12482  for more details
WARNING: [youtube] vif8NQcjVf0: Some web client https formats have been skipped as they are missing a url. YouTube is forcing SABR streaming for this client. See  https://github.com/yt-dlp/yt-dlp/issues/12482  for more details
WARNING: [youtube] H9rF1CSSh-w: Some web client https formats have been skipped as they are missing a url. YouTube is forcing SABR streaming for this client. See  https://github.com/yt-dlp/yt-dlp/issues/12482  for more details
WARNING: [youtube] 1SJiTwbSI58: Some web client https formats have been skipped as they are missing a url. YouTube is forcing SABR streaming for this client. See  https://github.com/yt-dlp/yt-dlp/issues/12482  for more details
WARNING: [youtube] KGVpKPNUdzA: Some web client https formats have been skipped as they are missing a url. YouTube is forcing SABR streaming for this client. See  https://github.com/yt-dlp/yt-dlp/issues/12482  for more details
Deprecated Feature: Support for Python version 3.9 has been deprecated. Please update to Python 3.10 or above
WARNING: [youtube] 82HsvG1_Nqk: Some web client https formats have been skipped as they are missing a url. YouTube is forcing SABR streaming for this client. See  https://github.com/yt-dlp/yt-dlp/issues/12482  for more details
WARNING: [youtube] Mjc7vwys1vY: Some web client https formats have been skipped as they are missing a url. YouTube is forcing SABR streaming for this client. See  https://github.com/yt-dlp/yt-dlp/issues/12482  for more details
WARNING: [youtube] IZDJ3jcO5UY: Some web client https formats have been skipped as they are missing a url. YouTube is forcing SABR streaming for this client. See  https://github.com/yt-dlp/yt-dlp/issues/12482  for more details
WARNING: [youtube] yiJOTCRVWjc: Some web client https formats have been skipped as they are missing a url. YouTube is forcing SABR streaming for this client. See  https://github.com/yt-dlp/yt-dlp/issues/12482  for more details
WARNING: [youtube] dvt_74kV-RM: Some web client https formats have been skipped as they are missing a url. YouTube is forcing SABR streaming for this client. See  https://github.com/yt-dlp/yt-dlp/issues/12482  for more details
Deprecated Feature: Support for Python version 3.9 has been deprecated. Please update to Python 3.10 or above
WARNING: [youtube] SFdqX7IY7RY: Some web client https formats have been skipped as they are missing a url. YouTube is forcing SABR streaming for this client. See  https://github.com/yt-dlp/yt-dlp/issues/12482  for more details
WARNING: [youtube] DVBJQQCjgXU: Some web client https formats have been skipped as they are missing a url. YouTube is forcing SABR streaming for this client. See  https://github.com/yt-dlp/yt-dlp/issues/12482  for more details
WARNING: [youtube] MPAsUZEJHiM: Some web client https formats have been skipped as they are missing a url. YouTube is forcing SABR streaming for this client. See  https://github.com/yt-dlp/yt-dlp/issues/12482  for more details
WARNING: [youtube] mjNP5IOzCbA: Some web client https formats have been skipped as they are missing a url. YouTube is forcing SABR streaming for this client. See  https://github.com/yt-dlp/yt-dlp/issues/12482  for more details
WARNING: [youtube] N-pust8qtGI: Some web client https formats have been skipped as they are missing a url. YouTube is forcing SABR streaming for this client. See  https://github.com/yt-dlp/yt-dlp/issues/12482  for more details
Deprecated Feature: Support for Python version 3.9 has been deprecated. Please update to Python 3.10 or above
WARNING: [youtube] uVxltd_Xv5E: Some web client https formats have been skipped as they are missing a url. YouTube is forcing SABR streaming for this client. See  https://github.com/yt-dlp/yt-dlp/issues/12482  for more details
WARNING: [youtube] 7RDDsuq0xK0: Some web client https formats have been skipped as they are missing a url. YouTube is forcing SABR streaming for this client. See  https://github.com/yt-dlp/yt-dlp/issues/12482  for more details
WARNING: [youtube] aPriy8Iy040: Some web client https formats have been skipped as they are missing a url. YouTube is forcing SABR streaming for this client. See  https://github.com/yt-dlp/yt-dlp/issues/12482  for more details
WARNING: [youtube] zp87IvWwSsY: Some web client https formats have been skipped as they are missing a url. YouTube is forcing SABR streaming for this client. See  https://github.com/yt-dlp/yt-dlp/issues/12482  for more details
WARNING: [youtube] p6ouOSg3mP0: Some web client https formats have been skipped as they are missing a url. YouTube is forcing SABR streaming for this client. See  https://github.com/yt-dlp/yt-dlp/issues/12482  for more details
Deprecated Feature: Support for Python version 3.9 has been deprecated. Please update to Python 3.10 or above
WARNING: [youtube] LcHelzjhQi4: Some web client https formats have been skipped as they are missing a url. YouTube is forcing SABR streaming for this client. See  https://github.com/yt-dlp/yt-dlp/issues/12482  for more details
WARNING: [youtube] MTvbS5Wp0ds: Some web client https formats have been skipped as they are missing a url. YouTube is forcing SABR streaming for this client. See  https://github.com/yt-dlp/yt-dlp/issues/12482  for more details
WARNING: [youtube] qe1nHOOu-S8: Some web client https formats have been skipped as they are missing a url. YouTube is forcing SABR streaming for this client. See  https://github.com/yt-dlp/yt-dlp/issues/12482  for more details
WARNING: [youtube] DWdPxX7FvCk: Some web client https formats have been skipped as they are missing a url. YouTube is forcing SABR streaming for this client. See  https://github.com/yt-dlp/yt-dlp/issues/12482  for more details
WARNING: [youtube] pqpH6vvM3oY: Some web client https formats have been skipped as they are missing a url. YouTube is forcing SABR streaming for this client. See  https://github.com/yt-dlp/yt-dlp/issues/12482  for more details
Deprecated Feature: Support for Python version 3.9 has been deprecated. Please update to Python 3.10 or above
WARNING: [youtube] pUiXx3pDHo8: Some web client https formats have been skipped as they are missing a url. YouTube is forcing SABR streaming for this client. See  https://github.com/yt-dlp/yt-dlp/issues/12482  for more details
WARNING: [youtube] gP8YbvfmU9s: Some web client https formats have been skipped as they are missing a url. YouTube is forcing SABR streaming for this client. See  https://github.com/yt-dlp/yt-dlp/issues/12482  for more details
WARNING: [youtube] 6McT9-EbEPw: Some web client https formats have been skipped as they are missing a url. YouTube is forcing SABR streaming for this client. See  https://github.com/yt-dlp/yt-dlp/issues/12482  for more details
WARNING: [youtube] 6ZqqJZJ8WH4: Some web client https formats have been skipped as they are missing a url. YouTube is forcing SABR streaming for this client. See  https://github.com/yt-dlp/yt-dlp/issues/12482  for more details
WARNING: [youtube] 8ZIeAVrgs4o: Some web client https formats have been skipped as they are missing a url. YouTube is forcing SABR streaming for this client. See  https://github.com/yt-dlp/yt-dlp/issues/12482  for more details
Deprecated Feature: Support for Python version 3.9 has been deprecated. Please update to Python 3.10 or above
WARNING: [youtube] dEy3pQKhE8k: Some web client https formats have been skipped as they are missing a url. YouTube is forcing SABR streaming for this client. See  https://github.com/yt-dlp/yt-dlp/issues/12482  for more details
WARNING: [youtube] TYpg5oxSQ6Y: Some web client https formats have been skipped as they are missing a url. YouTube is forcing SABR streaming for this client. See  https://github.com/yt-dlp/yt-dlp/issues/12482  for more details
WARNING: [youtube] kqj22mWIdjU: Some web client https formats have been skipped as they are missing a url. YouTube is forcing SABR streaming for this client. See  https://github.com/yt-dlp/yt-dlp/issues/12482  for more details
WARNING: [youtube] 7HSSR1n8dgc: Some web client https formats have been skipped as they are missing a url. YouTube is forcing SABR streaming for this client. See  https://github.com/yt-dlp/yt-dlp/issues/12482  for more details
WARNING: [youtube] Lg-meK5IU8Q: Some web client https formats have been skipped as they are missing a url. YouTube is forcing SABR streaming for this client. See  https://github.com/yt-dlp/yt-dlp/issues/12482  for more details
Deprecated Feature: Support for Python version 3.9 has been deprecated. Please update to Python 3.10 or above
WARNING: [youtube] Aq0Q_G-rtfA: Some web client https formats have been skipped as they are missing a url. YouTube is forcing SABR streaming for this client. See  https://github.com/yt-dlp/yt-dlp/issues/12482  for more details
WARNING: [youtube] blGtYq9mL18: Some web client https formats have been skipped as they are missing a url. YouTube is forcing SABR streaming for this client. See  https://github.com/yt-dlp/yt-dlp/issues/12482  for more details
WARNING: [youtube] TuzgusIxRzs: Some web client https formats have been skipped as they are missing a url. YouTube is forcing SABR streaming for this client. See  https://github.com/yt-dlp/yt-dlp/issues/12482  for more details
WARNING: [youtube] AwCNb_xI4fI: Some web client https formats have been skipped as they are missing a url. YouTube is forcing SABR streaming for this client. See  https://github.com/yt-dlp/yt-dlp/issues/12482  for more details
WARNING: [youtube] jwkKbedaeYM: Some web client https formats have been skipped as they are missing a url. YouTube is forcing SABR streaming for this client. See  https://github.com/yt-dlp/yt-dlp/issues/12482  for more details
Deprecated Feature: Support for Python version 3.9 has been deprecated. Please update to Python 3.10 or above
WARNING: [youtube] Bj0i-yvIUQs: Some web client https formats have been skipped as they are missing a url. YouTube is forcing SABR streaming for this client. See  https://github.com/yt-dlp/yt-dlp/issues/12482  for more details
WARNING: [youtube] LVvleNtllPk: Some web client https formats have been skipped as they are missing a url. YouTube is forcing SABR streaming for this client. See  https://github.com/yt-dlp/yt-dlp/issues/12482  for more details
WARNING: [youtube] 5ak26W2YNRY: Some web client https formats have been skipped as they are missing a url. YouTube is forcing SABR streaming for this client. See  https://github.com/yt-dlp/yt-dlp/issues/12482  for more details
WARNING: [youtube] cFI-SqnvQK8: Some web client https formats have been skipped as they are missing a url. YouTube is forcing SABR streaming for this client. See  https://github.com/yt-dlp/yt-dlp/issues/12482  for more details
WARNING: [youtube] Goa6c6Qz__I: Some web client https formats have been skipped as they are missing a url. YouTube is forcing SABR streaming for this client. See  https://github.com/yt-dlp/yt-dlp/issues/12482  for more details
Deprecated Feature: Support for Python version 3.9 has been deprecated. Please update to Python 3.10 or above
WARNING: [youtube] m-nnyNZ0TQ0: Some web client https formats have been skipped as they are missing a url. YouTube is forcing SABR streaming for this client. See  https://github.com/yt-dlp/yt-dlp/issues/12482  for more details
WARNING: [youtube] jt5hHb6kzYM: Some web client https formats have been skipped as they are missing a url. YouTube is forcing SABR streaming for this client. See  https://github.com/yt-dlp/yt-dlp/issues/12482  for more details
WARNING: [youtube] EVts3Ui_0AI: Some web client https formats have been skipped as they are missing a url. YouTube is forcing SABR streaming for this client. See  https://github.com/yt-dlp/yt-dlp/issues/12482  for more details
WARNING: [youtube] pDKlaJM_vys: Some web client https formats have been skipped as they are missing a url. YouTube is forcing SABR streaming for this client. See  https://github.com/yt-dlp/yt-dlp/issues/12482  for more details
WARNING: [youtube] 7VxeyTfhBM8: Some web client https formats have been skipped as they are missing a url. YouTube is forcing SABR streaming for this client. See  https://github.com/yt-dlp/yt-dlp/issues/12482  for more details
Deprecated Feature: Support for Python version 3.9 has been deprecated. Please update to Python 3.10 or above
WARNING: [youtube] c347oYQO57A: Some web client https formats have been skipped as they are missing a url. YouTube is forcing SABR streaming for this client. See  https://github.com/yt-dlp/yt-dlp/issues/12482  for more details
WARNING: [youtube] 5aS-8QCRdGE: Some web client https formats have been skipped as they are missing a url. YouTube is forcing SABR streaming for this client. See  https://github.com/yt-dlp/yt-dlp/issues/12482  for more details
WARNING: [youtube] Hc0aqOEU2w8: Some web client https formats have been skipped as they are missing a url. YouTube is forcing SABR streaming for this client. See  https://github.com/yt-dlp/yt-dlp/issues/12482  for more details
WARNING: [youtube] eFUB_jL_XcM: Some web client https formats have been skipped as they are missing a url. YouTube is forcing SABR streaming for this client. See  https://github.com/yt-dlp/yt-dlp/issues/12482  for more details
WARNING: [youtube] eXa2ndhmatI: Some web client https formats have been skipped as they are missing a url. YouTube is forcing SABR streaming for this client. See  https://github.com/yt-dlp/yt-dlp/issues/12482  for more details
Deprecated Feature: Support for Python version 3.9 has been deprecated. Please update to Python 3.10 or above
WARNING: [youtube] c347oYQO57A: Some web client https formats have been skipped as they are missing a url. YouTube is forcing SABR streaming for this client. See  https://github.com/yt-dlp/yt-dlp/issues/12482  for more details
WARNING: [youtube] 5aS-8QCRdGE: Some web client https formats have been skipped as they are missing a url. YouTube is forcing SABR streaming for this client. See  https://github.com/yt-dlp/yt-dlp/issues/12482  for more details
WARNING: [youtube] Hc0aqOEU2w8: Some web client https formats have been skipped as they are missing a url. YouTube is forcing SABR streaming for this client. See  https://github.com/yt-dlp/yt-dlp/issues/12482  for more details
WARNING: [youtube] eFUB_jL_XcM: Some web client https formats have been skipped as they are missing a url. YouTube is forcing SABR streaming for this client. See  https://github.com/yt-dlp/yt-dlp/issues/12482  for more details
WARNING: [youtube] eXa2ndhmatI: Some web client https formats have been skipped as they are missing a url. YouTube is forcing SABR streaming for this client. See  https://github.com/yt-dlp/yt-dlp/issues/12482  for more details
/Users/vincentnie/Library/Python/3.9/lib/python/site-packages/urllib3/__init__.py:35: NotOpenSSLWarning: urllib3 v2 only supports OpenSSL 1.1.1+, currently the 'ssl' module is compiled with 'LibreSSL 2.8.3'. See: https://github.com/urllib3/urllib3/issues/3020
  warnings.warn(
/Users/vincentnie/Library/Python/3.9/lib/python/site-packages/urllib3/__init__.py:35: NotOpenSSLWarning: urllib3 v2 only supports OpenSSL 1.1.1+, currently the 'ssl' module is compiled with 'LibreSSL 2.8.3'. See: https://github.com/urllib3/urllib3/issues/3020
  warnings.warn(
2026-04-27 04:03:34,636 [INFO] [MiniMax] 请求状态: 200, attempt=1
2026-04-27 04:03:34,639 [INFO] [MiniMax] 成功, 输出长度: 5494
2026-04-27 04:03:34,642 [INFO] [generate_news_summary] status=SUCCESS, len=5494
2026-04-27 04:04:11,282 [INFO] [MiniMax] 请求状态: 200, attempt=1
2026-04-27 04:04:11,284 [INFO] [MiniMax] 成功, 输出长度: 5086
2026-04-27 04:04:11,286 [INFO] [generate_news_summary] status=SUCCESS, len=5086
2026-04-27 04:04:47,729 [INFO] [MiniMax] 请求状态: 200, attempt=1
2026-04-27 04:04:47,730 [INFO] [MiniMax] 成功, 输出长度: 5674
2026-04-27 04:04:47,733 [INFO] [generate_news_summary] status=SUCCESS, len=5674
2026-04-27 04:05:21,772 [INFO] [MiniMax] 请求状态: 200, attempt=1
2026-04-27 04:05:21,773 [INFO] [MiniMax] 成功, 输出长度: 4922
2026-04-27 04:05:21,775 [INFO] [generate_news_summary] status=SUCCESS, len=4922
2026-04-27 04:05:49,953 [INFO] [MiniMax] 请求状态: 200, attempt=1
2026-04-27 04:05:49,954 [INFO] [MiniMax] 成功, 输出长度: 4537
2026-04-27 04:05:49,956 [INFO] [generate_news_summary] status=SUCCESS, len=4537
2026-04-27 04:06:33,829 [INFO] [MiniMax] 请求状态: 200, attempt=1
2026-04-27 04:06:33,830 [INFO] [MiniMax] 成功, 输出长度: 5224
2026-04-27 04:06:33,832 [INFO] [generate_news_summary] status=SUCCESS, len=5224
2026-04-27 04:07:08,905 [INFO] [MiniMax] 请求状态: 200, attempt=1
2026-04-27 04:07:08,906 [INFO] [MiniMax] 成功, 输出长度: 5080
2026-04-27 04:07:08,908 [INFO] [generate_news_summary] status=SUCCESS, len=5080
2026-04-27 04:07:23,688 [INFO] [MiniMax] 请求状态: 200, attempt=1
2026-04-27 04:07:23,689 [INFO] [MiniMax] 成功, 输出长度: 43
2026-04-27 04:07:23,691 [INFO] [generate_news_summary] status=SUCCESS, len=43
2026-04-27 04:08:00,265 [INFO] [MiniMax] 请求状态: 200, attempt=1
2026-04-27 04:08:00,267 [INFO] [MiniMax] 成功, 输出长度: 6261
2026-04-27 04:08:00,269 [INFO] [generate_news_summary] status=SUCCESS, len=6261
2026-04-27 04:08:30,645 [INFO] [MiniMax] 请求状态: 200, attempt=1
2026-04-27 04:08:30,646 [INFO] [MiniMax] 成功, 输出长度: 4808
2026-04-27 04:08:30,648 [INFO] [generate_news_summary] status=SUCCESS, len=4808
2026-04-27 04:09:04,424 [INFO] [MiniMax] 请求状态: 200, attempt=1
2026-04-27 04:09:04,426 [INFO] [MiniMax] 成功, 输出长度: 6121
2026-04-27 04:09:04,427 [INFO] [generate_news_summary] status=SUCCESS, len=6121
2026-04-27 04:09:36,249 [INFO] [MiniMax] 请求状态: 200, attempt=1
2026-04-27 04:09:36,250 [INFO] [MiniMax] 成功, 输出长度: 4941
2026-04-27 04:09:36,252 [INFO] [generate_news_summary] status=SUCCESS, len=4941
2026-04-27 04:10:09,133 [INFO] [MiniMax] 请求状态: 200, attempt=1
2026-04-27 04:10:09,135 [INFO] [MiniMax] 成功, 输出长度: 5873
2026-04-27 04:10:09,138 [INFO] [generate_news_summary] status=SUCCESS, len=5873
2026-04-27 04:10:33,480 [INFO] [MiniMax] 请求状态: 200, attempt=1
2026-04-27 04:10:33,481 [INFO] [MiniMax] 成功, 输出长度: 4251
2026-04-27 04:10:33,483 [INFO] [generate_news_summary] status=SUCCESS, len=4251
2026-04-27 04:11:05,277 [INFO] [MiniMax] 请求状态: 200, attempt=1
2026-04-27 04:11:05,279 [INFO] [MiniMax] 成功, 输出长度: 5418
2026-04-27 04:11:05,281 [INFO] [generate_news_summary] status=SUCCESS, len=5418
2026-04-27 04:11:38,967 [INFO] [MiniMax] 请求状态: 200, attempt=1
2026-04-27 04:11:38,968 [INFO] [MiniMax] 成功, 输出长度: 5559
2026-04-27 04:11:38,970 [INFO] [generate_news_summary] status=SUCCESS, len=5559
2026-04-27 04:12:07,251 [INFO] [MiniMax] 请求状态: 200, attempt=1
2026-04-27 04:12:07,252 [INFO] [MiniMax] 成功, 输出长度: 207
2026-04-27 04:12:07,254 [INFO] [generate_news_summary] status=SUCCESS, len=207
2026-04-27 04:12:36,461 [INFO] [MiniMax] 请求状态: 200, attempt=1
2026-04-27 04:12:36,462 [INFO] [MiniMax] 成功, 输出长度: 183
2026-04-27 04:12:36,464 [INFO] [generate_news_summary] status=SUCCESS, len=183
2026-04-27 04:13:07,976 [INFO] [MiniMax] 请求状态: 200, attempt=1
2026-04-27 04:13:07,977 [INFO] [MiniMax] 成功, 输出长度: 5174
2026-04-27 04:13:07,979 [INFO] [generate_news_summary] status=SUCCESS, len=5174
2026-04-27 04:13:38,738 [INFO] [MiniMax] 请求状态: 200, attempt=1
2026-04-27 04:13:38,739 [INFO] [MiniMax] 成功, 输出长度: 5507
2026-04-27 04:13:38,741 [INFO] [generate_news_summary] status=SUCCESS, len=5507
2026-04-27 04:14:05,504 [INFO] [MiniMax] 请求状态: 200, attempt=1
2026-04-27 04:14:05,504 [INFO] [MiniMax] 成功, 输出长度: 201
2026-04-27 04:14:05,506 [INFO] [generate_news_summary] status=SUCCESS, len=201
2026-04-27 04:14:34,359 [INFO] [MiniMax] 请求状态: 200, attempt=1
2026-04-27 04:14:34,360 [INFO] [MiniMax] 成功, 输出长度: 5006
2026-04-27 04:14:34,361 [INFO] [generate_news_summary] status=SUCCESS, len=5006
2026-04-27 04:15:05,079 [INFO] [MiniMax] 请求状态: 200, attempt=1
2026-04-27 04:15:05,081 [INFO] [MiniMax] 成功, 输出长度: 5236
2026-04-27 04:15:05,083 [INFO] [generate_news_summary] status=SUCCESS, len=5236
2026-04-27 04:15:36,755 [INFO] [MiniMax] 请求状态: 200, attempt=1
2026-04-27 04:15:36,756 [INFO] [MiniMax] 成功, 输出长度: 5600
2026-04-27 04:15:36,757 [INFO] [generate_news_summary] status=SUCCESS, len=5600
2026-04-27 04:16:06,276 [INFO] [MiniMax] 请求状态: 200, attempt=1
2026-04-27 04:16:06,277 [INFO] [MiniMax] 成功, 输出长度: 5399
2026-04-27 04:16:06,279 [INFO] [generate_news_summary] status=SUCCESS, len=5399
2026-04-27 04:16:31,457 [INFO] [MiniMax] 请求状态: 200, attempt=1
2026-04-27 04:16:31,458 [INFO] [MiniMax] 成功, 输出长度: 5263
2026-04-27 04:16:31,460 [INFO] [generate_news_summary] status=SUCCESS, len=5263
2026-04-27 04:17:03,574 [INFO] [MiniMax] 请求状态: 200, attempt=1
2026-04-27 04:17:03,575 [INFO] [MiniMax] 成功, 输出长度: 6438
2026-04-27 04:17:03,577 [INFO] [generate_news_summary] status=SUCCESS, len=6438
2026-04-27 04:17:32,129 [INFO] [MiniMax] 请求状态: 200, attempt=1
2026-04-27 04:17:32,130 [INFO] [MiniMax] 成功, 输出长度: 5145
2026-04-27 04:17:32,132 [INFO] [generate_news_summary] status=SUCCESS, len=5145
2026-04-27 04:18:04,922 [INFO] [MiniMax] 请求状态: 200, attempt=1
2026-04-27 04:18:04,923 [INFO] [MiniMax] 成功, 输出长度: 4975
2026-04-27 04:18:04,925 [INFO] [generate_news_summary] status=SUCCESS, len=4975
2026-04-27 04:18:37,091 [INFO] [MiniMax] 请求状态: 200, attempt=1
2026-04-27 04:18:37,092 [INFO] [MiniMax] 成功, 输出长度: 4896
2026-04-27 04:18:37,094 [INFO] [generate_news_summary] status=SUCCESS, len=4896
2026-04-27 04:18:57,525 [INFO] [MiniMax] 请求状态: 200, attempt=1
2026-04-27 04:18:57,525 [INFO] [MiniMax] 成功, 输出长度: 205
2026-04-27 04:18:57,528 [INFO] [generate_news_summary] status=SUCCESS, len=205
2026-04-27 04:19:33,299 [INFO] [MiniMax] 请求状态: 200, attempt=1
2026-04-27 04:19:33,300 [INFO] [MiniMax] 成功, 输出长度: 6547
2026-04-27 04:19:33,302 [INFO] [generate_news_summary] status=SUCCESS, len=6547
2026-04-27 04:19:55,348 [INFO] [MiniMax] 请求状态: 200, attempt=1
2026-04-27 04:19:55,348 [INFO] [MiniMax] 成功, 输出长度: 3453
2026-04-27 04:19:55,351 [INFO] [generate_news_summary] status=SUCCESS, len=3453
2026-04-27 04:20:19,556 [INFO] [MiniMax] 请求状态: 200, attempt=1
2026-04-27 04:20:19,556 [INFO] [MiniMax] 成功, 输出长度: 199
2026-04-27 04:20:19,559 [INFO] [generate_news_summary] status=SUCCESS, len=199
2026-04-27 04:20:44,910 [INFO] [MiniMax] 请求状态: 200, attempt=1
2026-04-27 04:20:44,911 [INFO] [MiniMax] 成功, 输出长度: 190
2026-04-27 04:20:44,913 [INFO] [generate_news_summary] status=SUCCESS, len=190
2026-04-27 04:21:23,684 [INFO] [MiniMax] 请求状态: 200, attempt=1
2026-04-27 04:21:23,685 [INFO] [MiniMax] 成功, 输出长度: 6032
2026-04-27 04:21:23,687 [INFO] [generate_news_summary] status=SUCCESS, len=6032
2026-04-27 04:21:37,743 [INFO] [MiniMax] 请求状态: 200, attempt=1
2026-04-27 04:21:37,743 [INFO] [MiniMax] 成功, 输出长度: 204
2026-04-27 04:21:37,745 [INFO] [generate_news_summary] status=SUCCESS, len=204
2026-04-27 04:22:06,939 [INFO] [MiniMax] 请求状态: 200, attempt=1
2026-04-27 04:22:06,940 [INFO] [MiniMax] 成功, 输出长度: 4929
2026-04-27 04:22:06,942 [INFO] [generate_news_summary] status=SUCCESS, len=4929
2026-04-27 04:22:34,459 [INFO] [MiniMax] 请求状态: 200, attempt=1
2026-04-27 04:22:34,460 [INFO] [MiniMax] 成功, 输出长度: 5259
2026-04-27 04:22:34,463 [INFO] [generate_news_summary] status=SUCCESS, len=5259
2026-04-27 04:22:45,230 [INFO] [MiniMax] 请求状态: 200, attempt=1
2026-04-27 04:22:45,230 [INFO] [MiniMax] 成功, 输出长度: 262
2026-04-27 04:22:45,232 [INFO] [generate_news_summary] status=SUCCESS, len=262
2026-04-27 04:23:16,895 [INFO] [MiniMax] 请求状态: 200, attempt=1
2026-04-27 04:23:16,896 [INFO] [MiniMax] 成功, 输出长度: 4900
2026-04-27 04:23:16,898 [INFO] [generate_news_summary] status=SUCCESS, len=4900
2026-04-27 04:23:53,330 [INFO] [MiniMax] 请求状态: 200, attempt=1
2026-04-27 04:23:53,331 [INFO] [MiniMax] 成功, 输出长度: 6115
2026-04-27 04:23:53,333 [INFO] [generate_news_summary] status=SUCCESS, len=6115
2026-04-27 04:24:22,533 [INFO] [MiniMax] 请求状态: 200, attempt=1
2026-04-27 04:24:22,534 [INFO] [MiniMax] 成功, 输出长度: 4938
2026-04-27 04:24:22,537 [INFO] [generate_news_summary] status=SUCCESS, len=4938
2026-04-27 04:24:47,538 [INFO] [MiniMax] 请求状态: 200, attempt=1
2026-04-27 04:24:47,538 [INFO] [MiniMax] 成功, 输出长度: 189
2026-04-27 04:24:47,541 [INFO] [generate_news_summary] status=SUCCESS, len=189
2026-04-27 04:25:18,680 [INFO] [MiniMax] 请求状态: 200, attempt=1
2026-04-27 04:25:18,682 [INFO] [MiniMax] 成功, 输出长度: 5455
2026-04-27 04:25:18,684 [INFO] [generate_news_summary] status=SUCCESS, len=5455
2026-04-27 04:25:49,181 [INFO] [MiniMax] 请求状态: 200, attempt=1
2026-04-27 04:25:49,182 [INFO] [MiniMax] 成功, 输出长度: 4823
2026-04-27 04:25:49,184 [INFO] [generate_news_summary] status=SUCCESS, len=4823
2026-04-27 04:26:18,278 [INFO] [MiniMax] 请求状态: 200, attempt=1
2026-04-27 04:26:18,279 [INFO] [MiniMax] 成功, 输出长度: 336
2026-04-27 04:26:18,281 [INFO] [generate_news_summary] status=SUCCESS, len=336
2026-04-27 04:26:46,368 [INFO] [MiniMax] 请求状态: 200, attempt=1
2026-04-27 04:26:46,368 [INFO] [MiniMax] 成功, 输出长度: 5614
2026-04-27 04:26:46,370 [INFO] [generate_news_summary] status=SUCCESS, len=5614
2026-04-27 04:27:10,546 [INFO] [MiniMax] 请求状态: 200, attempt=1
2026-04-27 04:27:10,547 [INFO] [MiniMax] 成功, 输出长度: 4678
2026-04-27 04:27:10,549 [INFO] [generate_news_summary] status=SUCCESS, len=4678
2026-04-27 04:27:42,891 [INFO] [MiniMax] 请求状态: 200, attempt=1
2026-04-27 04:27:42,892 [INFO] [MiniMax] 成功, 输出长度: 7391
2026-04-27 04:27:42,894 [INFO] [generate_news_summary] status=SUCCESS, len=7391
2026-04-27 04:28:18,344 [INFO] [MiniMax] 请求状态: 200, attempt=1
2026-04-27 04:28:18,345 [INFO] [MiniMax] 成功, 输出长度: 6254
2026-04-27 04:28:18,347 [INFO] [generate_news_summary] status=SUCCESS, len=6254
2026-04-27 04:28:56,264 [INFO] [MiniMax] 请求状态: 200, attempt=1
2026-04-27 04:28:56,264 [INFO] [MiniMax] 成功, 输出长度: 5467
2026-04-27 04:28:56,266 [INFO] [generate_news_summary] status=SUCCESS, len=5467
2026-04-27 04:29:24,200 [INFO] [MiniMax] 请求状态: 200, attempt=1
2026-04-27 04:29:24,201 [INFO] [MiniMax] 成功, 输出长度: 3988
2026-04-27 04:29:24,203 [INFO] [generate_news_summary] status=SUCCESS, len=3988
2026-04-27 04:29:50,928 [INFO] [MiniMax] 请求状态: 200, attempt=1
2026-04-27 04:29:50,929 [INFO] [MiniMax] 成功, 输出长度: 4905
2026-04-27 04:29:50,931 [INFO] [generate_news_summary] status=SUCCESS, len=4905
2026-04-27 04:30:10,014 [INFO] [MiniMax] 请求状态: 200, attempt=1
2026-04-27 04:30:10,014 [INFO] [MiniMax] 成功, 输出长度: 312
2026-04-27 04:30:10,016 [INFO] [generate_news_summary] status=SUCCESS, len=312
2026-04-27 04:30:42,701 [INFO] [MiniMax] 请求状态: 200, attempt=1
2026-04-27 04:30:42,702 [INFO] [MiniMax] 成功, 输出长度: 4986
2026-04-27 04:30:42,704 [INFO] [generate_news_summary] status=SUCCESS, len=4986
2026-04-27 04:31:15,267 [INFO] [MiniMax] 请求状态: 200, attempt=1
2026-04-27 04:31:15,268 [INFO] [MiniMax] 成功, 输出长度: 5603
2026-04-27 04:31:15,270 [INFO] [generate_news_summary] status=SUCCESS, len=5603
2026-04-27 04:31:42,553 [INFO] [MiniMax] 请求状态: 200, attempt=1
2026-04-27 04:31:42,555 [INFO] [MiniMax] 成功, 输出长度: 4748
2026-04-27 04:31:42,557 [INFO] [generate_news_summary] status=SUCCESS, len=4748
2026-04-27 04:32:12,770 [INFO] [MiniMax] 请求状态: 200, attempt=1
2026-04-27 04:32:12,771 [INFO] [MiniMax] 成功, 输出长度: 5379
2026-04-27 04:32:12,773 [INFO] [generate_news_summary] status=SUCCESS, len=5379
2026-04-27 04:32:39,075 [INFO] [MiniMax] 请求状态: 200, attempt=1
2026-04-27 04:32:39,075 [INFO] [MiniMax] 成功, 输出长度: 201
2026-04-27 04:32:39,078 [INFO] [generate_news_summary] status=SUCCESS, len=201
2026-04-27 04:33:08,487 [INFO] [MiniMax] 请求状态: 200, attempt=1
2026-04-27 04:33:08,488 [INFO] [MiniMax] 成功, 输出长度: 5224
2026-04-27 04:33:08,490 [INFO] [generate_news_summary] status=SUCCESS, len=5224
2026-04-27 04:33:37,987 [INFO] [MiniMax] 请求状态: 200, attempt=1
2026-04-27 04:33:37,988 [INFO] [MiniMax] 成功, 输出长度: 5187
2026-04-27 04:33:37,990 [INFO] [generate_news_summary] status=SUCCESS, len=5187
2026-04-27 04:34:07,130 [INFO] [MiniMax] 请求状态: 200, attempt=1
2026-04-27 04:34:07,131 [INFO] [MiniMax] 成功, 输出长度: 4710
2026-04-27 04:34:07,133 [INFO] [generate_news_summary] status=SUCCESS, len=4710
2026-04-27 04:34:39,737 [INFO] [MiniMax] 请求状态: 200, attempt=1
2026-04-27 04:34:39,738 [INFO] [MiniMax] 成功, 输出长度: 5665
2026-04-27 04:34:39,740 [INFO] [generate_news_summary] status=SUCCESS, len=5665
2026-04-27 04:35:06,266 [INFO] [MiniMax] 请求状态: 200, attempt=1
2026-04-27 04:35:06,267 [INFO] [MiniMax] 成功, 输出长度: 4429
2026-04-27 04:35:06,269 [INFO] [generate_news_summary] status=SUCCESS, len=4429
2026-04-27 04:35:29,393 [INFO] [MiniMax] 请求状态: 200, attempt=1
2026-04-27 04:35:29,393 [INFO] [MiniMax] 成功, 输出长度: 245
2026-04-27 04:35:29,395 [INFO] [generate_news_summary] status=SUCCESS, len=245
2026-04-27 04:35:57,385 [INFO] [MiniMax] 请求状态: 200, attempt=1
2026-04-27 04:35:57,386 [INFO] [MiniMax] 成功, 输出长度: 5195
2026-04-27 04:35:57,388 [INFO] [generate_news_summary] status=SUCCESS, len=5195
2026-04-27 04:36:23,891 [INFO] [MiniMax] 请求状态: 200, attempt=1
2026-04-27 04:36:23,891 [INFO] [MiniMax] 成功, 输出长度: 4087
2026-04-27 04:36:23,893 [INFO] [generate_news_summary] status=SUCCESS, len=4087
2026-04-27 04:36:53,783 [INFO] [MiniMax] 请求状态: 200, attempt=1
2026-04-27 04:36:53,784 [INFO] [MiniMax] 成功, 输出长度: 5667
2026-04-27 04:36:53,786 [INFO] [generate_news_summary] status=SUCCESS, len=5667
2026-04-27 04:37:21,635 [INFO] [MiniMax] 请求状态: 200, attempt=1
2026-04-27 04:37:21,636 [INFO] [MiniMax] 成功, 输出长度: 5173
2026-04-27 04:37:21,638 [INFO] [generate_news_summary] status=SUCCESS, len=5173
2026-04-27 04:37:52,855 [INFO] [MiniMax] 请求状态: 200, attempt=1
2026-04-27 04:37:52,857 [INFO] [MiniMax] 成功, 输出长度: 5157
2026-04-27 04:37:52,859 [INFO] [generate_news_summary] status=SUCCESS, len=5157
2026-04-27 04:38:25,868 [INFO] [MiniMax] 请求状态: 200, attempt=1
2026-04-27 04:38:25,870 [INFO] [MiniMax] 成功, 输出长度: 5813
2026-04-27 04:38:25,872 [INFO] [generate_news_summary] status=SUCCESS, len=5813
2026-04-27 04:38:58,779 [INFO] [MiniMax] 请求状态: 200, attempt=1
2026-04-27 04:38:58,780 [INFO] [MiniMax] 成功, 输出长度: 5893
2026-04-27 04:38:58,782 [INFO] [generate_news_summary] status=SUCCESS, len=5893
2026-04-27 04:39:33,505 [INFO] [MiniMax] 请求状态: 200, attempt=1
2026-04-27 04:39:33,506 [INFO] [MiniMax] 成功, 输出长度: 5684
2026-04-27 04:39:33,508 [INFO] [generate_news_summary] status=SUCCESS, len=5684
/Users/vincentnie/Library/Python/3.9/lib/python/site-packages/urllib3/__init__.py:35: NotOpenSSLWarning: urllib3 v2 only supports OpenSSL 1.1.1+, currently the 'ssl' module is compiled with 'LibreSSL 2.8.3'. See: https://github.com/urllib3/urllib3/issues/3020
  warnings.warn(
/Users/vincentnie/Library/Python/3.9/lib/python/site-packages/urllib3/connectionpool.py:1097: InsecureRequestWarning: Unverified HTTPS request is being made to host '127.0.0.1'. Adding certificate verification is strongly advised. See: https://urllib3.readthedocs.io/en/latest/advanced-usage.html#tls-warnings
  warnings.warn(
/Users/vincentnie/Library/Python/3.9/lib/python/site-packages/urllib3/connectionpool.py:1097: InsecureRequestWarning: Unverified HTTPS request is being made to host '127.0.0.1'. Adding certificate verification is strongly advised. See: https://urllib3.readthedocs.io/en/latest/advanced-usage.html#tls-warnings
  warnings.warn(
/Users/vincentnie/Library/Python/3.9/lib/python/site-packages/urllib3/connectionpool.py:1097: InsecureRequestWarning: Unverified HTTPS request is being made to host '127.0.0.1'. Adding certificate verification is strongly advised. See: https://urllib3.readthedocs.io/en/latest/advanced-usage.html#tls-warnings
  warnings.warn(
/Users/vincentnie/Library/Python/3.9/lib/python/site-packages/urllib3/connectionpool.py:1097: InsecureRequestWarning: Unverified HTTPS request is being made to host '127.0.0.1'. Adding certificate verification is strongly advised. See: https://urllib3.readthedocs.io/en/latest/advanced-usage.html#tls-warnings
  warnings.warn(
/Users/vincentnie/Library/Python/3.9/lib/python/site-packages/urllib3/connectionpool.py:1097: InsecureRequestWarning: Unverified HTTPS request is being made to host '127.0.0.1'. Adding certificate verification is strongly advised. See: https://urllib3.readthedocs.io/en/latest/advanced-usage.html#tls-warnings
  warnings.warn(
/Users/vincentnie/Library/Python/3.9/lib/python/site-packages/urllib3/connectionpool.py:1097: InsecureRequestWarning: Unverified HTTPS request is being made to host '127.0.0.1'. Adding certificate verification is strongly advised. See: https://urllib3.readthedocs.io/en/latest/advanced-usage.html#tls-warnings
  warnings.warn(
/Users/vincentnie/Library/Python/3.9/lib/python/site-packages/urllib3/connectionpool.py:1097: InsecureRequestWarning: Unverified HTTPS request is being made to host '127.0.0.1'. Adding certificate verification is strongly advised. See: https://urllib3.readthedocs.io/en/latest/advanced-usage.html#tls-warnings
  warnings.warn(
/Users/vincentnie/Library/Python/3.9/lib/python/site-packages/urllib3/connectionpool.py:1097: InsecureRequestWarning: Unverified HTTPS request is being made to host '127.0.0.1'. Adding certificate verification is strongly advised. See: https://urllib3.readthedocs.io/en/latest/advanced-usage.html#tls-warnings
  warnings.warn(
/Users/vincentnie/Library/Python/3.9/lib/python/site-packages/urllib3/connectionpool.py:1097: InsecureRequestWarning: Unverified HTTPS request is being made to host '127.0.0.1'. Adding certificate verification is strongly advised. See: https://urllib3.readthedocs.io/en/latest/advanced-usage.html#tls-warnings
  warnings.warn(
/Users/vincentnie/Library/Python/3.9/lib/python/site-packages/urllib3/connectionpool.py:1097: InsecureRequestWarning: Unverified HTTPS request is being made to host '127.0.0.1'. Adding certificate verification is strongly advised. See: https://urllib3.readthedocs.io/en/latest/advanced-usage.html#tls-warnings
  warnings.warn(
/Users/vincentnie/Library/Python/3.9/lib/python/site-packages/urllib3/connectionpool.py:1097: InsecureRequestWarning: Unverified HTTPS request is being made to host '127.0.0.1'. Adding certificate verification is strongly advised. See: https://urllib3.readthedocs.io/en/latest/advanced-usage.html#tls-warnings
  warnings.warn(
/Users/vincentnie/Library/Python/3.9/lib/python/site-packages/urllib3/__init__.py:35: NotOpenSSLWarning: urllib3 v2 only supports OpenSSL 1.1.1+, currently the 'ssl' module is compiled with 'LibreSSL 2.8.3'. See: https://github.com/urllib3/urllib3/issues/3020
  warnings.warn(
Deprecated Feature: Support for Python version 3.9 has been deprecated. Please update to Python 3.10 or above
WARNING: [youtube] iKx3gAODybU: Some web client https formats have been skipped as they are missing a url. YouTube is forcing SABR streaming for this client. See  https://github.com/yt-dlp/yt-dlp/issues/12482  for more details
WARNING: [youtube] vif8NQcjVf0: Some web client https formats have been skipped as they are missing a url. YouTube is forcing SABR streaming for this client. See  https://github.com/yt-dlp/yt-dlp/issues/12482  for more details
WARNING: [youtube] H9rF1CSSh-w: Some web client https formats have been skipped as they are missing a url. YouTube is forcing SABR streaming for this client. See  https://github.com/yt-dlp/yt-dlp/issues/12482  for more details
WARNING: [youtube] 1SJiTwbSI58: Some web client https formats have been skipped as they are missing a url. YouTube is forcing SABR streaming for this client. See  https://github.com/yt-dlp/yt-dlp/issues/12482  for more details
WARNING: [youtube] KGVpKPNUdzA: Some web client https formats have been skipped as they are missing a url. YouTube is forcing SABR streaming for this client. See  https://github.com/yt-dlp/yt-dlp/issues/12482  for more details
Deprecated Feature: Support for Python version 3.9 has been deprecated. Please update to Python 3.10 or above
WARNING: [youtube] 82HsvG1_Nqk: Some web client https formats have been skipped as they are missing a url. YouTube is forcing SABR streaming for this client. See  https://github.com/yt-dlp/yt-dlp/issues/12482  for more details
WARNING: [youtube] Mjc7vwys1vY: Some web client https formats have been skipped as they are missing a url. YouTube is forcing SABR streaming for this client. See  https://github.com/yt-dlp/yt-dlp/issues/12482  for more details
WARNING: [youtube] IZDJ3jcO5UY: Some web client https formats have been skipped as they are missing a url. YouTube is forcing SABR streaming for this client. See  https://github.com/yt-dlp/yt-dlp/issues/12482  for more details
WARNING: [youtube] yiJOTCRVWjc: Some web client https formats have been skipped as they are missing a url. YouTube is forcing SABR streaming for this client. See  https://github.com/yt-dlp/yt-dlp/issues/12482  for more details
WARNING: [youtube] dvt_74kV-RM: Some web client https formats have been skipped as they are missing a url. YouTube is forcing SABR streaming for this client. See  https://github.com/yt-dlp/yt-dlp/issues/12482  for more details
Deprecated Feature: Support for Python version 3.9 has been deprecated. Please update to Python 3.10 or above
WARNING: [youtube] 1bCXCxrDsCs: Some web client https formats have been skipped as they are missing a url. YouTube is forcing SABR streaming for this client. See  https://github.com/yt-dlp/yt-dlp/issues/12482  for more details
WARNING: [youtube] SFdqX7IY7RY: Some web client https formats have been skipped as they are missing a url. YouTube is forcing SABR streaming for this client. See  https://github.com/yt-dlp/yt-dlp/issues/12482  for more details
WARNING: [youtube] DVBJQQCjgXU: Some web client https formats have been skipped as they are missing a url. YouTube is forcing SABR streaming for this client. See  https://github.com/yt-dlp/yt-dlp/issues/12482  for more details
WARNING: [youtube] MPAsUZEJHiM: Some web client https formats have been skipped as they are missing a url. YouTube is forcing SABR streaming for this client. See  https://github.com/yt-dlp/yt-dlp/issues/12482  for more details
WARNING: [youtube] mjNP5IOzCbA: Some web client https formats have been skipped as they are missing a url. YouTube is forcing SABR streaming for this client. See  https://github.com/yt-dlp/yt-dlp/issues/12482  for more details
Deprecated Feature: Support for Python version 3.9 has been deprecated. Please update to Python 3.10 or above
WARNING: [youtube] JmFKaqJg5X4: Some web client https formats have been skipped as they are missing a url. YouTube is forcing SABR streaming for this client. See  https://github.com/yt-dlp/yt-dlp/issues/12482  for more details
WARNING: [youtube] uVxltd_Xv5E: Some web client https formats have been skipped as they are missing a url. YouTube is forcing SABR streaming for this client. See  https://github.com/yt-dlp/yt-dlp/issues/12482  for more details
WARNING: [youtube] 7RDDsuq0xK0: Some web client https formats have been skipped as they are missing a url. YouTube is forcing SABR streaming for this client. See  https://github.com/yt-dlp/yt-dlp/issues/12482  for more details
WARNING: [youtube] aPriy8Iy040: Some web client https formats have been skipped as they are missing a url. YouTube is forcing SABR streaming for this client. See  https://github.com/yt-dlp/yt-dlp/issues/12482  for more details
WARNING: [youtube] zp87IvWwSsY: Some web client https formats have been skipped as they are missing a url. YouTube is forcing SABR streaming for this client. See  https://github.com/yt-dlp/yt-dlp/issues/12482  for more details
Deprecated Feature: Support for Python version 3.9 has been deprecated. Please update to Python 3.10 or above
WARNING: [youtube] DFARVLSfIFk: Some web client https formats have been skipped as they are missing a url. YouTube is forcing SABR streaming for this client. See  https://github.com/yt-dlp/yt-dlp/issues/12482  for more details
WARNING: [youtube] jbFlqd5fTTc: Some web client https formats have been skipped as they are missing a url. YouTube is forcing SABR streaming for this client. See  https://github.com/yt-dlp/yt-dlp/issues/12482  for more details
WARNING: [youtube] OKcqNknC3bE: Some web client https formats have been skipped as they are missing a url. YouTube is forcing SABR streaming for this client. See  https://github.com/yt-dlp/yt-dlp/issues/12482  for more details
WARNING: [youtube] APYl-1Qbpig: Some web client https formats have been skipped as they are missing a url. YouTube is forcing SABR streaming for this client. See  https://github.com/yt-dlp/yt-dlp/issues/12482  for more details
WARNING: [youtube] NnU3Fxf4otE: Some web client https formats have been skipped as they are missing a url. YouTube is forcing SABR streaming for this client. See  https://github.com/yt-dlp/yt-dlp/issues/12482  for more details
Deprecated Feature: Support for Python version 3.9 has been deprecated. Please update to Python 3.10 or above
WARNING: [youtube] CtcY3uofOe8: Some web client https formats have been skipped as they are missing a url. YouTube is forcing SABR streaming for this client. See  https://github.com/yt-dlp/yt-dlp/issues/12482  for more details
WARNING: [youtube] OS4wHmKtH-Q: Some web client https formats have been skipped as they are missing a url. YouTube is forcing SABR streaming for this client. See  https://github.com/yt-dlp/yt-dlp/issues/12482  for more details
WARNING: [youtube] pUiXx3pDHo8: Some web client https formats have been skipped as they are missing a url. YouTube is forcing SABR streaming for this client. See  https://github.com/yt-dlp/yt-dlp/issues/12482  for more details
WARNING: [youtube] gP8YbvfmU9s: Some web client https formats have been skipped as they are missing a url. YouTube is forcing SABR streaming for this client. See  https://github.com/yt-dlp/yt-dlp/issues/12482  for more details
WARNING: [youtube] 6McT9-EbEPw: Some web client https formats have been skipped as they are missing a url. YouTube is forcing SABR streaming for this client. See  https://github.com/yt-dlp/yt-dlp/issues/12482  for more details
Deprecated Feature: Support for Python version 3.9 has been deprecated. Please update to Python 3.10 or above
WARNING: [youtube] tNQPNBQC5kg: Some web client https formats have been skipped as they are missing a url. YouTube is forcing SABR streaming for this client. See  https://github.com/yt-dlp/yt-dlp/issues/12482  for more details
WARNING: [youtube] vCP7C8CVw28: Some web client https formats have been skipped as they are missing a url. YouTube is forcing SABR streaming for this client. See  https://github.com/yt-dlp/yt-dlp/issues/12482  for more details
WARNING: [youtube] dEy3pQKhE8k: Some web client https formats have been skipped as they are missing a url. YouTube is forcing SABR streaming for this client. See  https://github.com/yt-dlp/yt-dlp/issues/12482  for more details
WARNING: [youtube] TYpg5oxSQ6Y: Some web client https formats have been skipped as they are missing a url. YouTube is forcing SABR streaming for this client. See  https://github.com/yt-dlp/yt-dlp/issues/12482  for more details
WARNING: [youtube] kqj22mWIdjU: Some web client https formats have been skipped as they are missing a url. YouTube is forcing SABR streaming for this client. See  https://github.com/yt-dlp/yt-dlp/issues/12482  for more details
Deprecated Feature: Support for Python version 3.9 has been deprecated. Please update to Python 3.10 or above
WARNING: [youtube] fuO669ienMY: Some web client https formats have been skipped as they are missing a url. YouTube is forcing SABR streaming for this client. See  https://github.com/yt-dlp/yt-dlp/issues/12482  for more details
WARNING: [youtube] GNEbX8EvDlg: Some web client https formats have been skipped as they are missing a url. YouTube is forcing SABR streaming for this client. See  https://github.com/yt-dlp/yt-dlp/issues/12482  for more details
WARNING: [youtube] H5rSp32VwV8: Some web client https formats have been skipped as they are missing a url. YouTube is forcing SABR streaming for this client. See  https://github.com/yt-dlp/yt-dlp/issues/12482  for more details
WARNING: [youtube] 7ZVYmoqqnCg: Some web client https formats have been skipped as they are missing a url. YouTube is forcing SABR streaming for this client. See  https://github.com/yt-dlp/yt-dlp/issues/12482  for more details
WARNING: [youtube] HnSPedbA02Q: Some web client https formats have been skipped as they are missing a url. YouTube is forcing SABR streaming for this client. See  https://github.com/yt-dlp/yt-dlp/issues/12482  for more details
Deprecated Feature: Support for Python version 3.9 has been deprecated. Please update to Python 3.10 or above
WARNING: [youtube] Bj0i-yvIUQs: Some web client https formats have been skipped as they are missing a url. YouTube is forcing SABR streaming for this client. See  https://github.com/yt-dlp/yt-dlp/issues/12482  for more details
WARNING: [youtube] LVvleNtllPk: Some web client https formats have been skipped as they are missing a url. YouTube is forcing SABR streaming for this client. See  https://github.com/yt-dlp/yt-dlp/issues/12482  for more details
WARNING: [youtube] 5ak26W2YNRY: Some web client https formats have been skipped as they are missing a url. YouTube is forcing SABR streaming for this client. See  https://github.com/yt-dlp/yt-dlp/issues/12482  for more details
WARNING: [youtube] cFI-SqnvQK8: Some web client https formats have been skipped as they are missing a url. YouTube is forcing SABR streaming for this client. See  https://github.com/yt-dlp/yt-dlp/issues/12482  for more details
WARNING: [youtube] Goa6c6Qz__I: Some web client https formats have been skipped as they are missing a url. YouTube is forcing SABR streaming for this client. See  https://github.com/yt-dlp/yt-dlp/issues/12482  for more details
Deprecated Feature: Support for Python version 3.9 has been deprecated. Please update to Python 3.10 or above
WARNING: [youtube] m-nnyNZ0TQ0: Some web client https formats have been skipped as they are missing a url. YouTube is forcing SABR streaming for this client. See  https://github.com/yt-dlp/yt-dlp/issues/12482  for more details
WARNING: [youtube] jt5hHb6kzYM: Some web client https formats have been skipped as they are missing a url. YouTube is forcing SABR streaming for this client. See  https://github.com/yt-dlp/yt-dlp/issues/12482  for more details
WARNING: [youtube] EVts3Ui_0AI: Some web client https formats have been skipped as they are missing a url. YouTube is forcing SABR streaming for this client. See  https://github.com/yt-dlp/yt-dlp/issues/12482  for more details
WARNING: [youtube] pDKlaJM_vys: Some web client https formats have been skipped as they are missing a url. YouTube is forcing SABR streaming for this client. See  https://github.com/yt-dlp/yt-dlp/issues/12482  for more details
WARNING: [youtube] 7VxeyTfhBM8: Some web client https formats have been skipped as they are missing a url. YouTube is forcing SABR streaming for this client. See  https://github.com/yt-dlp/yt-dlp/issues/12482  for more details
Deprecated Feature: Support for Python version 3.9 has been deprecated. Please update to Python 3.10 or above
WARNING: [youtube] 7YrdI7h2XoY: Some web client https formats have been skipped as they are missing a url. YouTube is forcing SABR streaming for this client. See  https://github.com/yt-dlp/yt-dlp/issues/12482  for more details
WARNING: [youtube] c347oYQO57A: Some web client https formats have been skipped as they are missing a url. YouTube is forcing SABR streaming for this client. See  https://github.com/yt-dlp/yt-dlp/issues/12482  for more details
WARNING: [youtube] 5aS-8QCRdGE: Some web client https formats have been skipped as they are missing a url. YouTube is forcing SABR streaming for this client. See  https://github.com/yt-dlp/yt-dlp/issues/12482  for more details
WARNING: [youtube] Hc0aqOEU2w8: Some web client https formats have been skipped as they are missing a url. YouTube is forcing SABR streaming for this client. See  https://github.com/yt-dlp/yt-dlp/issues/12482  for more details
WARNING: [youtube] eFUB_jL_XcM: Some web client https formats have been skipped as they are missing a url. YouTube is forcing SABR streaming for this client. See  https://github.com/yt-dlp/yt-dlp/issues/12482  for more details
Deprecated Feature: Support for Python version 3.9 has been deprecated. Please update to Python 3.10 or above
WARNING: [youtube] 7YrdI7h2XoY: Some web client https formats have been skipped as they are missing a url. YouTube is forcing SABR streaming for this client. See  https://github.com/yt-dlp/yt-dlp/issues/12482  for more details
WARNING: [youtube] c347oYQO57A: Some web client https formats have been skipped as they are missing a url. YouTube is forcing SABR streaming for this client. See  https://github.com/yt-dlp/yt-dlp/issues/12482  for more details
WARNING: [youtube] 5aS-8QCRdGE: Some web client https formats have been skipped as they are missing a url. YouTube is forcing SABR streaming for this client. See  https://github.com/yt-dlp/yt-dlp/issues/12482  for more details
WARNING: [youtube] Hc0aqOEU2w8: Some web client https formats have been skipped as they are missing a url. YouTube is forcing SABR streaming for this client. See  https://github.com/yt-dlp/yt-dlp/issues/12482  for more details
WARNING: [youtube] eFUB_jL_XcM: Some web client https formats have been skipped as they are missing a url. YouTube is forcing SABR streaming for this client. See  https://github.com/yt-dlp/yt-dlp/issues/12482  for more details
/Users/vincentnie/Library/Python/3.9/lib/python/site-packages/urllib3/__init__.py:35: NotOpenSSLWarning: urllib3 v2 only supports OpenSSL 1.1.1+, currently the 'ssl' module is compiled with 'LibreSSL 2.8.3'. See: https://github.com/urllib3/urllib3/issues/3020
  warnings.warn(
/Users/vincentnie/Library/Python/3.9/lib/python/site-packages/urllib3/__init__.py:35: NotOpenSSLWarning: urllib3 v2 only supports OpenSSL 1.1.1+, currently the 'ssl' module is compiled with 'LibreSSL 2.8.3'. See: https://github.com/urllib3/urllib3/issues/3020
  warnings.warn(
/Users/vincentnie/Library/Python/3.9/lib/python/site-packages/urllib3/connectionpool.py:1097: InsecureRequestWarning: Unverified HTTPS request is being made to host '127.0.0.1'. Adding certificate verification is strongly advised. See: https://urllib3.readthedocs.io/en/latest/advanced-usage.html#tls-warnings
  warnings.warn(
/Users/vincentnie/Library/Python/3.9/lib/python/site-packages/urllib3/connectionpool.py:1097: InsecureRequestWarning: Unverified HTTPS request is being made to host '127.0.0.1'. Adding certificate verification is strongly advised. See: https://urllib3.readthedocs.io/en/latest/advanced-usage.html#tls-warnings
  warnings.warn(
/Users/vincentnie/Library/Python/3.9/lib/python/site-packages/urllib3/connectionpool.py:1097: InsecureRequestWarning: Unverified HTTPS request is being made to host '127.0.0.1'. Adding certificate verification is strongly advised. See: https://urllib3.readthedocs.io/en/latest/advanced-usage.html#tls-warnings
  warnings.warn(
/Users/vincentnie/Library/Python/3.9/lib/python/site-packages/urllib3/connectionpool.py:1097: InsecureRequestWarning: Unverified HTTPS request is being made to host '127.0.0.1'. Adding certificate verification is strongly advised. See: https://urllib3.readthedocs.io/en/latest/advanced-usage.html#tls-warnings
  warnings.warn(
/Users/vincentnie/Library/Python/3.9/lib/python/site-packages/urllib3/connectionpool.py:1097: InsecureRequestWarning: Unverified HTTPS request is being made to host '127.0.0.1'. Adding certificate verification is strongly advised. See: https://urllib3.readthedocs.io/en/latest/advanced-usage.html#tls-warnings
  warnings.warn(
/Users/vincentnie/Library/Python/3.9/lib/python/site-packages/urllib3/connectionpool.py:1097: InsecureRequestWarning: Unverified HTTPS request is being made to host '127.0.0.1'. Adding certificate verification is strongly advised. See: https://urllib3.readthedocs.io/en/latest/advanced-usage.html#tls-warnings
  warnings.warn(
/Users/vincentnie/Library/Python/3.9/lib/python/site-packages/urllib3/connectionpool.py:1097: InsecureRequestWarning: Unverified HTTPS request is being made to host '127.0.0.1'. Adding certificate verification is strongly advised. See: https://urllib3.readthedocs.io/en/latest/advanced-usage.html#tls-warnings
  warnings.warn(
/Users/vincentnie/Library/Python/3.9/lib/python/site-packages/urllib3/connectionpool.py:1097: InsecureRequestWarning: Unverified HTTPS request is being made to host '127.0.0.1'. Adding certificate verification is strongly advised. See: https://urllib3.readthedocs.io/en/latest/advanced-usage.html#tls-warnings
  warnings.warn(
/Users/vincentnie/Library/Python/3.9/lib/python/site-packages/urllib3/connectionpool.py:1097: InsecureRequestWarning: Unverified HTTPS request is being made to host '127.0.0.1'. Adding certificate verification is strongly advised. See: https://urllib3.readthedocs.io/en/latest/advanced-usage.html#tls-warnings
  warnings.warn(
/Users/vincentnie/Library/Python/3.9/lib/python/site-packages/urllib3/connectionpool.py:1097: InsecureRequestWarning: Unverified HTTPS request is being made to host '127.0.0.1'. Adding certificate verification is strongly advised. See: https://urllib3.readthedocs.io/en/latest/advanced-usage.html#tls-warnings
  warnings.warn(
/Users/vincentnie/Library/Python/3.9/lib/python/site-packages/urllib3/connectionpool.py:1097: InsecureRequestWarning: Unverified HTTPS request is being made to host '127.0.0.1'. Adding certificate verification is strongly advised. See: https://urllib3.readthedocs.io/en/latest/advanced-usage.html#tls-warnings
  warnings.warn(
2026-04-28 04:02:02,087 [INFO] [MiniMax] 请求状态: 200, attempt=1
2026-04-28 04:02:02,087 [INFO] [MiniMax] 成功, 输出长度: 1760
2026-04-28 04:02:02,090 [INFO] [generate_podcast_summary] status=SUCCESS, len=1760
2026-04-28 04:02:49,045 [INFO] [MiniMax] 请求状态: 200, attempt=1
2026-04-28 04:02:49,046 [INFO] [MiniMax] 成功, 输出长度: 2984
2026-04-28 04:02:49,049 [INFO] [generate_podcast_summary] status=SUCCESS, len=2984
2026-04-28 04:03:37,101 [INFO] [MiniMax] 请求状态: 200, attempt=1
2026-04-28 04:03:37,101 [INFO] [MiniMax] 成功, 输出长度: 2756
2026-04-28 04:03:37,103 [INFO] [generate_podcast_summary] status=SUCCESS, len=2756
2026-04-28 04:04:17,477 [INFO] [MiniMax] 请求状态: 200, attempt=1
2026-04-28 04:04:17,478 [INFO] [MiniMax] 成功, 输出长度: 1959
2026-04-28 04:04:17,480 [INFO] [generate_podcast_summary] status=SUCCESS, len=1959
2026-04-28 04:05:17,486 [INFO] [MiniMax] 请求状态: 200, attempt=1
2026-04-28 04:05:17,488 [INFO] [MiniMax] 成功, 输出长度: 1984
2026-04-28 04:05:17,491 [INFO] [generate_podcast_summary] status=SUCCESS, len=1984
/Users/vincentnie/Library/Python/3.9/lib/python/site-packages/urllib3/__init__.py:35: NotOpenSSLWarning: urllib3 v2 only supports OpenSSL 1.1.1+, currently the 'ssl' module is compiled with 'LibreSSL 2.8.3'. See: https://github.com/urllib3/urllib3/issues/3020
  warnings.warn(
Deprecated Feature: Support for Python version 3.9 has been deprecated. Please update to Python 3.10 or above
WARNING: [youtube] iKx3gAODybU: Some web client https formats have been skipped as they are missing a url. YouTube is forcing SABR streaming for this client. See  https://github.com/yt-dlp/yt-dlp/issues/12482  for more details
WARNING: [youtube] vif8NQcjVf0: Some web client https formats have been skipped as they are missing a url. YouTube is forcing SABR streaming for this client. See  https://github.com/yt-dlp/yt-dlp/issues/12482  for more details
WARNING: [youtube] H9rF1CSSh-w: Some web client https formats have been skipped as they are missing a url. YouTube is forcing SABR streaming for this client. See  https://github.com/yt-dlp/yt-dlp/issues/12482  for more details
WARNING: [youtube] 1SJiTwbSI58: Some web client https formats have been skipped as they are missing a url. YouTube is forcing SABR streaming for this client. See  https://github.com/yt-dlp/yt-dlp/issues/12482  for more details
WARNING: [youtube] KGVpKPNUdzA: Some web client https formats have been skipped as they are missing a url. YouTube is forcing SABR streaming for this client. See  https://github.com/yt-dlp/yt-dlp/issues/12482  for more details
Deprecated Feature: Support for Python version 3.9 has been deprecated. Please update to Python 3.10 or above
WARNING: [youtube] 82HsvG1_Nqk: Some web client https formats have been skipped as they are missing a url. YouTube is forcing SABR streaming for this client. See  https://github.com/yt-dlp/yt-dlp/issues/12482  for more details
WARNING: [youtube] Mjc7vwys1vY: Some web client https formats have been skipped as they are missing a url. YouTube is forcing SABR streaming for this client. See  https://github.com/yt-dlp/yt-dlp/issues/12482  for more details
WARNING: [youtube] IZDJ3jcO5UY: Some web client https formats have been skipped as they are missing a url. YouTube is forcing SABR streaming for this client. See  https://github.com/yt-dlp/yt-dlp/issues/12482  for more details
WARNING: [youtube] yiJOTCRVWjc: Some web client https formats have been skipped as they are missing a url. YouTube is forcing SABR streaming for this client. See  https://github.com/yt-dlp/yt-dlp/issues/12482  for more details
WARNING: [youtube] dvt_74kV-RM: Some web client https formats have been skipped as they are missing a url. YouTube is forcing SABR streaming for this client. See  https://github.com/yt-dlp/yt-dlp/issues/12482  for more details
Deprecated Feature: Support for Python version 3.9 has been deprecated. Please update to Python 3.10 or above
WARNING: [youtube] 1bCXCxrDsCs: Some web client https formats have been skipped as they are missing a url. YouTube is forcing SABR streaming for this client. See  https://github.com/yt-dlp/yt-dlp/issues/12482  for more details
WARNING: [youtube] SFdqX7IY7RY: Some web client https formats have been skipped as they are missing a url. YouTube is forcing SABR streaming for this client. See  https://github.com/yt-dlp/yt-dlp/issues/12482  for more details
WARNING: [youtube] DVBJQQCjgXU: Some web client https formats have been skipped as they are missing a url. YouTube is forcing SABR streaming for this client. See  https://github.com/yt-dlp/yt-dlp/issues/12482  for more details
WARNING: [youtube] MPAsUZEJHiM: Some web client https formats have been skipped as they are missing a url. YouTube is forcing SABR streaming for this client. See  https://github.com/yt-dlp/yt-dlp/issues/12482  for more details
WARNING: [youtube] mjNP5IOzCbA: Some web client https formats have been skipped as they are missing a url. YouTube is forcing SABR streaming for this client. See  https://github.com/yt-dlp/yt-dlp/issues/12482  for more details
Deprecated Feature: Support for Python version 3.9 has been deprecated. Please update to Python 3.10 or above
WARNING: [youtube] JmFKaqJg5X4: Some web client https formats have been skipped as they are missing a url. YouTube is forcing SABR streaming for this client. See  https://github.com/yt-dlp/yt-dlp/issues/12482  for more details
WARNING: [youtube] uVxltd_Xv5E: Some web client https formats have been skipped as they are missing a url. YouTube is forcing SABR streaming for this client. See  https://github.com/yt-dlp/yt-dlp/issues/12482  for more details
WARNING: [youtube] 7RDDsuq0xK0: Some web client https formats have been skipped as they are missing a url. YouTube is forcing SABR streaming for this client. See  https://github.com/yt-dlp/yt-dlp/issues/12482  for more details
WARNING: [youtube] aPriy8Iy040: Some web client https formats have been skipped as they are missing a url. YouTube is forcing SABR streaming for this client. See  https://github.com/yt-dlp/yt-dlp/issues/12482  for more details
WARNING: [youtube] zp87IvWwSsY: Some web client https formats have been skipped as they are missing a url. YouTube is forcing SABR streaming for this client. See  https://github.com/yt-dlp/yt-dlp/issues/12482  for more details
Deprecated Feature: Support for Python version 3.9 has been deprecated. Please update to Python 3.10 or above
WARNING: [youtube] ifRbIzAFIJE: Some web client https formats have been skipped as they are missing a url. YouTube is forcing SABR streaming for this client. See  https://github.com/yt-dlp/yt-dlp/issues/12482  for more details
WARNING: [youtube] DFARVLSfIFk: Some web client https formats have been skipped as they are missing a url. YouTube is forcing SABR streaming for this client. See  https://github.com/yt-dlp/yt-dlp/issues/12482  for more details
WARNING: [youtube] jbFlqd5fTTc: Some web client https formats have been skipped as they are missing a url. YouTube is forcing SABR streaming for this client. See  https://github.com/yt-dlp/yt-dlp/issues/12482  for more details
WARNING: [youtube] OKcqNknC3bE: Some web client https formats have been skipped as they are missing a url. YouTube is forcing SABR streaming for this client. See  https://github.com/yt-dlp/yt-dlp/issues/12482  for more details
WARNING: [youtube] APYl-1Qbpig: Some web client https formats have been skipped as they are missing a url. YouTube is forcing SABR streaming for this client. See  https://github.com/yt-dlp/yt-dlp/issues/12482  for more details
Deprecated Feature: Support for Python version 3.9 has been deprecated. Please update to Python 3.10 or above
WARNING: [youtube] utR1XtXKBw8: Some web client https formats have been skipped as they are missing a url. YouTube is forcing SABR streaming for this client. See  https://github.com/yt-dlp/yt-dlp/issues/12482  for more details
WARNING: [youtube] CtcY3uofOe8: Some web client https formats have been skipped as they are missing a url. YouTube is forcing SABR streaming for this client. See  https://github.com/yt-dlp/yt-dlp/issues/12482  for more details
WARNING: [youtube] OS4wHmKtH-Q: Some web client https formats have been skipped as they are missing a url. YouTube is forcing SABR streaming for this client. See  https://github.com/yt-dlp/yt-dlp/issues/12482  for more details
WARNING: [youtube] pUiXx3pDHo8: Some web client https formats have been skipped as they are missing a url. YouTube is forcing SABR streaming for this client. See  https://github.com/yt-dlp/yt-dlp/issues/12482  for more details
WARNING: [youtube] gP8YbvfmU9s: Some web client https formats have been skipped as they are missing a url. YouTube is forcing SABR streaming for this client. See  https://github.com/yt-dlp/yt-dlp/issues/12482  for more details
Deprecated Feature: Support for Python version 3.9 has been deprecated. Please update to Python 3.10 or above
WARNING: [youtube] L7FF8Zgab3M: Some web client https formats have been skipped as they are missing a url. YouTube is forcing SABR streaming for this client. See  https://github.com/yt-dlp/yt-dlp/issues/12482  for more details
WARNING: [youtube] tNQPNBQC5kg: Some web client https formats have been skipped as they are missing a url. YouTube is forcing SABR streaming for this client. See  https://github.com/yt-dlp/yt-dlp/issues/12482  for more details
WARNING: [youtube] vCP7C8CVw28: Some web client https formats have been skipped as they are missing a url. YouTube is forcing SABR streaming for this client. See  https://github.com/yt-dlp/yt-dlp/issues/12482  for more details
WARNING: [youtube] dEy3pQKhE8k: Some web client https formats have been skipped as they are missing a url. YouTube is forcing SABR streaming for this client. See  https://github.com/yt-dlp/yt-dlp/issues/12482  for more details
WARNING: [youtube] TYpg5oxSQ6Y: Some web client https formats have been skipped as they are missing a url. YouTube is forcing SABR streaming for this client. See  https://github.com/yt-dlp/yt-dlp/issues/12482  for more details
Deprecated Feature: Support for Python version 3.9 has been deprecated. Please update to Python 3.10 or above
WARNING: [youtube] 2TGHO4apQ5I: Some web client https formats have been skipped as they are missing a url. YouTube is forcing SABR streaming for this client. See  https://github.com/yt-dlp/yt-dlp/issues/12482  for more details
WARNING: [youtube] fuO669ienMY: Some web client https formats have been skipped as they are missing a url. YouTube is forcing SABR streaming for this client. See  https://github.com/yt-dlp/yt-dlp/issues/12482  for more details
WARNING: [youtube] GNEbX8EvDlg: Some web client https formats have been skipped as they are missing a url. YouTube is forcing SABR streaming for this client. See  https://github.com/yt-dlp/yt-dlp/issues/12482  for more details
WARNING: [youtube] H5rSp32VwV8: Some web client https formats have been skipped as they are missing a url. YouTube is forcing SABR streaming for this client. See  https://github.com/yt-dlp/yt-dlp/issues/12482  for more details
WARNING: [youtube] 7ZVYmoqqnCg: Some web client https formats have been skipped as they are missing a url. YouTube is forcing SABR streaming for this client. See  https://github.com/yt-dlp/yt-dlp/issues/12482  for more details
Deprecated Feature: Support for Python version 3.9 has been deprecated. Please update to Python 3.10 or above
WARNING: [youtube] 4IM866W7yGc: Some web client https formats have been skipped as they are missing a url. YouTube is forcing SABR streaming for this client. See  https://github.com/yt-dlp/yt-dlp/issues/12482  for more details
WARNING: [youtube] Bj0i-yvIUQs: Some web client https formats have been skipped as they are missing a url. YouTube is forcing SABR streaming for this client. See  https://github.com/yt-dlp/yt-dlp/issues/12482  for more details
WARNING: [youtube] LVvleNtllPk: Some web client https formats have been skipped as they are missing a url. YouTube is forcing SABR streaming for this client. See  https://github.com/yt-dlp/yt-dlp/issues/12482  for more details
WARNING: [youtube] 5ak26W2YNRY: Some web client https formats have been skipped as they are missing a url. YouTube is forcing SABR streaming for this client. See  https://github.com/yt-dlp/yt-dlp/issues/12482  for more details
WARNING: [youtube] cFI-SqnvQK8: Some web client https formats have been skipped as they are missing a url. YouTube is forcing SABR streaming for this client. See  https://github.com/yt-dlp/yt-dlp/issues/12482  for more details
Deprecated Feature: Support for Python version 3.9 has been deprecated. Please update to Python 3.10 or above
WARNING: [youtube] PnpHwhTWw0c: Some web client https formats have been skipped as they are missing a url. YouTube is forcing SABR streaming for this client. See  https://github.com/yt-dlp/yt-dlp/issues/12482  for more details
WARNING: [youtube] m-nnyNZ0TQ0: Some web client https formats have been skipped as they are missing a url. YouTube is forcing SABR streaming for this client. See  https://github.com/yt-dlp/yt-dlp/issues/12482  for more details
WARNING: [youtube] jt5hHb6kzYM: Some web client https formats have been skipped as they are missing a url. YouTube is forcing SABR streaming for this client. See  https://github.com/yt-dlp/yt-dlp/issues/12482  for more details
WARNING: [youtube] EVts3Ui_0AI: Some web client https formats have been skipped as they are missing a url. YouTube is forcing SABR streaming for this client. See  https://github.com/yt-dlp/yt-dlp/issues/12482  for more details
WARNING: [youtube] pDKlaJM_vys: Some web client https formats have been skipped as they are missing a url. YouTube is forcing SABR streaming for this client. See  https://github.com/yt-dlp/yt-dlp/issues/12482  for more details
Deprecated Feature: Support for Python version 3.9 has been deprecated. Please update to Python 3.10 or above
WARNING: [youtube] 7YrdI7h2XoY: Some web client https formats have been skipped as they are missing a url. YouTube is forcing SABR streaming for this client. See  https://github.com/yt-dlp/yt-dlp/issues/12482  for more details
WARNING: [youtube] c347oYQO57A: Some web client https formats have been skipped as they are missing a url. YouTube is forcing SABR streaming for this client. See  https://github.com/yt-dlp/yt-dlp/issues/12482  for more details
WARNING: [youtube] 5aS-8QCRdGE: Some web client https formats have been skipped as they are missing a url. YouTube is forcing SABR streaming for this client. See  https://github.com/yt-dlp/yt-dlp/issues/12482  for more details
WARNING: [youtube] Hc0aqOEU2w8: Some web client https formats have been skipped as they are missing a url. YouTube is forcing SABR streaming for this client. See  https://github.com/yt-dlp/yt-dlp/issues/12482  for more details
WARNING: [youtube] eFUB_jL_XcM: Some web client https formats have been skipped as they are missing a url. YouTube is forcing SABR streaming for this client. See  https://github.com/yt-dlp/yt-dlp/issues/12482  for more details
Deprecated Feature: Support for Python version 3.9 has been deprecated. Please update to Python 3.10 or above
WARNING: [youtube] 7YrdI7h2XoY: Some web client https formats have been skipped as they are missing a url. YouTube is forcing SABR streaming for this client. See  https://github.com/yt-dlp/yt-dlp/issues/12482  for more details
WARNING: [youtube] c347oYQO57A: Some web client https formats have been skipped as they are missing a url. YouTube is forcing SABR streaming for this client. See  https://github.com/yt-dlp/yt-dlp/issues/12482  for more details
WARNING: [youtube] 5aS-8QCRdGE: Some web client https formats have been skipped as they are missing a url. YouTube is forcing SABR streaming for this client. See  https://github.com/yt-dlp/yt-dlp/issues/12482  for more details
WARNING: [youtube] Hc0aqOEU2w8: Some web client https formats have been skipped as they are missing a url. YouTube is forcing SABR streaming for this client. See  https://github.com/yt-dlp/yt-dlp/issues/12482  for more details
WARNING: [youtube] eFUB_jL_XcM: Some web client https formats have been skipped as they are missing a url. YouTube is forcing SABR streaming for this client. See  https://github.com/yt-dlp/yt-dlp/issues/12482  for more details
2026-04-28 04:09:07,790 [INFO] [MiniMax] 请求状态: 200, attempt=1
2026-04-28 04:09:07,792 [INFO] [MiniMax] 成功, 输出长度: 39
2026-04-28 04:09:07,794 [INFO] [translate_to_chinese] status=SUCCESS, len=39
2026-04-28 04:09:50,569 [INFO] [MiniMax] 请求状态: 200, attempt=1
2026-04-28 04:09:50,570 [INFO] [MiniMax] 成功, 输出长度: 3182
2026-04-28 04:09:50,572 [INFO] [generate_youtube_summary] status=SUCCESS, len=3182
2026-04-28 04:09:55,576 [INFO] [MiniMax] 请求状态: 200, attempt=1
2026-04-28 04:09:55,577 [INFO] [MiniMax] 成功, 输出长度: 17
2026-04-28 04:09:55,578 [INFO] [translate_to_chinese] status=SUCCESS, len=17
2026-04-28 04:10:31,836 [INFO] [MiniMax] 请求状态: 200, attempt=1
2026-04-28 04:10:31,836 [INFO] [MiniMax] 成功, 输出长度: 2463
2026-04-28 04:10:31,839 [INFO] [generate_youtube_summary] status=SUCCESS, len=2463
2026-04-28 04:10:35,414 [INFO] [MiniMax] 请求状态: 200, attempt=1
2026-04-28 04:10:35,415 [INFO] [MiniMax] 成功, 输出长度: 37
2026-04-28 04:10:35,417 [INFO] [translate_to_chinese] status=SUCCESS, len=37
2026-04-28 04:11:07,058 [INFO] [MiniMax] 请求状态: 200, attempt=1
2026-04-28 04:11:07,059 [INFO] [MiniMax] 成功, 输出长度: 2019
2026-04-28 04:11:07,061 [INFO] [generate_youtube_summary] status=SUCCESS, len=2019
2026-04-28 04:11:14,628 [INFO] [MiniMax] 请求状态: 200, attempt=1
2026-04-28 04:11:14,629 [INFO] [MiniMax] 成功, 输出长度: 33
2026-04-28 04:11:14,631 [INFO] [translate_to_chinese] status=SUCCESS, len=33
2026-04-28 04:11:51,758 [INFO] [MiniMax] 请求状态: 200, attempt=1
2026-04-28 04:11:51,759 [INFO] [MiniMax] 成功, 输出长度: 2345
2026-04-28 04:11:51,761 [INFO] [generate_youtube_summary] status=SUCCESS, len=2345
2026-04-28 04:11:57,957 [INFO] [MiniMax] 请求状态: 200, attempt=1
2026-04-28 04:11:57,958 [INFO] [MiniMax] 成功, 输出长度: 30
2026-04-28 04:11:57,960 [INFO] [translate_to_chinese] status=SUCCESS, len=30
2026-04-28 04:12:32,187 [INFO] [MiniMax] 请求状态: 200, attempt=1
2026-04-28 04:12:32,189 [INFO] [MiniMax] 成功, 输出长度: 2358
2026-04-28 04:12:32,191 [INFO] [generate_youtube_summary] status=SUCCESS, len=2358
2026-04-28 04:12:35,659 [INFO] [MiniMax] 请求状态: 200, attempt=1
2026-04-28 04:12:35,659 [INFO] [MiniMax] 成功, 输出长度: 29
2026-04-28 04:12:35,661 [INFO] [translate_to_chinese] status=SUCCESS, len=29
2026-04-28 04:13:25,096 [INFO] [MiniMax] 请求状态: 200, attempt=1
2026-04-28 04:13:25,098 [INFO] [MiniMax] 成功, 输出长度: 1753
2026-04-28 04:13:25,101 [INFO] [generate_youtube_summary] status=SUCCESS, len=1753
2026-04-28 04:13:40,199 [INFO] [MiniMax] 请求状态: 200, attempt=1
2026-04-28 04:13:40,200 [INFO] [MiniMax] 成功, 输出长度: 28
2026-04-28 04:13:40,201 [INFO] [translate_to_chinese] status=SUCCESS, len=28
2026-04-28 04:14:20,646 [INFO] [MiniMax] 请求状态: 200, attempt=1
2026-04-28 04:14:20,647 [INFO] [MiniMax] 成功, 输出长度: 3194
2026-04-28 04:14:20,649 [INFO] [generate_youtube_summary] status=SUCCESS, len=3194
2026-04-28 04:14:29,027 [INFO] [MiniMax] 请求状态: 200, attempt=1
2026-04-28 04:14:29,027 [INFO] [MiniMax] 成功, 输出长度: 24
2026-04-28 04:14:29,030 [INFO] [translate_to_chinese] status=SUCCESS, len=24
2026-04-28 04:14:47,326 [INFO] [MiniMax] 请求状态: 200, attempt=1
2026-04-28 04:14:47,327 [INFO] [MiniMax] 成功, 输出长度: 78
2026-04-28 04:14:47,329 [INFO] [generate_youtube_summary] status=SUCCESS, len=78
2026-04-28 04:14:47,329 [ERROR] [generate_youtube_summary] 输出异常短: 抱歉，我没有获得视频的具体内容或文字稿，无法生成符合要求的详细摘要。如果您能提供视频的文字稿、要点或
2026-04-28 04:14:55,497 [INFO] [MiniMax] 请求状态: 200, attempt=1
2026-04-28 04:14:55,497 [INFO] [MiniMax] 成功, 输出长度: 25
2026-04-28 04:14:55,499 [INFO] [translate_to_chinese] status=SUCCESS, len=25
2026-04-28 04:15:26,714 [INFO] [MiniMax] 请求状态: 200, attempt=1
2026-04-28 04:15:26,716 [INFO] [MiniMax] 成功, 输出长度: 1935
2026-04-28 04:15:26,718 [INFO] [generate_youtube_summary] status=SUCCESS, len=1935
2026-04-28 04:15:33,661 [INFO] [MiniMax] 请求状态: 200, attempt=1
2026-04-28 04:15:33,662 [INFO] [MiniMax] 成功, 输出长度: 24
2026-04-28 04:15:33,665 [INFO] [translate_to_chinese] status=SUCCESS, len=24
2026-04-28 04:16:11,674 [INFO] [MiniMax] 请求状态: 200, attempt=1
2026-04-28 04:16:11,675 [INFO] [MiniMax] 成功, 输出长度: 2591
2026-04-28 04:16:11,677 [INFO] [generate_youtube_summary] status=SUCCESS, len=2591
2026-04-28 04:16:20,202 [INFO] [MiniMax] 请求状态: 200, attempt=1
2026-04-28 04:16:20,202 [INFO] [MiniMax] 成功, 输出长度: 43
2026-04-28 04:16:20,204 [INFO] [translate_to_chinese] status=SUCCESS, len=43
2026-04-28 04:17:21,511 [ERROR] [MiniMax] 请求异常: HTTPSConnectionPool(host='api.minimax.chat', port=443): Read timed out. (read timeout=60), attempt=1/3
2026-04-28 04:18:22,334 [INFO] [MiniMax] 请求状态: 200, attempt=2
2026-04-28 04:18:22,336 [INFO] [MiniMax] 成功, 输出长度: 2981
2026-04-28 04:18:22,336 [INFO] [generate_youtube_summary] status=SUCCESS, len=2981
2026-04-28 04:18:38,237 [INFO] [MiniMax] 请求状态: 200, attempt=1
2026-04-28 04:18:38,239 [INFO] [MiniMax] 成功, 输出长度: 55
2026-04-28 04:18:38,241 [INFO] [translate_to_chinese] status=SUCCESS, len=55
2026-04-28 04:19:19,271 [INFO] [MiniMax] 请求状态: 200, attempt=1
2026-04-28 04:19:19,273 [INFO] [MiniMax] 成功, 输出长度: 3042
2026-04-28 04:19:19,275 [INFO] [generate_youtube_summary] status=SUCCESS, len=3042
2026-04-28 04:19:25,030 [INFO] [MiniMax] 请求状态: 200, attempt=1
2026-04-28 04:19:25,030 [INFO] [MiniMax] 成功, 输出长度: 52
2026-04-28 04:19:25,032 [INFO] [translate_to_chinese] status=SUCCESS, len=52
2026-04-28 04:20:22,279 [INFO] [MiniMax] 请求状态: 200, attempt=1
2026-04-28 04:20:22,279 [INFO] [MiniMax] 成功, 输出长度: 3097
2026-04-28 04:20:22,281 [INFO] [generate_youtube_summary] status=SUCCESS, len=3097
2026-04-28 04:20:29,280 [INFO] [MiniMax] 请求状态: 200, attempt=1
2026-04-28 04:20:29,281 [INFO] [MiniMax] 成功, 输出长度: 19
2026-04-28 04:20:29,283 [INFO] [translate_to_chinese] status=SUCCESS, len=19
2026-04-28 04:21:07,430 [INFO] [MiniMax] 请求状态: 200, attempt=1
2026-04-28 04:21:07,431 [INFO] [MiniMax] 成功, 输出长度: 2813
2026-04-28 04:21:07,433 [INFO] [generate_youtube_summary] status=SUCCESS, len=2813
/Users/vincentnie/Library/Python/3.9/lib/python/site-packages/urllib3/__init__.py:35: NotOpenSSLWarning: urllib3 v2 only supports OpenSSL 1.1.1+, currently the 'ssl' module is compiled with 'LibreSSL 2.8.3'. See: https://github.com/urllib3/urllib3/issues/3020
  warnings.warn(
/Users/vincentnie/Library/Python/3.9/lib/python/site-packages/urllib3/__init__.py:35: NotOpenSSLWarning: urllib3 v2 only supports OpenSSL 1.1.1+, currently the 'ssl' module is compiled with 'LibreSSL 2.8.3'. See: https://github.com/urllib3/urllib3/issues/3020
  warnings.warn(
/Users/vincentnie/Library/Python/3.9/lib/python/site-packages/urllib3/connectionpool.py:1097: InsecureRequestWarning: Unverified HTTPS request is being made to host '127.0.0.1'. Adding certificate verification is strongly advised. See: https://urllib3.readthedocs.io/en/latest/advanced-usage.html#tls-warnings
  warnings.warn(
/Users/vincentnie/Library/Python/3.9/lib/python/site-packages/urllib3/connectionpool.py:1097: InsecureRequestWarning: Unverified HTTPS request is being made to host '127.0.0.1'. Adding certificate verification is strongly advised. See: https://urllib3.readthedocs.io/en/latest/advanced-usage.html#tls-warnings
  warnings.warn(
/Users/vincentnie/Library/Python/3.9/lib/python/site-packages/urllib3/connectionpool.py:1097: InsecureRequestWarning: Unverified HTTPS request is being made to host '127.0.0.1'. Adding certificate verification is strongly advised. See: https://urllib3.readthedocs.io/en/latest/advanced-usage.html#tls-warnings
  warnings.warn(
/Users/vincentnie/Library/Python/3.9/lib/python/site-packages/urllib3/connectionpool.py:1097: InsecureRequestWarning: Unverified HTTPS request is being made to host '127.0.0.1'. Adding certificate verification is strongly advised. See: https://urllib3.readthedocs.io/en/latest/advanced-usage.html#tls-warnings
  warnings.warn(
/Users/vincentnie/Library/Python/3.9/lib/python/site-packages/urllib3/connectionpool.py:1097: InsecureRequestWarning: Unverified HTTPS request is being made to host '127.0.0.1'. Adding certificate verification is strongly advised. See: https://urllib3.readthedocs.io/en/latest/advanced-usage.html#tls-warnings
  warnings.warn(
/Users/vincentnie/Library/Python/3.9/lib/python/site-packages/urllib3/connectionpool.py:1097: InsecureRequestWarning: Unverified HTTPS request is being made to host '127.0.0.1'. Adding certificate verification is strongly advised. See: https://urllib3.readthedocs.io/en/latest/advanced-usage.html#tls-warnings
  warnings.warn(
/Users/vincentnie/Library/Python/3.9/lib/python/site-packages/urllib3/connectionpool.py:1097: InsecureRequestWarning: Unverified HTTPS request is being made to host '127.0.0.1'. Adding certificate verification is strongly advised. See: https://urllib3.readthedocs.io/en/latest/advanced-usage.html#tls-warnings
  warnings.warn(
/Users/vincentnie/Library/Python/3.9/lib/python/site-packages/urllib3/connectionpool.py:1097: InsecureRequestWarning: Unverified HTTPS request is being made to host '127.0.0.1'. Adding certificate verification is strongly advised. See: https://urllib3.readthedocs.io/en/latest/advanced-usage.html#tls-warnings
  warnings.warn(
/Users/vincentnie/Library/Python/3.9/lib/python/site-packages/urllib3/connectionpool.py:1097: InsecureRequestWarning: Unverified HTTPS request is being made to host '127.0.0.1'. Adding certificate verification is strongly advised. See: https://urllib3.readthedocs.io/en/latest/advanced-usage.html#tls-warnings
  warnings.warn(
/Users/vincentnie/Library/Python/3.9/lib/python/site-packages/urllib3/connectionpool.py:1097: InsecureRequestWarning: Unverified HTTPS request is being made to host '127.0.0.1'. Adding certificate verification is strongly advised. See: https://urllib3.readthedocs.io/en/latest/advanced-usage.html#tls-warnings
  warnings.warn(
/Users/vincentnie/Library/Python/3.9/lib/python/site-packages/urllib3/connectionpool.py:1097: InsecureRequestWarning: Unverified HTTPS request is being made to host '127.0.0.1'. Adding certificate verification is strongly advised. See: https://urllib3.readthedocs.io/en/latest/advanced-usage.html#tls-warnings
  warnings.warn(
2026-04-29 04:02:06,271 [INFO] [MiniMax] 请求状态: 200, attempt=1
2026-04-29 04:02:06,273 [INFO] [MiniMax] 成功, 输出长度: 2335
2026-04-29 04:02:06,275 [INFO] [generate_podcast_summary] status=SUCCESS, len=2335
2026-04-29 04:03:07,039 [ERROR] [MiniMax] 请求异常: HTTPSConnectionPool(host='api.minimax.chat', port=443): Read timed out. (read timeout=60), attempt=1/3
2026-04-29 04:03:48,350 [INFO] [MiniMax] 请求状态: 200, attempt=2
2026-04-29 04:03:48,352 [INFO] [MiniMax] 成功, 输出长度: 2410
2026-04-29 04:03:48,352 [INFO] [generate_podcast_summary] status=SUCCESS, len=2410
2026-04-29 04:04:27,148 [INFO] [MiniMax] 请求状态: 200, attempt=1
2026-04-29 04:04:27,151 [INFO] [MiniMax] 成功, 输出长度: 2459
2026-04-29 04:04:27,152 [INFO] [generate_podcast_summary] status=SUCCESS, len=2459
2026-04-29 04:05:01,777 [INFO] [MiniMax] 请求状态: 200, attempt=1
2026-04-29 04:05:01,778 [INFO] [MiniMax] 成功, 输出长度: 2169
2026-04-29 04:05:01,779 [INFO] [generate_podcast_summary] status=SUCCESS, len=2169
/Users/vincentnie/Library/Python/3.9/lib/python/site-packages/urllib3/__init__.py:35: NotOpenSSLWarning: urllib3 v2 only supports OpenSSL 1.1.1+, currently the 'ssl' module is compiled with 'LibreSSL 2.8.3'. See: https://github.com/urllib3/urllib3/issues/3020
  warnings.warn(
Deprecated Feature: Support for Python version 3.9 has been deprecated. Please update to Python 3.10 or above
WARNING: [youtube] iKx3gAODybU: Some web client https formats have been skipped as they are missing a url. YouTube is forcing SABR streaming for this client. See  https://github.com/yt-dlp/yt-dlp/issues/12482  for more details
WARNING: [youtube] vif8NQcjVf0: Some web client https formats have been skipped as they are missing a url. YouTube is forcing SABR streaming for this client. See  https://github.com/yt-dlp/yt-dlp/issues/12482  for more details
WARNING: [youtube] H9rF1CSSh-w: Some web client https formats have been skipped as they are missing a url. YouTube is forcing SABR streaming for this client. See  https://github.com/yt-dlp/yt-dlp/issues/12482  for more details
WARNING: [youtube] 1SJiTwbSI58: Some web client https formats have been skipped as they are missing a url. YouTube is forcing SABR streaming for this client. See  https://github.com/yt-dlp/yt-dlp/issues/12482  for more details
WARNING: [youtube] KGVpKPNUdzA: Some web client https formats have been skipped as they are missing a url. YouTube is forcing SABR streaming for this client. See  https://github.com/yt-dlp/yt-dlp/issues/12482  for more details
Deprecated Feature: Support for Python version 3.9 has been deprecated. Please update to Python 3.10 or above
WARNING: [youtube] dvVbA9OcBqs: Some web client https formats have been skipped as they are missing a url. YouTube is forcing SABR streaming for this client. See  https://github.com/yt-dlp/yt-dlp/issues/12482  for more details
WARNING: [youtube] 82HsvG1_Nqk: Some web client https formats have been skipped as they are missing a url. YouTube is forcing SABR streaming for this client. See  https://github.com/yt-dlp/yt-dlp/issues/12482  for more details
WARNING: [youtube] Mjc7vwys1vY: Some web client https formats have been skipped as they are missing a url. YouTube is forcing SABR streaming for this client. See  https://github.com/yt-dlp/yt-dlp/issues/12482  for more details
WARNING: [youtube] IZDJ3jcO5UY: Some web client https formats have been skipped as they are missing a url. YouTube is forcing SABR streaming for this client. See  https://github.com/yt-dlp/yt-dlp/issues/12482  for more details
WARNING: [youtube] yiJOTCRVWjc: Some web client https formats have been skipped as they are missing a url. YouTube is forcing SABR streaming for this client. See  https://github.com/yt-dlp/yt-dlp/issues/12482  for more details
Deprecated Feature: Support for Python version 3.9 has been deprecated. Please update to Python 3.10 or above
WARNING: [youtube] 1bCXCxrDsCs: Some web client https formats have been skipped as they are missing a url. YouTube is forcing SABR streaming for this client. See  https://github.com/yt-dlp/yt-dlp/issues/12482  for more details
WARNING: [youtube] SFdqX7IY7RY: Some web client https formats have been skipped as they are missing a url. YouTube is forcing SABR streaming for this client. See  https://github.com/yt-dlp/yt-dlp/issues/12482  for more details
WARNING: [youtube] DVBJQQCjgXU: Some web client https formats have been skipped as they are missing a url. YouTube is forcing SABR streaming for this client. See  https://github.com/yt-dlp/yt-dlp/issues/12482  for more details
WARNING: [youtube] MPAsUZEJHiM: Some web client https formats have been skipped as they are missing a url. YouTube is forcing SABR streaming for this client. See  https://github.com/yt-dlp/yt-dlp/issues/12482  for more details
WARNING: [youtube] mjNP5IOzCbA: Some web client https formats have been skipped as they are missing a url. YouTube is forcing SABR streaming for this client. See  https://github.com/yt-dlp/yt-dlp/issues/12482  for more details
Deprecated Feature: Support for Python version 3.9 has been deprecated. Please update to Python 3.10 or above
WARNING: [youtube] JmFKaqJg5X4: Some web client https formats have been skipped as they are missing a url. YouTube is forcing SABR streaming for this client. See  https://github.com/yt-dlp/yt-dlp/issues/12482  for more details
WARNING: [youtube] uVxltd_Xv5E: Some web client https formats have been skipped as they are missing a url. YouTube is forcing SABR streaming for this client. See  https://github.com/yt-dlp/yt-dlp/issues/12482  for more details
WARNING: [youtube] 7RDDsuq0xK0: Some web client https formats have been skipped as they are missing a url. YouTube is forcing SABR streaming for this client. See  https://github.com/yt-dlp/yt-dlp/issues/12482  for more details
WARNING: [youtube] aPriy8Iy040: Some web client https formats have been skipped as they are missing a url. YouTube is forcing SABR streaming for this client. See  https://github.com/yt-dlp/yt-dlp/issues/12482  for more details
WARNING: [youtube] zp87IvWwSsY: Some web client https formats have been skipped as they are missing a url. YouTube is forcing SABR streaming for this client. See  https://github.com/yt-dlp/yt-dlp/issues/12482  for more details
Deprecated Feature: Support for Python version 3.9 has been deprecated. Please update to Python 3.10 or above
WARNING: [youtube] ifRbIzAFIJE: Some web client https formats have been skipped as they are missing a url. YouTube is forcing SABR streaming for this client. See  https://github.com/yt-dlp/yt-dlp/issues/12482  for more details
WARNING: [youtube] DFARVLSfIFk: Some web client https formats have been skipped as they are missing a url. YouTube is forcing SABR streaming for this client. See  https://github.com/yt-dlp/yt-dlp/issues/12482  for more details
WARNING: [youtube] jbFlqd5fTTc: Some web client https formats have been skipped as they are missing a url. YouTube is forcing SABR streaming for this client. See  https://github.com/yt-dlp/yt-dlp/issues/12482  for more details
WARNING: [youtube] OKcqNknC3bE: Some web client https formats have been skipped as they are missing a url. YouTube is forcing SABR streaming for this client. See  https://github.com/yt-dlp/yt-dlp/issues/12482  for more details
WARNING: [youtube] APYl-1Qbpig: Some web client https formats have been skipped as they are missing a url. YouTube is forcing SABR streaming for this client. See  https://github.com/yt-dlp/yt-dlp/issues/12482  for more details
Deprecated Feature: Support for Python version 3.9 has been deprecated. Please update to Python 3.10 or above
WARNING: [youtube] y8cusdjYXdo: Some web client https formats have been skipped as they are missing a url. YouTube is forcing SABR streaming for this client. See  https://github.com/yt-dlp/yt-dlp/issues/12482  for more details
WARNING: [youtube] utR1XtXKBw8: Some web client https formats have been skipped as they are missing a url. YouTube is forcing SABR streaming for this client. See  https://github.com/yt-dlp/yt-dlp/issues/12482  for more details
WARNING: [youtube] CtcY3uofOe8: Some web client https formats have been skipped as they are missing a url. YouTube is forcing SABR streaming for this client. See  https://github.com/yt-dlp/yt-dlp/issues/12482  for more details
WARNING: [youtube] OS4wHmKtH-Q: Some web client https formats have been skipped as they are missing a url. YouTube is forcing SABR streaming for this client. See  https://github.com/yt-dlp/yt-dlp/issues/12482  for more details
WARNING: [youtube] pUiXx3pDHo8: Some web client https formats have been skipped as they are missing a url. YouTube is forcing SABR streaming for this client. See  https://github.com/yt-dlp/yt-dlp/issues/12482  for more details
Deprecated Feature: Support for Python version 3.9 has been deprecated. Please update to Python 3.10 or above
WARNING: [youtube] zocwmW5wZe8: Some web client https formats have been skipped as they are missing a url. YouTube is forcing SABR streaming for this client. See  https://github.com/yt-dlp/yt-dlp/issues/12482  for more details
WARNING: [youtube] L7FF8Zgab3M: Some web client https formats have been skipped as they are missing a url. YouTube is forcing SABR streaming for this client. See  https://github.com/yt-dlp/yt-dlp/issues/12482  for more details
WARNING: [youtube] tNQPNBQC5kg: Some web client https formats have been skipped as they are missing a url. YouTube is forcing SABR streaming for this client. See  https://github.com/yt-dlp/yt-dlp/issues/12482  for more details
WARNING: [youtube] vCP7C8CVw28: Some web client https formats have been skipped as they are missing a url. YouTube is forcing SABR streaming for this client. See  https://github.com/yt-dlp/yt-dlp/issues/12482  for more details
WARNING: [youtube] dEy3pQKhE8k: Some web client https formats have been skipped as they are missing a url. YouTube is forcing SABR streaming for this client. See  https://github.com/yt-dlp/yt-dlp/issues/12482  for more details
Deprecated Feature: Support for Python version 3.9 has been deprecated. Please update to Python 3.10 or above
WARNING: [youtube] 9-TVwv6wtGQ: Some web client https formats have been skipped as they are missing a url. YouTube is forcing SABR streaming for this client. See  https://github.com/yt-dlp/yt-dlp/issues/12482  for more details
WARNING: [youtube] gpj9YWbr3IQ: Some web client https formats have been skipped as they are missing a url. YouTube is forcing SABR streaming for this client. See  https://github.com/yt-dlp/yt-dlp/issues/12482  for more details
WARNING: [youtube] 2TGHO4apQ5I: Some web client https formats have been skipped as they are missing a url. YouTube is forcing SABR streaming for this client. See  https://github.com/yt-dlp/yt-dlp/issues/12482  for more details
WARNING: [youtube] fuO669ienMY: Some web client https formats have been skipped as they are missing a url. YouTube is forcing SABR streaming for this client. See  https://github.com/yt-dlp/yt-dlp/issues/12482  for more details
WARNING: [youtube] GNEbX8EvDlg: Some web client https formats have been skipped as they are missing a url. YouTube is forcing SABR streaming for this client. See  https://github.com/yt-dlp/yt-dlp/issues/12482  for more details
Deprecated Feature: Support for Python version 3.9 has been deprecated. Please update to Python 3.10 or above
WARNING: [youtube] D8ohmtB8MdI: Some web client https formats have been skipped as they are missing a url. YouTube is forcing SABR streaming for this client. See  https://github.com/yt-dlp/yt-dlp/issues/12482  for more details
WARNING: [youtube] 4IM866W7yGc: Some web client https formats have been skipped as they are missing a url. YouTube is forcing SABR streaming for this client. See  https://github.com/yt-dlp/yt-dlp/issues/12482  for more details
WARNING: [youtube] Bj0i-yvIUQs: Some web client https formats have been skipped as they are missing a url. YouTube is forcing SABR streaming for this client. See  https://github.com/yt-dlp/yt-dlp/issues/12482  for more details
WARNING: [youtube] LVvleNtllPk: Some web client https formats have been skipped as they are missing a url. YouTube is forcing SABR streaming for this client. See  https://github.com/yt-dlp/yt-dlp/issues/12482  for more details
WARNING: [youtube] 5ak26W2YNRY: Some web client https formats have been skipped as they are missing a url. YouTube is forcing SABR streaming for this client. See  https://github.com/yt-dlp/yt-dlp/issues/12482  for more details
Deprecated Feature: Support for Python version 3.9 has been deprecated. Please update to Python 3.10 or above
WARNING: [youtube] PnpHwhTWw0c: Some web client https formats have been skipped as they are missing a url. YouTube is forcing SABR streaming for this client. See  https://github.com/yt-dlp/yt-dlp/issues/12482  for more details
WARNING: [youtube] m-nnyNZ0TQ0: Some web client https formats have been skipped as they are missing a url. YouTube is forcing SABR streaming for this client. See  https://github.com/yt-dlp/yt-dlp/issues/12482  for more details
WARNING: [youtube] jt5hHb6kzYM: Some web client https formats have been skipped as they are missing a url. YouTube is forcing SABR streaming for this client. See  https://github.com/yt-dlp/yt-dlp/issues/12482  for more details
WARNING: [youtube] EVts3Ui_0AI: Some web client https formats have been skipped as they are missing a url. YouTube is forcing SABR streaming for this client. See  https://github.com/yt-dlp/yt-dlp/issues/12482  for more details
WARNING: [youtube] pDKlaJM_vys: Some web client https formats have been skipped as they are missing a url. YouTube is forcing SABR streaming for this client. See  https://github.com/yt-dlp/yt-dlp/issues/12482  for more details
Deprecated Feature: Support for Python version 3.9 has been deprecated. Please update to Python 3.10 or above
WARNING: [youtube] 7YrdI7h2XoY: Some web client https formats have been skipped as they are missing a url. YouTube is forcing SABR streaming for this client. See  https://github.com/yt-dlp/yt-dlp/issues/12482  for more details
WARNING: [youtube] c347oYQO57A: Some web client https formats have been skipped as they are missing a url. YouTube is forcing SABR streaming for this client. See  https://github.com/yt-dlp/yt-dlp/issues/12482  for more details
WARNING: [youtube] 5aS-8QCRdGE: Some web client https formats have been skipped as they are missing a url. YouTube is forcing SABR streaming for this client. See  https://github.com/yt-dlp/yt-dlp/issues/12482  for more details
WARNING: [youtube] Hc0aqOEU2w8: Some web client https formats have been skipped as they are missing a url. YouTube is forcing SABR streaming for this client. See  https://github.com/yt-dlp/yt-dlp/issues/12482  for more details
WARNING: [youtube] eFUB_jL_XcM: Some web client https formats have been skipped as they are missing a url. YouTube is forcing SABR streaming for this client. See  https://github.com/yt-dlp/yt-dlp/issues/12482  for more details
Deprecated Feature: Support for Python version 3.9 has been deprecated. Please update to Python 3.10 or above
WARNING: [youtube] 7YrdI7h2XoY: Some web client https formats have been skipped as they are missing a url. YouTube is forcing SABR streaming for this client. See  https://github.com/yt-dlp/yt-dlp/issues/12482  for more details
WARNING: [youtube] c347oYQO57A: Some web client https formats have been skipped as they are missing a url. YouTube is forcing SABR streaming for this client. See  https://github.com/yt-dlp/yt-dlp/issues/12482  for more details
WARNING: [youtube] 5aS-8QCRdGE: Some web client https formats have been skipped as they are missing a url. YouTube is forcing SABR streaming for this client. See  https://github.com/yt-dlp/yt-dlp/issues/12482  for more details
WARNING: [youtube] Hc0aqOEU2w8: Some web client https formats have been skipped as they are missing a url. YouTube is forcing SABR streaming for this client. See  https://github.com/yt-dlp/yt-dlp/issues/12482  for more details
WARNING: [youtube] eFUB_jL_XcM: Some web client https formats have been skipped as they are missing a url. YouTube is forcing SABR streaming for this client. See  https://github.com/yt-dlp/yt-dlp/issues/12482  for more details
2026-04-29 04:09:21,647 [INFO] [MiniMax] 请求状态: 200, attempt=1
2026-04-29 04:09:21,649 [INFO] [MiniMax] 成功, 输出长度: 31
2026-04-29 04:09:21,651 [INFO] [translate_to_chinese] status=SUCCESS, len=31
2026-04-29 04:10:03,228 [INFO] [MiniMax] 请求状态: 200, attempt=1
2026-04-29 04:10:03,231 [INFO] [MiniMax] 成功, 输出长度: 3357
2026-04-29 04:10:03,233 [INFO] [generate_youtube_summary] status=SUCCESS, len=3357
2026-04-29 04:10:10,486 [INFO] [MiniMax] 请求状态: 200, attempt=1
2026-04-29 04:10:10,486 [INFO] [MiniMax] 成功, 输出长度: 39
2026-04-29 04:10:10,488 [INFO] [translate_to_chinese] status=SUCCESS, len=39
2026-04-29 04:11:01,132 [INFO] [MiniMax] 请求状态: 200, attempt=1
2026-04-29 04:11:01,133 [INFO] [MiniMax] 成功, 输出长度: 2751
2026-04-29 04:11:01,135 [INFO] [generate_youtube_summary] status=SUCCESS, len=2751
2026-04-29 04:11:08,657 [INFO] [MiniMax] 请求状态: 200, attempt=1
2026-04-29 04:11:08,658 [INFO] [MiniMax] 成功, 输出长度: 21
2026-04-29 04:11:08,660 [INFO] [translate_to_chinese] status=SUCCESS, len=21
2026-04-29 04:11:42,330 [INFO] [MiniMax] 请求状态: 200, attempt=1
2026-04-29 04:11:42,331 [INFO] [MiniMax] 成功, 输出长度: 2444
2026-04-29 04:11:42,333 [INFO] [generate_youtube_summary] status=SUCCESS, len=2444
2026-04-29 04:11:47,068 [INFO] [MiniMax] 请求状态: 200, attempt=1
2026-04-29 04:11:47,068 [INFO] [MiniMax] 成功, 输出长度: 40
2026-04-29 04:11:47,070 [INFO] [translate_to_chinese] status=SUCCESS, len=40
2026-04-29 04:12:46,506 [INFO] [MiniMax] 请求状态: 200, attempt=1
2026-04-29 04:12:46,508 [INFO] [MiniMax] 成功, 输出长度: 2323
2026-04-29 04:12:46,510 [INFO] [generate_youtube_summary] status=SUCCESS, len=2323
2026-04-29 04:12:54,140 [INFO] [MiniMax] 请求状态: 200, attempt=1
2026-04-29 04:12:54,141 [INFO] [MiniMax] 成功, 输出长度: 32
2026-04-29 04:12:54,143 [INFO] [translate_to_chinese] status=SUCCESS, len=32
2026-04-29 04:13:23,236 [INFO] [MiniMax] 请求状态: 200, attempt=1
2026-04-29 04:13:23,238 [INFO] [MiniMax] 成功, 输出长度: 1878
2026-04-29 04:13:23,240 [INFO] [generate_youtube_summary] status=SUCCESS, len=1878
2026-04-29 04:13:28,783 [INFO] [MiniMax] 请求状态: 200, attempt=1
2026-04-29 04:13:28,783 [INFO] [MiniMax] 成功, 输出长度: 41
2026-04-29 04:13:28,785 [INFO] [translate_to_chinese] status=SUCCESS, len=41
2026-04-29 04:14:05,646 [INFO] [MiniMax] 请求状态: 200, attempt=1
2026-04-29 04:14:05,648 [INFO] [MiniMax] 成功, 输出长度: 2243
2026-04-29 04:14:05,650 [INFO] [generate_youtube_summary] status=SUCCESS, len=2243
2026-04-29 04:14:14,778 [INFO] [MiniMax] 请求状态: 200, attempt=1
2026-04-29 04:14:14,778 [INFO] [MiniMax] 成功, 输出长度: 37
2026-04-29 04:14:14,779 [INFO] [translate_to_chinese] status=SUCCESS, len=37
2026-04-29 04:14:57,460 [INFO] [MiniMax] 请求状态: 200, attempt=1
2026-04-29 04:14:57,462 [INFO] [MiniMax] 成功, 输出长度: 3117
2026-04-29 04:14:57,464 [INFO] [generate_youtube_summary] status=SUCCESS, len=3117
2026-04-29 04:15:03,564 [INFO] [MiniMax] 请求状态: 200, attempt=1
2026-04-29 04:15:03,564 [INFO] [MiniMax] 成功, 输出长度: 25
2026-04-29 04:15:03,566 [INFO] [translate_to_chinese] status=SUCCESS, len=25
2026-04-29 04:15:28,656 [INFO] [MiniMax] 请求状态: 200, attempt=1
2026-04-29 04:15:28,657 [INFO] [MiniMax] 成功, 输出长度: 1988
2026-04-29 04:15:28,659 [INFO] [generate_youtube_summary] status=SUCCESS, len=1988
2026-04-29 04:15:34,621 [INFO] [MiniMax] 请求状态: 200, attempt=1
2026-04-29 04:15:34,622 [INFO] [MiniMax] 成功, 输出长度: 32
2026-04-29 04:15:34,624 [INFO] [translate_to_chinese] status=SUCCESS, len=32
2026-04-29 04:16:15,562 [INFO] [MiniMax] 请求状态: 200, attempt=1
2026-04-29 04:16:15,564 [INFO] [MiniMax] 成功, 输出长度: 3175
2026-04-29 04:16:15,566 [INFO] [generate_youtube_summary] status=SUCCESS, len=3175
2026-04-29 04:16:23,821 [INFO] [MiniMax] 请求状态: 200, attempt=1
2026-04-29 04:16:23,821 [INFO] [MiniMax] 成功, 输出长度: 33
2026-04-29 04:16:23,824 [INFO] [translate_to_chinese] status=SUCCESS, len=33
2026-04-29 04:16:48,313 [INFO] [MiniMax] 请求状态: 200, attempt=1
2026-04-29 04:16:48,315 [INFO] [MiniMax] 成功, 输出长度: 1757
2026-04-29 04:16:48,317 [INFO] [generate_youtube_summary] status=SUCCESS, len=1757
2026-04-29 04:16:54,210 [INFO] [MiniMax] 请求状态: 200, attempt=1
2026-04-29 04:16:54,211 [INFO] [MiniMax] 成功, 输出长度: 25
2026-04-29 04:16:54,213 [INFO] [translate_to_chinese] status=SUCCESS, len=25
2026-04-29 04:17:03,065 [INFO] [MiniMax] 请求状态: 200, attempt=1
2026-04-29 04:17:03,066 [INFO] [MiniMax] 成功, 输出长度: 216
2026-04-29 04:17:03,068 [INFO] [generate_youtube_summary] status=SUCCESS, len=216
2026-04-29 04:17:15,918 [INFO] [MiniMax] 请求状态: 200, attempt=1
2026-04-29 04:17:15,918 [INFO] [MiniMax] 成功, 输出长度: 55
2026-04-29 04:17:15,920 [INFO] [translate_to_chinese] status=SUCCESS, len=55
2026-04-29 04:18:16,691 [INFO] [MiniMax] 请求状态: 200, attempt=1
2026-04-29 04:18:16,693 [INFO] [MiniMax] 成功, 输出长度: 3126
2026-04-29 04:18:16,695 [INFO] [generate_youtube_summary] status=SUCCESS, len=3126
2026-04-29 04:18:21,899 [INFO] [MiniMax] 请求状态: 200, attempt=1
2026-04-29 04:18:21,899 [INFO] [MiniMax] 成功, 输出长度: 45
2026-04-29 04:18:21,901 [INFO] [translate_to_chinese] status=SUCCESS, len=45
2026-04-29 04:18:58,743 [INFO] [MiniMax] 请求状态: 200, attempt=1
2026-04-29 04:18:58,745 [INFO] [MiniMax] 成功, 输出长度: 2634
2026-04-29 04:18:58,746 [INFO] [generate_youtube_summary] status=SUCCESS, len=2634
2026-04-29 04:19:02,237 [INFO] [MiniMax] 请求状态: 200, attempt=1
2026-04-29 04:19:02,238 [INFO] [MiniMax] 成功, 输出长度: 48
2026-04-29 04:19:02,239 [INFO] [translate_to_chinese] status=SUCCESS, len=48
2026-04-29 04:19:42,967 [INFO] [MiniMax] 请求状态: 200, attempt=1
2026-04-29 04:19:42,969 [INFO] [MiniMax] 成功, 输出长度: 2762
2026-04-29 04:19:42,971 [INFO] [generate_youtube_summary] status=SUCCESS, len=2762
/Users/vincentnie/Library/Python/3.9/lib/python/site-packages/urllib3/__init__.py:35: NotOpenSSLWarning: urllib3 v2 only supports OpenSSL 1.1.1+, currently the 'ssl' module is compiled with 'LibreSSL 2.8.3'. See: https://github.com/urllib3/urllib3/issues/3020
  warnings.warn(
/Users/vincentnie/Library/Python/3.9/lib/python/site-packages/urllib3/__init__.py:35: NotOpenSSLWarning: urllib3 v2 only supports OpenSSL 1.1.1+, currently the 'ssl' module is compiled with 'LibreSSL 2.8.3'. See: https://github.com/urllib3/urllib3/issues/3020
  warnings.warn(
/Users/vincentnie/Library/Python/3.9/lib/python/site-packages/urllib3/connectionpool.py:1097: InsecureRequestWarning: Unverified HTTPS request is being made to host '127.0.0.1'. Adding certificate verification is strongly advised. See: https://urllib3.readthedocs.io/en/latest/advanced-usage.html#tls-warnings
  warnings.warn(
/Users/vincentnie/Library/Python/3.9/lib/python/site-packages/urllib3/connectionpool.py:1097: InsecureRequestWarning: Unverified HTTPS request is being made to host '127.0.0.1'. Adding certificate verification is strongly advised. See: https://urllib3.readthedocs.io/en/latest/advanced-usage.html#tls-warnings
  warnings.warn(
/Users/vincentnie/Library/Python/3.9/lib/python/site-packages/urllib3/connectionpool.py:1097: InsecureRequestWarning: Unverified HTTPS request is being made to host '127.0.0.1'. Adding certificate verification is strongly advised. See: https://urllib3.readthedocs.io/en/latest/advanced-usage.html#tls-warnings
  warnings.warn(
/Users/vincentnie/Library/Python/3.9/lib/python/site-packages/urllib3/connectionpool.py:1097: InsecureRequestWarning: Unverified HTTPS request is being made to host '127.0.0.1'. Adding certificate verification is strongly advised. See: https://urllib3.readthedocs.io/en/latest/advanced-usage.html#tls-warnings
  warnings.warn(
/Users/vincentnie/Library/Python/3.9/lib/python/site-packages/urllib3/connectionpool.py:1097: InsecureRequestWarning: Unverified HTTPS request is being made to host '127.0.0.1'. Adding certificate verification is strongly advised. See: https://urllib3.readthedocs.io/en/latest/advanced-usage.html#tls-warnings
  warnings.warn(
/Users/vincentnie/Library/Python/3.9/lib/python/site-packages/urllib3/connectionpool.py:1097: InsecureRequestWarning: Unverified HTTPS request is being made to host '127.0.0.1'. Adding certificate verification is strongly advised. See: https://urllib3.readthedocs.io/en/latest/advanced-usage.html#tls-warnings
  warnings.warn(
/Users/vincentnie/Library/Python/3.9/lib/python/site-packages/urllib3/connectionpool.py:1097: InsecureRequestWarning: Unverified HTTPS request is being made to host '127.0.0.1'. Adding certificate verification is strongly advised. See: https://urllib3.readthedocs.io/en/latest/advanced-usage.html#tls-warnings
  warnings.warn(
/Users/vincentnie/Library/Python/3.9/lib/python/site-packages/urllib3/connectionpool.py:1097: InsecureRequestWarning: Unverified HTTPS request is being made to host '127.0.0.1'. Adding certificate verification is strongly advised. See: https://urllib3.readthedocs.io/en/latest/advanced-usage.html#tls-warnings
  warnings.warn(
/Users/vincentnie/Library/Python/3.9/lib/python/site-packages/urllib3/connectionpool.py:1097: InsecureRequestWarning: Unverified HTTPS request is being made to host '127.0.0.1'. Adding certificate verification is strongly advised. See: https://urllib3.readthedocs.io/en/latest/advanced-usage.html#tls-warnings
  warnings.warn(
/Users/vincentnie/Library/Python/3.9/lib/python/site-packages/urllib3/connectionpool.py:1097: InsecureRequestWarning: Unverified HTTPS request is being made to host '127.0.0.1'. Adding certificate verification is strongly advised. See: https://urllib3.readthedocs.io/en/latest/advanced-usage.html#tls-warnings
  warnings.warn(
/Users/vincentnie/Library/Python/3.9/lib/python/site-packages/urllib3/connectionpool.py:1097: InsecureRequestWarning: Unverified HTTPS request is being made to host '127.0.0.1'. Adding certificate verification is strongly advised. See: https://urllib3.readthedocs.io/en/latest/advanced-usage.html#tls-warnings
  warnings.warn(
2026-04-30 04:02:11,878 [INFO] [MiniMax] 请求状态: 200, attempt=1
2026-04-30 04:02:11,879 [INFO] [MiniMax] 成功, 输出长度: 3051
2026-04-30 04:02:11,881 [INFO] [generate_podcast_summary] status=SUCCESS, len=3051
2026-04-30 04:02:56,261 [INFO] [MiniMax] 请求状态: 200, attempt=1
2026-04-30 04:02:56,261 [INFO] [MiniMax] 成功, 输出长度: 2638
2026-04-30 04:02:56,263 [INFO] [generate_podcast_summary] status=SUCCESS, len=2638
2026-04-30 04:03:57,486 [INFO] [MiniMax] 请求状态: 200, attempt=1
2026-04-30 04:03:57,487 [INFO] [MiniMax] 成功, 输出长度: 2968
2026-04-30 04:03:57,489 [INFO] [generate_podcast_summary] status=SUCCESS, len=2968
2026-04-30 04:04:58,183 [ERROR] [MiniMax] 请求异常: HTTPSConnectionPool(host='api.minimax.chat', port=443): Read timed out. (read timeout=60), attempt=1/3
2026-04-30 04:05:44,084 [INFO] [MiniMax] 请求状态: 200, attempt=2
2026-04-30 04:05:44,085 [INFO] [MiniMax] 成功, 输出长度: 2931
2026-04-30 04:05:44,085 [INFO] [generate_podcast_summary] status=SUCCESS, len=2931
/Users/vincentnie/Library/Python/3.9/lib/python/site-packages/urllib3/__init__.py:35: NotOpenSSLWarning: urllib3 v2 only supports OpenSSL 1.1.1+, currently the 'ssl' module is compiled with 'LibreSSL 2.8.3'. See: https://github.com/urllib3/urllib3/issues/3020
  warnings.warn(
Deprecated Feature: Support for Python version 3.9 has been deprecated. Please update to Python 3.10 or above
WARNING: [youtube] No title found in player responses; falling back to title from initial data. Other metadata may also be missing
ERROR: [youtube] iKx3gAODybU: Sign in to confirm you’re not a bot. Use --cookies-from-browser or --cookies for the authentication. See  https://github.com/yt-dlp/yt-dlp/wiki/FAQ#how-do-i-pass-cookies-to-yt-dlp  for how to manually pass cookies. Also see  https://github.com/yt-dlp/yt-dlp/wiki/Extractors#exporting-youtube-cookies  for tips on effectively exporting YouTube cookies
WARNING: [youtube] No title found in player responses; falling back to title from initial data. Other metadata may also be missing
ERROR: [youtube] vif8NQcjVf0: Sign in to confirm you’re not a bot. Use --cookies-from-browser or --cookies for the authentication. See  https://github.com/yt-dlp/yt-dlp/wiki/FAQ#how-do-i-pass-cookies-to-yt-dlp  for how to manually pass cookies. Also see  https://github.com/yt-dlp/yt-dlp/wiki/Extractors#exporting-youtube-cookies  for tips on effectively exporting YouTube cookies
WARNING: [youtube] No title found in player responses; falling back to title from initial data. Other metadata may also be missing
ERROR: [youtube] H9rF1CSSh-w: Sign in to confirm you’re not a bot. Use --cookies-from-browser or --cookies for the authentication. See  https://github.com/yt-dlp/yt-dlp/wiki/FAQ#how-do-i-pass-cookies-to-yt-dlp  for how to manually pass cookies. Also see  https://github.com/yt-dlp/yt-dlp/wiki/Extractors#exporting-youtube-cookies  for tips on effectively exporting YouTube cookies
WARNING: [youtube] No title found in player responses; falling back to title from initial data. Other metadata may also be missing
ERROR: [youtube] 1SJiTwbSI58: Sign in to confirm you’re not a bot. Use --cookies-from-browser or --cookies for the authentication. See  https://github.com/yt-dlp/yt-dlp/wiki/FAQ#how-do-i-pass-cookies-to-yt-dlp  for how to manually pass cookies. Also see  https://github.com/yt-dlp/yt-dlp/wiki/Extractors#exporting-youtube-cookies  for tips on effectively exporting YouTube cookies
WARNING: [youtube] No title found in player responses; falling back to title from initial data. Other metadata may also be missing
ERROR: [youtube] KGVpKPNUdzA: Sign in to confirm you’re not a bot. Use --cookies-from-browser or --cookies for the authentication. See  https://github.com/yt-dlp/yt-dlp/wiki/FAQ#how-do-i-pass-cookies-to-yt-dlp  for how to manually pass cookies. Also see  https://github.com/yt-dlp/yt-dlp/wiki/Extractors#exporting-youtube-cookies  for tips on effectively exporting YouTube cookies
Deprecated Feature: Support for Python version 3.9 has been deprecated. Please update to Python 3.10 or above
WARNING: [youtube] No title found in player responses; falling back to title from initial data. Other metadata may also be missing
ERROR: [youtube] dvVbA9OcBqs: Sign in to confirm you’re not a bot. Use --cookies-from-browser or --cookies for the authentication. See  https://github.com/yt-dlp/yt-dlp/wiki/FAQ#how-do-i-pass-cookies-to-yt-dlp  for how to manually pass cookies. Also see  https://github.com/yt-dlp/yt-dlp/wiki/Extractors#exporting-youtube-cookies  for tips on effectively exporting YouTube cookies
WARNING: [youtube] No title found in player responses; falling back to title from initial data. Other metadata may also be missing
ERROR: [youtube] 82HsvG1_Nqk: Sign in to confirm you’re not a bot. Use --cookies-from-browser or --cookies for the authentication. See  https://github.com/yt-dlp/yt-dlp/wiki/FAQ#how-do-i-pass-cookies-to-yt-dlp  for how to manually pass cookies. Also see  https://github.com/yt-dlp/yt-dlp/wiki/Extractors#exporting-youtube-cookies  for tips on effectively exporting YouTube cookies
WARNING: [youtube] No title found in player responses; falling back to title from initial data. Other metadata may also be missing
ERROR: [youtube] Mjc7vwys1vY: Sign in to confirm you’re not a bot. Use --cookies-from-browser or --cookies for the authentication. See  https://github.com/yt-dlp/yt-dlp/wiki/FAQ#how-do-i-pass-cookies-to-yt-dlp  for how to manually pass cookies. Also see  https://github.com/yt-dlp/yt-dlp/wiki/Extractors#exporting-youtube-cookies  for tips on effectively exporting YouTube cookies
WARNING: [youtube] No title found in player responses; falling back to title from initial data. Other metadata may also be missing
ERROR: [youtube] IZDJ3jcO5UY: Sign in to confirm you’re not a bot. Use --cookies-from-browser or --cookies for the authentication. See  https://github.com/yt-dlp/yt-dlp/wiki/FAQ#how-do-i-pass-cookies-to-yt-dlp  for how to manually pass cookies. Also see  https://github.com/yt-dlp/yt-dlp/wiki/Extractors#exporting-youtube-cookies  for tips on effectively exporting YouTube cookies
WARNING: [youtube] No title found in player responses; falling back to title from initial data. Other metadata may also be missing
ERROR: [youtube] yiJOTCRVWjc: Sign in to confirm you’re not a bot. Use --cookies-from-browser or --cookies for the authentication. See  https://github.com/yt-dlp/yt-dlp/wiki/FAQ#how-do-i-pass-cookies-to-yt-dlp  for how to manually pass cookies. Also see  https://github.com/yt-dlp/yt-dlp/wiki/Extractors#exporting-youtube-cookies  for tips on effectively exporting YouTube cookies
Deprecated Feature: Support for Python version 3.9 has been deprecated. Please update to Python 3.10 or above
WARNING: [youtube] No title found in player responses; falling back to title from initial data. Other metadata may also be missing
ERROR: [youtube] 9WQu7w1tII0: Sign in to confirm you’re not a bot. Use --cookies-from-browser or --cookies for the authentication. See  https://github.com/yt-dlp/yt-dlp/wiki/FAQ#how-do-i-pass-cookies-to-yt-dlp  for how to manually pass cookies. Also see  https://github.com/yt-dlp/yt-dlp/wiki/Extractors#exporting-youtube-cookies  for tips on effectively exporting YouTube cookies
WARNING: [youtube] No title found in player responses; falling back to title from initial data. Other metadata may also be missing
ERROR: [youtube] 1bCXCxrDsCs: Sign in to confirm you’re not a bot. Use --cookies-from-browser or --cookies for the authentication. See  https://github.com/yt-dlp/yt-dlp/wiki/FAQ#how-do-i-pass-cookies-to-yt-dlp  for how to manually pass cookies. Also see  https://github.com/yt-dlp/yt-dlp/wiki/Extractors#exporting-youtube-cookies  for tips on effectively exporting YouTube cookies
WARNING: [youtube] No title found in player responses; falling back to title from initial data. Other metadata may also be missing
ERROR: [youtube] SFdqX7IY7RY: Sign in to confirm you’re not a bot. Use --cookies-from-browser or --cookies for the authentication. See  https://github.com/yt-dlp/yt-dlp/wiki/FAQ#how-do-i-pass-cookies-to-yt-dlp  for how to manually pass cookies. Also see  https://github.com/yt-dlp/yt-dlp/wiki/Extractors#exporting-youtube-cookies  for tips on effectively exporting YouTube cookies
WARNING: [youtube] No title found in player responses; falling back to title from initial data. Other metadata may also be missing
ERROR: [youtube] DVBJQQCjgXU: Sign in to confirm you’re not a bot. Use --cookies-from-browser or --cookies for the authentication. See  https://github.com/yt-dlp/yt-dlp/wiki/FAQ#how-do-i-pass-cookies-to-yt-dlp  for how to manually pass cookies. Also see  https://github.com/yt-dlp/yt-dlp/wiki/Extractors#exporting-youtube-cookies  for tips on effectively exporting YouTube cookies
WARNING: [youtube] No title found in player responses; falling back to title from initial data. Other metadata may also be missing
ERROR: [youtube] MPAsUZEJHiM: Sign in to confirm you’re not a bot. Use --cookies-from-browser or --cookies for the authentication. See  https://github.com/yt-dlp/yt-dlp/wiki/FAQ#how-do-i-pass-cookies-to-yt-dlp  for how to manually pass cookies. Also see  https://github.com/yt-dlp/yt-dlp/wiki/Extractors#exporting-youtube-cookies  for tips on effectively exporting YouTube cookies
Deprecated Feature: Support for Python version 3.9 has been deprecated. Please update to Python 3.10 or above
WARNING: [youtube] No title found in player responses; falling back to title from initial data. Other metadata may also be missing
ERROR: [youtube] UQZooauU-FQ: Sign in to confirm you’re not a bot. Use --cookies-from-browser or --cookies for the authentication. See  https://github.com/yt-dlp/yt-dlp/wiki/FAQ#how-do-i-pass-cookies-to-yt-dlp  for how to manually pass cookies. Also see  https://github.com/yt-dlp/yt-dlp/wiki/Extractors#exporting-youtube-cookies  for tips on effectively exporting YouTube cookies
WARNING: [youtube] No title found in player responses; falling back to title from initial data. Other metadata may also be missing
ERROR: [youtube] JmFKaqJg5X4: Sign in to confirm you’re not a bot. Use --cookies-from-browser or --cookies for the authentication. See  https://github.com/yt-dlp/yt-dlp/wiki/FAQ#how-do-i-pass-cookies-to-yt-dlp  for how to manually pass cookies. Also see  https://github.com/yt-dlp/yt-dlp/wiki/Extractors#exporting-youtube-cookies  for tips on effectively exporting YouTube cookies
WARNING: [youtube] No title found in player responses; falling back to title from initial data. Other metadata may also be missing
ERROR: [youtube] uVxltd_Xv5E: Sign in to confirm you’re not a bot. Use --cookies-from-browser or --cookies for the authentication. See  https://github.com/yt-dlp/yt-dlp/wiki/FAQ#how-do-i-pass-cookies-to-yt-dlp  for how to manually pass cookies. Also see  https://github.com/yt-dlp/yt-dlp/wiki/Extractors#exporting-youtube-cookies  for tips on effectively exporting YouTube cookies
WARNING: [youtube] No title found in player responses; falling back to title from initial data. Other metadata may also be missing
ERROR: [youtube] 7RDDsuq0xK0: Sign in to confirm you’re not a bot. Use --cookies-from-browser or --cookies for the authentication. See  https://github.com/yt-dlp/yt-dlp/wiki/FAQ#how-do-i-pass-cookies-to-yt-dlp  for how to manually pass cookies. Also see  https://github.com/yt-dlp/yt-dlp/wiki/Extractors#exporting-youtube-cookies  for tips on effectively exporting YouTube cookies
WARNING: [youtube] No title found in player responses; falling back to title from initial data. Other metadata may also be missing
ERROR: [youtube] aPriy8Iy040: Sign in to confirm you’re not a bot. Use --cookies-from-browser or --cookies for the authentication. See  https://github.com/yt-dlp/yt-dlp/wiki/FAQ#how-do-i-pass-cookies-to-yt-dlp  for how to manually pass cookies. Also see  https://github.com/yt-dlp/yt-dlp/wiki/Extractors#exporting-youtube-cookies  for tips on effectively exporting YouTube cookies
Deprecated Feature: Support for Python version 3.9 has been deprecated. Please update to Python 3.10 or above
WARNING: [youtube] No title found in player responses; falling back to title from initial data. Other metadata may also be missing
ERROR: [youtube] sXDx9zl8ALM: Sign in to confirm you’re not a bot. Use --cookies-from-browser or --cookies for the authentication. See  https://github.com/yt-dlp/yt-dlp/wiki/FAQ#how-do-i-pass-cookies-to-yt-dlp  for how to manually pass cookies. Also see  https://github.com/yt-dlp/yt-dlp/wiki/Extractors#exporting-youtube-cookies  for tips on effectively exporting YouTube cookies
WARNING: [youtube] No title found in player responses; falling back to title from initial data. Other metadata may also be missing
ERROR: [youtube] ifRbIzAFIJE: Sign in to confirm you’re not a bot. Use --cookies-from-browser or --cookies for the authentication. See  https://github.com/yt-dlp/yt-dlp/wiki/FAQ#how-do-i-pass-cookies-to-yt-dlp  for how to manually pass cookies. Also see  https://github.com/yt-dlp/yt-dlp/wiki/Extractors#exporting-youtube-cookies  for tips on effectively exporting YouTube cookies
WARNING: [youtube] No title found in player responses; falling back to title from initial data. Other metadata may also be missing
ERROR: [youtube] DFARVLSfIFk: Sign in to confirm you’re not a bot. Use --cookies-from-browser or --cookies for the authentication. See  https://github.com/yt-dlp/yt-dlp/wiki/FAQ#how-do-i-pass-cookies-to-yt-dlp  for how to manually pass cookies. Also see  https://github.com/yt-dlp/yt-dlp/wiki/Extractors#exporting-youtube-cookies  for tips on effectively exporting YouTube cookies
WARNING: [youtube] No title found in player responses; falling back to title from initial data. Other metadata may also be missing
ERROR: [youtube] jbFlqd5fTTc: Sign in to confirm you’re not a bot. Use --cookies-from-browser or --cookies for the authentication. See  https://github.com/yt-dlp/yt-dlp/wiki/FAQ#how-do-i-pass-cookies-to-yt-dlp  for how to manually pass cookies. Also see  https://github.com/yt-dlp/yt-dlp/wiki/Extractors#exporting-youtube-cookies  for tips on effectively exporting YouTube cookies
WARNING: [youtube] No title found in player responses; falling back to title from initial data. Other metadata may also be missing
ERROR: [youtube] OKcqNknC3bE: Sign in to confirm you’re not a bot. Use --cookies-from-browser or --cookies for the authentication. See  https://github.com/yt-dlp/yt-dlp/wiki/FAQ#how-do-i-pass-cookies-to-yt-dlp  for how to manually pass cookies. Also see  https://github.com/yt-dlp/yt-dlp/wiki/Extractors#exporting-youtube-cookies  for tips on effectively exporting YouTube cookies
Deprecated Feature: Support for Python version 3.9 has been deprecated. Please update to Python 3.10 or above
WARNING: [youtube] No title found in player responses; falling back to title from initial data. Other metadata may also be missing
ERROR: [youtube] y8cusdjYXdo: Sign in to confirm you’re not a bot. Use --cookies-from-browser or --cookies for the authentication. See  https://github.com/yt-dlp/yt-dlp/wiki/FAQ#how-do-i-pass-cookies-to-yt-dlp  for how to manually pass cookies. Also see  https://github.com/yt-dlp/yt-dlp/wiki/Extractors#exporting-youtube-cookies  for tips on effectively exporting YouTube cookies
WARNING: [youtube] No title found in player responses; falling back to title from initial data. Other metadata may also be missing
ERROR: [youtube] utR1XtXKBw8: Sign in to confirm you’re not a bot. Use --cookies-from-browser or --cookies for the authentication. See  https://github.com/yt-dlp/yt-dlp/wiki/FAQ#how-do-i-pass-cookies-to-yt-dlp  for how to manually pass cookies. Also see  https://github.com/yt-dlp/yt-dlp/wiki/Extractors#exporting-youtube-cookies  for tips on effectively exporting YouTube cookies
WARNING: [youtube] No title found in player responses; falling back to title from initial data. Other metadata may also be missing
ERROR: [youtube] CtcY3uofOe8: Sign in to confirm you’re not a bot. Use --cookies-from-browser or --cookies for the authentication. See  https://github.com/yt-dlp/yt-dlp/wiki/FAQ#how-do-i-pass-cookies-to-yt-dlp  for how to manually pass cookies. Also see  https://github.com/yt-dlp/yt-dlp/wiki/Extractors#exporting-youtube-cookies  for tips on effectively exporting YouTube cookies
WARNING: [youtube] No title found in player responses; falling back to title from initial data. Other metadata may also be missing
ERROR: [youtube] OS4wHmKtH-Q: Sign in to confirm you’re not a bot. Use --cookies-from-browser or --cookies for the authentication. See  https://github.com/yt-dlp/yt-dlp/wiki/FAQ#how-do-i-pass-cookies-to-yt-dlp  for how to manually pass cookies. Also see  https://github.com/yt-dlp/yt-dlp/wiki/Extractors#exporting-youtube-cookies  for tips on effectively exporting YouTube cookies
WARNING: [youtube] No title found in player responses; falling back to title from initial data. Other metadata may also be missing
ERROR: [youtube] pUiXx3pDHo8: Sign in to confirm you’re not a bot. Use --cookies-from-browser or --cookies for the authentication. See  https://github.com/yt-dlp/yt-dlp/wiki/FAQ#how-do-i-pass-cookies-to-yt-dlp  for how to manually pass cookies. Also see  https://github.com/yt-dlp/yt-dlp/wiki/Extractors#exporting-youtube-cookies  for tips on effectively exporting YouTube cookies
Deprecated Feature: Support for Python version 3.9 has been deprecated. Please update to Python 3.10 or above
WARNING: [youtube] No title found in player responses; falling back to title from initial data. Other metadata may also be missing
ERROR: [youtube] PJGIWDW_W2A: Sign in to confirm you’re not a bot. Use --cookies-from-browser or --cookies for the authentication. See  https://github.com/yt-dlp/yt-dlp/wiki/FAQ#how-do-i-pass-cookies-to-yt-dlp  for how to manually pass cookies. Also see  https://github.com/yt-dlp/yt-dlp/wiki/Extractors#exporting-youtube-cookies  for tips on effectively exporting YouTube cookies
WARNING: [youtube] No title found in player responses; falling back to title from initial data. Other metadata may also be missing
ERROR: [youtube] zocwmW5wZe8: Sign in to confirm you’re not a bot. Use --cookies-from-browser or --cookies for the authentication. See  https://github.com/yt-dlp/yt-dlp/wiki/FAQ#how-do-i-pass-cookies-to-yt-dlp  for how to manually pass cookies. Also see  https://github.com/yt-dlp/yt-dlp/wiki/Extractors#exporting-youtube-cookies  for tips on effectively exporting YouTube cookies
WARNING: [youtube] No title found in player responses; falling back to title from initial data. Other metadata may also be missing
ERROR: [youtube] L7FF8Zgab3M: Sign in to confirm you’re not a bot. Use --cookies-from-browser or --cookies for the authentication. See  https://github.com/yt-dlp/yt-dlp/wiki/FAQ#how-do-i-pass-cookies-to-yt-dlp  for how to manually pass cookies. Also see  https://github.com/yt-dlp/yt-dlp/wiki/Extractors#exporting-youtube-cookies  for tips on effectively exporting YouTube cookies
WARNING: [youtube] No title found in player responses; falling back to title from initial data. Other metadata may also be missing
ERROR: [youtube] tNQPNBQC5kg: Sign in to confirm you’re not a bot. Use --cookies-from-browser or --cookies for the authentication. See  https://github.com/yt-dlp/yt-dlp/wiki/FAQ#how-do-i-pass-cookies-to-yt-dlp  for how to manually pass cookies. Also see  https://github.com/yt-dlp/yt-dlp/wiki/Extractors#exporting-youtube-cookies  for tips on effectively exporting YouTube cookies
WARNING: [youtube] No title found in player responses; falling back to title from initial data. Other metadata may also be missing
ERROR: [youtube] vCP7C8CVw28: Sign in to confirm you’re not a bot. Use --cookies-from-browser or --cookies for the authentication. See  https://github.com/yt-dlp/yt-dlp/wiki/FAQ#how-do-i-pass-cookies-to-yt-dlp  for how to manually pass cookies. Also see  https://github.com/yt-dlp/yt-dlp/wiki/Extractors#exporting-youtube-cookies  for tips on effectively exporting YouTube cookies
Deprecated Feature: Support for Python version 3.9 has been deprecated. Please update to Python 3.10 or above
WARNING: [youtube] No title found in player responses; falling back to title from initial data. Other metadata may also be missing
ERROR: [youtube] vD_4Hce2G_w: Sign in to confirm you’re not a bot. Use --cookies-from-browser or --cookies for the authentication. See  https://github.com/yt-dlp/yt-dlp/wiki/FAQ#how-do-i-pass-cookies-to-yt-dlp  for how to manually pass cookies. Also see  https://github.com/yt-dlp/yt-dlp/wiki/Extractors#exporting-youtube-cookies  for tips on effectively exporting YouTube cookies
WARNING: [youtube] No title found in player responses; falling back to title from initial data. Other metadata may also be missing
ERROR: [youtube] 9R_6bLLyM5k: Sign in to confirm you’re not a bot. Use --cookies-from-browser or --cookies for the authentication. See  https://github.com/yt-dlp/yt-dlp/wiki/FAQ#how-do-i-pass-cookies-to-yt-dlp  for how to manually pass cookies. Also see  https://github.com/yt-dlp/yt-dlp/wiki/Extractors#exporting-youtube-cookies  for tips on effectively exporting YouTube cookies
WARNING: [youtube] No title found in player responses; falling back to title from initial data. Other metadata may also be missing
ERROR: [youtube] 9-TVwv6wtGQ: Sign in to confirm you’re not a bot. Use --cookies-from-browser or --cookies for the authentication. See  https://github.com/yt-dlp/yt-dlp/wiki/FAQ#how-do-i-pass-cookies-to-yt-dlp  for how to manually pass cookies. Also see  https://github.com/yt-dlp/yt-dlp/wiki/Extractors#exporting-youtube-cookies  for tips on effectively exporting YouTube cookies
WARNING: [youtube] No title found in player responses; falling back to title from initial data. Other metadata may also be missing
ERROR: [youtube] gpj9YWbr3IQ: Sign in to confirm you’re not a bot. Use --cookies-from-browser or --cookies for the authentication. See  https://github.com/yt-dlp/yt-dlp/wiki/FAQ#how-do-i-pass-cookies-to-yt-dlp  for how to manually pass cookies. Also see  https://github.com/yt-dlp/yt-dlp/wiki/Extractors#exporting-youtube-cookies  for tips on effectively exporting YouTube cookies
WARNING: [youtube] No title found in player responses; falling back to title from initial data. Other metadata may also be missing
ERROR: [youtube] 2TGHO4apQ5I: Sign in to confirm you’re not a bot. Use --cookies-from-browser or --cookies for the authentication. See  https://github.com/yt-dlp/yt-dlp/wiki/FAQ#how-do-i-pass-cookies-to-yt-dlp  for how to manually pass cookies. Also see  https://github.com/yt-dlp/yt-dlp/wiki/Extractors#exporting-youtube-cookies  for tips on effectively exporting YouTube cookies
Deprecated Feature: Support for Python version 3.9 has been deprecated. Please update to Python 3.10 or above
WARNING: [youtube] No title found in player responses; falling back to title from initial data. Other metadata may also be missing
ERROR: [youtube] D8ohmtB8MdI: Sign in to confirm you’re not a bot. Use --cookies-from-browser or --cookies for the authentication. See  https://github.com/yt-dlp/yt-dlp/wiki/FAQ#how-do-i-pass-cookies-to-yt-dlp  for how to manually pass cookies. Also see  https://github.com/yt-dlp/yt-dlp/wiki/Extractors#exporting-youtube-cookies  for tips on effectively exporting YouTube cookies
WARNING: [youtube] No title found in player responses; falling back to title from initial data. Other metadata may also be missing
ERROR: [youtube] 4IM866W7yGc: Sign in to confirm you’re not a bot. Use --cookies-from-browser or --cookies for the authentication. See  https://github.com/yt-dlp/yt-dlp/wiki/FAQ#how-do-i-pass-cookies-to-yt-dlp  for how to manually pass cookies. Also see  https://github.com/yt-dlp/yt-dlp/wiki/Extractors#exporting-youtube-cookies  for tips on effectively exporting YouTube cookies
WARNING: [youtube] No title found in player responses; falling back to title from initial data. Other metadata may also be missing
ERROR: [youtube] Bj0i-yvIUQs: Sign in to confirm you’re not a bot. Use --cookies-from-browser or --cookies for the authentication. See  https://github.com/yt-dlp/yt-dlp/wiki/FAQ#how-do-i-pass-cookies-to-yt-dlp  for how to manually pass cookies. Also see  https://github.com/yt-dlp/yt-dlp/wiki/Extractors#exporting-youtube-cookies  for tips on effectively exporting YouTube cookies
WARNING: [youtube] No title found in player responses; falling back to title from initial data. Other metadata may also be missing
ERROR: [youtube] LVvleNtllPk: Sign in to confirm you’re not a bot. Use --cookies-from-browser or --cookies for the authentication. See  https://github.com/yt-dlp/yt-dlp/wiki/FAQ#how-do-i-pass-cookies-to-yt-dlp  for how to manually pass cookies. Also see  https://github.com/yt-dlp/yt-dlp/wiki/Extractors#exporting-youtube-cookies  for tips on effectively exporting YouTube cookies
WARNING: [youtube] No title found in player responses; falling back to title from initial data. Other metadata may also be missing
ERROR: [youtube] 5ak26W2YNRY: Sign in to confirm you’re not a bot. Use --cookies-from-browser or --cookies for the authentication. See  https://github.com/yt-dlp/yt-dlp/wiki/FAQ#how-do-i-pass-cookies-to-yt-dlp  for how to manually pass cookies. Also see  https://github.com/yt-dlp/yt-dlp/wiki/Extractors#exporting-youtube-cookies  for tips on effectively exporting YouTube cookies
Deprecated Feature: Support for Python version 3.9 has been deprecated. Please update to Python 3.10 or above
WARNING: [youtube] No title found in player responses; falling back to title from initial data. Other metadata may also be missing
ERROR: [youtube] PnpHwhTWw0c: Sign in to confirm you’re not a bot. Use --cookies-from-browser or --cookies for the authentication. See  https://github.com/yt-dlp/yt-dlp/wiki/FAQ#how-do-i-pass-cookies-to-yt-dlp  for how to manually pass cookies. Also see  https://github.com/yt-dlp/yt-dlp/wiki/Extractors#exporting-youtube-cookies  for tips on effectively exporting YouTube cookies
WARNING: [youtube] No title found in player responses; falling back to title from initial data. Other metadata may also be missing
ERROR: [youtube] m-nnyNZ0TQ0: Sign in to confirm you’re not a bot. Use --cookies-from-browser or --cookies for the authentication. See  https://github.com/yt-dlp/yt-dlp/wiki/FAQ#how-do-i-pass-cookies-to-yt-dlp  for how to manually pass cookies. Also see  https://github.com/yt-dlp/yt-dlp/wiki/Extractors#exporting-youtube-cookies  for tips on effectively exporting YouTube cookies
WARNING: [youtube] No title found in player responses; falling back to title from initial data. Other metadata may also be missing
ERROR: [youtube] jt5hHb6kzYM: Sign in to confirm you’re not a bot. Use --cookies-from-browser or --cookies for the authentication. See  https://github.com/yt-dlp/yt-dlp/wiki/FAQ#how-do-i-pass-cookies-to-yt-dlp  for how to manually pass cookies. Also see  https://github.com/yt-dlp/yt-dlp/wiki/Extractors#exporting-youtube-cookies  for tips on effectively exporting YouTube cookies
WARNING: [youtube] No title found in player responses; falling back to title from initial data. Other metadata may also be missing
ERROR: [youtube] EVts3Ui_0AI: Sign in to confirm you’re not a bot. Use --cookies-from-browser or --cookies for the authentication. See  https://github.com/yt-dlp/yt-dlp/wiki/FAQ#how-do-i-pass-cookies-to-yt-dlp  for how to manually pass cookies. Also see  https://github.com/yt-dlp/yt-dlp/wiki/Extractors#exporting-youtube-cookies  for tips on effectively exporting YouTube cookies
WARNING: [youtube] No title found in player responses; falling back to title from initial data. Other metadata may also be missing
ERROR: [youtube] pDKlaJM_vys: Sign in to confirm you’re not a bot. Use --cookies-from-browser or --cookies for the authentication. See  https://github.com/yt-dlp/yt-dlp/wiki/FAQ#how-do-i-pass-cookies-to-yt-dlp  for how to manually pass cookies. Also see  https://github.com/yt-dlp/yt-dlp/wiki/Extractors#exporting-youtube-cookies  for tips on effectively exporting YouTube cookies
Deprecated Feature: Support for Python version 3.9 has been deprecated. Please update to Python 3.10 or above
WARNING: [youtube] No title found in player responses; falling back to title from initial data. Other metadata may also be missing
ERROR: [youtube] 7YrdI7h2XoY: Sign in to confirm you’re not a bot. Use --cookies-from-browser or --cookies for the authentication. See  https://github.com/yt-dlp/yt-dlp/wiki/FAQ#how-do-i-pass-cookies-to-yt-dlp  for how to manually pass cookies. Also see  https://github.com/yt-dlp/yt-dlp/wiki/Extractors#exporting-youtube-cookies  for tips on effectively exporting YouTube cookies
WARNING: [youtube] No title found in player responses; falling back to title from initial data. Other metadata may also be missing
ERROR: [youtube] c347oYQO57A: Sign in to confirm you’re not a bot. Use --cookies-from-browser or --cookies for the authentication. See  https://github.com/yt-dlp/yt-dlp/wiki/FAQ#how-do-i-pass-cookies-to-yt-dlp  for how to manually pass cookies. Also see  https://github.com/yt-dlp/yt-dlp/wiki/Extractors#exporting-youtube-cookies  for tips on effectively exporting YouTube cookies
WARNING: [youtube] No title found in player responses; falling back to title from initial data. Other metadata may also be missing
ERROR: [youtube] 5aS-8QCRdGE: Sign in to confirm you’re not a bot. Use --cookies-from-browser or --cookies for the authentication. See  https://github.com/yt-dlp/yt-dlp/wiki/FAQ#how-do-i-pass-cookies-to-yt-dlp  for how to manually pass cookies. Also see  https://github.com/yt-dlp/yt-dlp/wiki/Extractors#exporting-youtube-cookies  for tips on effectively exporting YouTube cookies
WARNING: [youtube] No title found in player responses; falling back to title from initial data. Other metadata may also be missing
ERROR: [youtube] Hc0aqOEU2w8: Sign in to confirm you’re not a bot. Use --cookies-from-browser or --cookies for the authentication. See  https://github.com/yt-dlp/yt-dlp/wiki/FAQ#how-do-i-pass-cookies-to-yt-dlp  for how to manually pass cookies. Also see  https://github.com/yt-dlp/yt-dlp/wiki/Extractors#exporting-youtube-cookies  for tips on effectively exporting YouTube cookies
WARNING: [youtube] No title found in player responses; falling back to title from initial data. Other metadata may also be missing
ERROR: [youtube] eFUB_jL_XcM: Sign in to confirm you’re not a bot. Use --cookies-from-browser or --cookies for the authentication. See  https://github.com/yt-dlp/yt-dlp/wiki/FAQ#how-do-i-pass-cookies-to-yt-dlp  for how to manually pass cookies. Also see  https://github.com/yt-dlp/yt-dlp/wiki/Extractors#exporting-youtube-cookies  for tips on effectively exporting YouTube cookies
Deprecated Feature: Support for Python version 3.9 has been deprecated. Please update to Python 3.10 or above
WARNING: [youtube] No title found in player responses; falling back to title from initial data. Other metadata may also be missing
ERROR: [youtube] 7YrdI7h2XoY: Sign in to confirm you’re not a bot. Use --cookies-from-browser or --cookies for the authentication. See  https://github.com/yt-dlp/yt-dlp/wiki/FAQ#how-do-i-pass-cookies-to-yt-dlp  for how to manually pass cookies. Also see  https://github.com/yt-dlp/yt-dlp/wiki/Extractors#exporting-youtube-cookies  for tips on effectively exporting YouTube cookies
WARNING: [youtube] No title found in player responses; falling back to title from initial data. Other metadata may also be missing
ERROR: [youtube] c347oYQO57A: Sign in to confirm you’re not a bot. Use --cookies-from-browser or --cookies for the authentication. See  https://github.com/yt-dlp/yt-dlp/wiki/FAQ#how-do-i-pass-cookies-to-yt-dlp  for how to manually pass cookies. Also see  https://github.com/yt-dlp/yt-dlp/wiki/Extractors#exporting-youtube-cookies  for tips on effectively exporting YouTube cookies
WARNING: [youtube] No title found in player responses; falling back to title from initial data. Other metadata may also be missing
ERROR: [youtube] 5aS-8QCRdGE: Sign in to confirm you’re not a bot. Use --cookies-from-browser or --cookies for the authentication. See  https://github.com/yt-dlp/yt-dlp/wiki/FAQ#how-do-i-pass-cookies-to-yt-dlp  for how to manually pass cookies. Also see  https://github.com/yt-dlp/yt-dlp/wiki/Extractors#exporting-youtube-cookies  for tips on effectively exporting YouTube cookies
WARNING: [youtube] No title found in player responses; falling back to title from initial data. Other metadata may also be missing
ERROR: [youtube] Hc0aqOEU2w8: Sign in to confirm you’re not a bot. Use --cookies-from-browser or --cookies for the authentication. See  https://github.com/yt-dlp/yt-dlp/wiki/FAQ#how-do-i-pass-cookies-to-yt-dlp  for how to manually pass cookies. Also see  https://github.com/yt-dlp/yt-dlp/wiki/Extractors#exporting-youtube-cookies  for tips on effectively exporting YouTube cookies
WARNING: [youtube] No title found in player responses; falling back to title from initial data. Other metadata may also be missing
ERROR: [youtube] eFUB_jL_XcM: Sign in to confirm you’re not a bot. Use --cookies-from-browser or --cookies for the authentication. See  https://github.com/yt-dlp/yt-dlp/wiki/FAQ#how-do-i-pass-cookies-to-yt-dlp  for how to manually pass cookies. Also see  https://github.com/yt-dlp/yt-dlp/wiki/Extractors#exporting-youtube-cookies  for tips on effectively exporting YouTube cookies
/Users/vincentnie/Library/Python/3.9/lib/python/site-packages/urllib3/__init__.py:35: NotOpenSSLWarning: urllib3 v2 only supports OpenSSL 1.1.1+, currently the 'ssl' module is compiled with 'LibreSSL 2.8.3'. See: https://github.com/urllib3/urllib3/issues/3020
  warnings.warn(
/Users/vincentnie/Library/Python/3.9/lib/python/site-packages/urllib3/__init__.py:35: NotOpenSSLWarning: urllib3 v2 only supports OpenSSL 1.1.1+, currently the 'ssl' module is compiled with 'LibreSSL 2.8.3'. See: https://github.com/urllib3/urllib3/issues/3020
  warnings.warn(
/Users/vincentnie/Library/Python/3.9/lib/python/site-packages/urllib3/connectionpool.py:1097: InsecureRequestWarning: Unverified HTTPS request is being made to host '127.0.0.1'. Adding certificate verification is strongly advised. See: https://urllib3.readthedocs.io/en/latest/advanced-usage.html#tls-warnings
  warnings.warn(
/Users/vincentnie/Library/Python/3.9/lib/python/site-packages/urllib3/connectionpool.py:1097: InsecureRequestWarning: Unverified HTTPS request is being made to host '127.0.0.1'. Adding certificate verification is strongly advised. See: https://urllib3.readthedocs.io/en/latest/advanced-usage.html#tls-warnings
  warnings.warn(
/Users/vincentnie/Library/Python/3.9/lib/python/site-packages/urllib3/connectionpool.py:1097: InsecureRequestWarning: Unverified HTTPS request is being made to host '127.0.0.1'. Adding certificate verification is strongly advised. See: https://urllib3.readthedocs.io/en/latest/advanced-usage.html#tls-warnings
  warnings.warn(
/Users/vincentnie/Library/Python/3.9/lib/python/site-packages/urllib3/connectionpool.py:1097: InsecureRequestWarning: Unverified HTTPS request is being made to host '127.0.0.1'. Adding certificate verification is strongly advised. See: https://urllib3.readthedocs.io/en/latest/advanced-usage.html#tls-warnings
  warnings.warn(
/Users/vincentnie/Library/Python/3.9/lib/python/site-packages/urllib3/connectionpool.py:1097: InsecureRequestWarning: Unverified HTTPS request is being made to host '127.0.0.1'. Adding certificate verification is strongly advised. See: https://urllib3.readthedocs.io/en/latest/advanced-usage.html#tls-warnings
  warnings.warn(
/Users/vincentnie/Library/Python/3.9/lib/python/site-packages/urllib3/connectionpool.py:1097: InsecureRequestWarning: Unverified HTTPS request is being made to host '127.0.0.1'. Adding certificate verification is strongly advised. See: https://urllib3.readthedocs.io/en/latest/advanced-usage.html#tls-warnings
  warnings.warn(
/Users/vincentnie/Library/Python/3.9/lib/python/site-packages/urllib3/connectionpool.py:1097: InsecureRequestWarning: Unverified HTTPS request is being made to host '127.0.0.1'. Adding certificate verification is strongly advised. See: https://urllib3.readthedocs.io/en/latest/advanced-usage.html#tls-warnings
  warnings.warn(
/Users/vincentnie/Library/Python/3.9/lib/python/site-packages/urllib3/connectionpool.py:1097: InsecureRequestWarning: Unverified HTTPS request is being made to host '127.0.0.1'. Adding certificate verification is strongly advised. See: https://urllib3.readthedocs.io/en/latest/advanced-usage.html#tls-warnings
  warnings.warn(
/Users/vincentnie/Library/Python/3.9/lib/python/site-packages/urllib3/connectionpool.py:1097: InsecureRequestWarning: Unverified HTTPS request is being made to host '127.0.0.1'. Adding certificate verification is strongly advised. See: https://urllib3.readthedocs.io/en/latest/advanced-usage.html#tls-warnings
  warnings.warn(
/Users/vincentnie/Library/Python/3.9/lib/python/site-packages/urllib3/connectionpool.py:1097: InsecureRequestWarning: Unverified HTTPS request is being made to host '127.0.0.1'. Adding certificate verification is strongly advised. See: https://urllib3.readthedocs.io/en/latest/advanced-usage.html#tls-warnings
  warnings.warn(
/Users/vincentnie/Library/Python/3.9/lib/python/site-packages/urllib3/connectionpool.py:1097: InsecureRequestWarning: Unverified HTTPS request is being made to host '127.0.0.1'. Adding certificate verification is strongly advised. See: https://urllib3.readthedocs.io/en/latest/advanced-usage.html#tls-warnings
  warnings.warn(
2026-05-01 04:02:19,568 [INFO] [MiniMax] 请求状态: 200, attempt=1
2026-05-01 04:02:19,569 [INFO] [MiniMax] 成功, 输出长度: 3328
2026-05-01 04:02:19,571 [INFO] [generate_podcast_summary] status=SUCCESS, len=3328
2026-05-01 04:03:11,351 [INFO] [MiniMax] 请求状态: 200, attempt=1
2026-05-01 04:03:11,352 [INFO] [MiniMax] 成功, 输出长度: 2705
2026-05-01 04:03:11,353 [INFO] [generate_podcast_summary] status=SUCCESS, len=2705
2026-05-01 04:03:48,254 [INFO] [MiniMax] 请求状态: 200, attempt=1
2026-05-01 04:03:48,255 [INFO] [MiniMax] 成功, 输出长度: 2488
2026-05-01 04:03:48,256 [INFO] [generate_podcast_summary] status=SUCCESS, len=2488
/Users/vincentnie/Library/Python/3.9/lib/python/site-packages/urllib3/__init__.py:35: NotOpenSSLWarning: urllib3 v2 only supports OpenSSL 1.1.1+, currently the 'ssl' module is compiled with 'LibreSSL 2.8.3'. See: https://github.com/urllib3/urllib3/issues/3020
  warnings.warn(
Deprecated Feature: Support for Python version 3.9 has been deprecated. Please update to Python 3.10 or above
WARNING: [youtube] iKx3gAODybU: Some web client https formats have been skipped as they are missing a url. YouTube is forcing SABR streaming for this client. See  https://github.com/yt-dlp/yt-dlp/issues/12482  for more details
WARNING: [youtube] vif8NQcjVf0: Some web client https formats have been skipped as they are missing a url. YouTube is forcing SABR streaming for this client. See  https://github.com/yt-dlp/yt-dlp/issues/12482  for more details
WARNING: [youtube] H9rF1CSSh-w: Some web client https formats have been skipped as they are missing a url. YouTube is forcing SABR streaming for this client. See  https://github.com/yt-dlp/yt-dlp/issues/12482  for more details
WARNING: [youtube] 1SJiTwbSI58: Some web client https formats have been skipped as they are missing a url. YouTube is forcing SABR streaming for this client. See  https://github.com/yt-dlp/yt-dlp/issues/12482  for more details
WARNING: [youtube] KGVpKPNUdzA: Some web client https formats have been skipped as they are missing a url. YouTube is forcing SABR streaming for this client. See  https://github.com/yt-dlp/yt-dlp/issues/12482  for more details
Deprecated Feature: Support for Python version 3.9 has been deprecated. Please update to Python 3.10 or above
WARNING: [youtube] dvVbA9OcBqs: Some web client https formats have been skipped as they are missing a url. YouTube is forcing SABR streaming for this client. See  https://github.com/yt-dlp/yt-dlp/issues/12482  for more details
WARNING: [youtube] 82HsvG1_Nqk: Some web client https formats have been skipped as they are missing a url. YouTube is forcing SABR streaming for this client. See  https://github.com/yt-dlp/yt-dlp/issues/12482  for more details
WARNING: [youtube] Mjc7vwys1vY: Some web client https formats have been skipped as they are missing a url. YouTube is forcing SABR streaming for this client. See  https://github.com/yt-dlp/yt-dlp/issues/12482  for more details
WARNING: [youtube] IZDJ3jcO5UY: Some web client https formats have been skipped as they are missing a url. YouTube is forcing SABR streaming for this client. See  https://github.com/yt-dlp/yt-dlp/issues/12482  for more details
WARNING: [youtube] yiJOTCRVWjc: Some web client https formats have been skipped as they are missing a url. YouTube is forcing SABR streaming for this client. See  https://github.com/yt-dlp/yt-dlp/issues/12482  for more details
Deprecated Feature: Support for Python version 3.9 has been deprecated. Please update to Python 3.10 or above
WARNING: [youtube] 9WQu7w1tII0: Some web client https formats have been skipped as they are missing a url. YouTube is forcing SABR streaming for this client. See  https://github.com/yt-dlp/yt-dlp/issues/12482  for more details
WARNING: [youtube] 1bCXCxrDsCs: Some web client https formats have been skipped as they are missing a url. YouTube is forcing SABR streaming for this client. See  https://github.com/yt-dlp/yt-dlp/issues/12482  for more details
WARNING: [youtube] SFdqX7IY7RY: Some web client https formats have been skipped as they are missing a url. YouTube is forcing SABR streaming for this client. See  https://github.com/yt-dlp/yt-dlp/issues/12482  for more details
WARNING: [youtube] DVBJQQCjgXU: Some web client https formats have been skipped as they are missing a url. YouTube is forcing SABR streaming for this client. See  https://github.com/yt-dlp/yt-dlp/issues/12482  for more details
WARNING: [youtube] MPAsUZEJHiM: Some web client https formats have been skipped as they are missing a url. YouTube is forcing SABR streaming for this client. See  https://github.com/yt-dlp/yt-dlp/issues/12482  for more details
Deprecated Feature: Support for Python version 3.9 has been deprecated. Please update to Python 3.10 or above
WARNING: [youtube] e4rTYZYRGao: Some web client https formats have been skipped as they are missing a url. YouTube is forcing SABR streaming for this client. See  https://github.com/yt-dlp/yt-dlp/issues/12482  for more details
WARNING: [youtube] UQZooauU-FQ: Some web client https formats have been skipped as they are missing a url. YouTube is forcing SABR streaming for this client. See  https://github.com/yt-dlp/yt-dlp/issues/12482  for more details
WARNING: [youtube] JmFKaqJg5X4: Some web client https formats have been skipped as they are missing a url. YouTube is forcing SABR streaming for this client. See  https://github.com/yt-dlp/yt-dlp/issues/12482  for more details
WARNING: [youtube] uVxltd_Xv5E: Some web client https formats have been skipped as they are missing a url. YouTube is forcing SABR streaming for this client. See  https://github.com/yt-dlp/yt-dlp/issues/12482  for more details
WARNING: [youtube] 7RDDsuq0xK0: Some web client https formats have been skipped as they are missing a url. YouTube is forcing SABR streaming for this client. See  https://github.com/yt-dlp/yt-dlp/issues/12482  for more details
Deprecated Feature: Support for Python version 3.9 has been deprecated. Please update to Python 3.10 or above
WARNING: [youtube] EjRIfA30neg: Some web client https formats have been skipped as they are missing a url. YouTube is forcing SABR streaming for this client. See  https://github.com/yt-dlp/yt-dlp/issues/12482  for more details
WARNING: [youtube] sXDx9zl8ALM: Some web client https formats have been skipped as they are missing a url. YouTube is forcing SABR streaming for this client. See  https://github.com/yt-dlp/yt-dlp/issues/12482  for more details
WARNING: [youtube] ifRbIzAFIJE: Some web client https formats have been skipped as they are missing a url. YouTube is forcing SABR streaming for this client. See  https://github.com/yt-dlp/yt-dlp/issues/12482  for more details
WARNING: [youtube] DFARVLSfIFk: Some web client https formats have been skipped as they are missing a url. YouTube is forcing SABR streaming for this client. See  https://github.com/yt-dlp/yt-dlp/issues/12482  for more details
WARNING: [youtube] jbFlqd5fTTc: Some web client https formats have been skipped as they are missing a url. YouTube is forcing SABR streaming for this client. See  https://github.com/yt-dlp/yt-dlp/issues/12482  for more details
Deprecated Feature: Support for Python version 3.9 has been deprecated. Please update to Python 3.10 or above
WARNING: [youtube] 2fYU50qbkHk: Some web client https formats have been skipped as they are missing a url. YouTube is forcing SABR streaming for this client. See  https://github.com/yt-dlp/yt-dlp/issues/12482  for more details
WARNING: [youtube] y8cusdjYXdo: Some web client https formats have been skipped as they are missing a url. YouTube is forcing SABR streaming for this client. See  https://github.com/yt-dlp/yt-dlp/issues/12482  for more details
WARNING: [youtube] utR1XtXKBw8: Some web client https formats have been skipped as they are missing a url. YouTube is forcing SABR streaming for this client. See  https://github.com/yt-dlp/yt-dlp/issues/12482  for more details
WARNING: [youtube] CtcY3uofOe8: Some web client https formats have been skipped as they are missing a url. YouTube is forcing SABR streaming for this client. See  https://github.com/yt-dlp/yt-dlp/issues/12482  for more details
WARNING: [youtube] OS4wHmKtH-Q: Some web client https formats have been skipped as they are missing a url. YouTube is forcing SABR streaming for this client. See  https://github.com/yt-dlp/yt-dlp/issues/12482  for more details
Deprecated Feature: Support for Python version 3.9 has been deprecated. Please update to Python 3.10 or above
WARNING: [youtube] rTM95-gZtOs: Some web client https formats have been skipped as they are missing a url. YouTube is forcing SABR streaming for this client. See  https://github.com/yt-dlp/yt-dlp/issues/12482  for more details
WARNING: [youtube] PJGIWDW_W2A: Some web client https formats have been skipped as they are missing a url. YouTube is forcing SABR streaming for this client. See  https://github.com/yt-dlp/yt-dlp/issues/12482  for more details
WARNING: [youtube] zocwmW5wZe8: Some web client https formats have been skipped as they are missing a url. YouTube is forcing SABR streaming for this client. See  https://github.com/yt-dlp/yt-dlp/issues/12482  for more details
WARNING: [youtube] L7FF8Zgab3M: Some web client https formats have been skipped as they are missing a url. YouTube is forcing SABR streaming for this client. See  https://github.com/yt-dlp/yt-dlp/issues/12482  for more details
WARNING: [youtube] tNQPNBQC5kg: Some web client https formats have been skipped as they are missing a url. YouTube is forcing SABR streaming for this client. See  https://github.com/yt-dlp/yt-dlp/issues/12482  for more details
Deprecated Feature: Support for Python version 3.9 has been deprecated. Please update to Python 3.10 or above
WARNING: [youtube] eHe2F10TlV4: Some web client https formats have been skipped as they are missing a url. YouTube is forcing SABR streaming for this client. See  https://github.com/yt-dlp/yt-dlp/issues/12482  for more details
WARNING: [youtube] kktBVmjA19A: Some web client https formats have been skipped as they are missing a url. YouTube is forcing SABR streaming for this client. See  https://github.com/yt-dlp/yt-dlp/issues/12482  for more details
WARNING: [youtube] vD_4Hce2G_w: Some web client https formats have been skipped as they are missing a url. YouTube is forcing SABR streaming for this client. See  https://github.com/yt-dlp/yt-dlp/issues/12482  for more details
WARNING: [youtube] 9R_6bLLyM5k: Some web client https formats have been skipped as they are missing a url. YouTube is forcing SABR streaming for this client. See  https://github.com/yt-dlp/yt-dlp/issues/12482  for more details
WARNING: [youtube] 9-TVwv6wtGQ: Some web client https formats have been skipped as they are missing a url. YouTube is forcing SABR streaming for this client. See  https://github.com/yt-dlp/yt-dlp/issues/12482  for more details
Deprecated Feature: Support for Python version 3.9 has been deprecated. Please update to Python 3.10 or above
WARNING: [youtube] RCbJKkG_mZs: Some web client https formats have been skipped as they are missing a url. YouTube is forcing SABR streaming for this client. See  https://github.com/yt-dlp/yt-dlp/issues/12482  for more details
WARNING: [youtube] D8ohmtB8MdI: Some web client https formats have been skipped as they are missing a url. YouTube is forcing SABR streaming for this client. See  https://github.com/yt-dlp/yt-dlp/issues/12482  for more details
WARNING: [youtube] 4IM866W7yGc: Some web client https formats have been skipped as they are missing a url. YouTube is forcing SABR streaming for this client. See  https://github.com/yt-dlp/yt-dlp/issues/12482  for more details
WARNING: [youtube] Bj0i-yvIUQs: Some web client https formats have been skipped as they are missing a url. YouTube is forcing SABR streaming for this client. See  https://github.com/yt-dlp/yt-dlp/issues/12482  for more details
WARNING: [youtube] LVvleNtllPk: Some web client https formats have been skipped as they are missing a url. YouTube is forcing SABR streaming for this client. See  https://github.com/yt-dlp/yt-dlp/issues/12482  for more details
Deprecated Feature: Support for Python version 3.9 has been deprecated. Please update to Python 3.10 or above
WARNING: [youtube] jLFG_FZKbks: Some web client https formats have been skipped as they are missing a url. YouTube is forcing SABR streaming for this client. See  https://github.com/yt-dlp/yt-dlp/issues/12482  for more details
WARNING: [youtube] PnpHwhTWw0c: Some web client https formats have been skipped as they are missing a url. YouTube is forcing SABR streaming for this client. See  https://github.com/yt-dlp/yt-dlp/issues/12482  for more details
WARNING: [youtube] m-nnyNZ0TQ0: Some web client https formats have been skipped as they are missing a url. YouTube is forcing SABR streaming for this client. See  https://github.com/yt-dlp/yt-dlp/issues/12482  for more details
WARNING: [youtube] jt5hHb6kzYM: Some web client https formats have been skipped as they are missing a url. YouTube is forcing SABR streaming for this client. See  https://github.com/yt-dlp/yt-dlp/issues/12482  for more details
WARNING: [youtube] EVts3Ui_0AI: Some web client https formats have been skipped as they are missing a url. YouTube is forcing SABR streaming for this client. See  https://github.com/yt-dlp/yt-dlp/issues/12482  for more details
Deprecated Feature: Support for Python version 3.9 has been deprecated. Please update to Python 3.10 or above
WARNING: [youtube] i9TvUGeTltE: Some web client https formats have been skipped as they are missing a url. YouTube is forcing SABR streaming for this client. See  https://github.com/yt-dlp/yt-dlp/issues/12482  for more details
WARNING: [youtube] 7YrdI7h2XoY: Some web client https formats have been skipped as they are missing a url. YouTube is forcing SABR streaming for this client. See  https://github.com/yt-dlp/yt-dlp/issues/12482  for more details
WARNING: [youtube] c347oYQO57A: Some web client https formats have been skipped as they are missing a url. YouTube is forcing SABR streaming for this client. See  https://github.com/yt-dlp/yt-dlp/issues/12482  for more details
WARNING: [youtube] 5aS-8QCRdGE: Some web client https formats have been skipped as they are missing a url. YouTube is forcing SABR streaming for this client. See  https://github.com/yt-dlp/yt-dlp/issues/12482  for more details
WARNING: [youtube] Hc0aqOEU2w8: Some web client https formats have been skipped as they are missing a url. YouTube is forcing SABR streaming for this client. See  https://github.com/yt-dlp/yt-dlp/issues/12482  for more details
Deprecated Feature: Support for Python version 3.9 has been deprecated. Please update to Python 3.10 or above
WARNING: [youtube] i9TvUGeTltE: Some web client https formats have been skipped as they are missing a url. YouTube is forcing SABR streaming for this client. See  https://github.com/yt-dlp/yt-dlp/issues/12482  for more details
WARNING: [youtube] 7YrdI7h2XoY: Some web client https formats have been skipped as they are missing a url. YouTube is forcing SABR streaming for this client. See  https://github.com/yt-dlp/yt-dlp/issues/12482  for more details
WARNING: [youtube] c347oYQO57A: Some web client https formats have been skipped as they are missing a url. YouTube is forcing SABR streaming for this client. See  https://github.com/yt-dlp/yt-dlp/issues/12482  for more details
WARNING: [youtube] 5aS-8QCRdGE: Some web client https formats have been skipped as they are missing a url. YouTube is forcing SABR streaming for this client. See  https://github.com/yt-dlp/yt-dlp/issues/12482  for more details
WARNING: [youtube] Hc0aqOEU2w8: Some web client https formats have been skipped as they are missing a url. YouTube is forcing SABR streaming for this client. See  https://github.com/yt-dlp/yt-dlp/issues/12482  for more details
2026-05-01 04:07:37,160 [INFO] [MiniMax] 请求状态: 200, attempt=1
2026-05-01 04:07:37,161 [INFO] [MiniMax] 成功, 输出长度: 32
2026-05-01 04:07:37,162 [INFO] [translate_to_chinese] status=SUCCESS, len=32
2026-05-01 04:08:20,610 [INFO] [MiniMax] 请求状态: 200, attempt=1
2026-05-01 04:08:20,611 [INFO] [MiniMax] 成功, 输出长度: 3596
2026-05-01 04:08:20,613 [INFO] [generate_youtube_summary] status=SUCCESS, len=3596
2026-05-01 04:08:57,899 [INFO] [MiniMax] 请求状态: 200, attempt=1
2026-05-01 04:08:57,901 [INFO] [MiniMax] 成功, 输出长度: 32
2026-05-01 04:08:57,903 [INFO] [translate_to_chinese] status=SUCCESS, len=32
2026-05-01 04:09:35,328 [INFO] [MiniMax] 请求状态: 200, attempt=1
2026-05-01 04:09:35,330 [INFO] [MiniMax] 成功, 输出长度: 2654
2026-05-01 04:09:35,331 [INFO] [generate_youtube_summary] status=SUCCESS, len=2654
2026-05-01 04:09:39,091 [INFO] [MiniMax] 请求状态: 200, attempt=1
2026-05-01 04:09:39,091 [INFO] [MiniMax] 成功, 输出长度: 41
2026-05-01 04:09:39,093 [INFO] [translate_to_chinese] status=SUCCESS, len=41
2026-05-01 04:10:09,664 [INFO] [MiniMax] 请求状态: 200, attempt=1
2026-05-01 04:10:09,665 [INFO] [MiniMax] 成功, 输出长度: 2245
2026-05-01 04:10:09,667 [INFO] [generate_youtube_summary] status=SUCCESS, len=2245
2026-05-01 04:10:17,231 [INFO] [MiniMax] 请求状态: 200, attempt=1
2026-05-01 04:10:17,231 [INFO] [MiniMax] 成功, 输出长度: 42
2026-05-01 04:10:17,233 [INFO] [translate_to_chinese] status=SUCCESS, len=42
2026-05-01 04:11:00,791 [INFO] [MiniMax] 请求状态: 200, attempt=1
2026-05-01 04:11:00,792 [INFO] [MiniMax] 成功, 输出长度: 2938
2026-05-01 04:11:00,794 [INFO] [generate_youtube_summary] status=SUCCESS, len=2938
2026-05-01 04:11:09,964 [INFO] [MiniMax] 请求状态: 200, attempt=1
2026-05-01 04:11:09,964 [INFO] [MiniMax] 成功, 输出长度: 33
2026-05-01 04:11:09,966 [INFO] [translate_to_chinese] status=SUCCESS, len=33
2026-05-01 04:11:58,442 [INFO] [MiniMax] 请求状态: 200, attempt=1
2026-05-01 04:11:58,445 [INFO] [MiniMax] 成功, 输出长度: 3300
2026-05-01 04:11:58,446 [INFO] [generate_youtube_summary] status=SUCCESS, len=3300
2026-05-01 04:12:05,865 [INFO] [MiniMax] 请求状态: 200, attempt=1
2026-05-01 04:12:05,865 [INFO] [MiniMax] 成功, 输出长度: 23
2026-05-01 04:12:05,866 [INFO] [translate_to_chinese] status=SUCCESS, len=23
2026-05-01 04:12:45,436 [INFO] [MiniMax] 请求状态: 200, attempt=1
2026-05-01 04:12:45,437 [INFO] [MiniMax] 成功, 输出长度: 3029
2026-05-01 04:12:45,439 [INFO] [generate_youtube_summary] status=SUCCESS, len=3029
2026-05-01 04:12:52,301 [INFO] [MiniMax] 请求状态: 200, attempt=1
2026-05-01 04:12:52,301 [INFO] [MiniMax] 成功, 输出长度: 35
2026-05-01 04:12:52,303 [INFO] [translate_to_chinese] status=SUCCESS, len=35
2026-05-01 04:13:18,219 [INFO] [MiniMax] 请求状态: 200, attempt=1
2026-05-01 04:13:18,221 [INFO] [MiniMax] 成功, 输出长度: 1853
2026-05-01 04:13:18,223 [INFO] [generate_youtube_summary] status=SUCCESS, len=1853
2026-05-01 04:13:27,076 [INFO] [MiniMax] 请求状态: 200, attempt=1
2026-05-01 04:13:27,077 [INFO] [MiniMax] 成功, 输出长度: 29
2026-05-01 04:13:27,079 [INFO] [translate_to_chinese] status=SUCCESS, len=29
2026-05-01 04:13:51,813 [INFO] [MiniMax] 请求状态: 200, attempt=1
2026-05-01 04:13:51,814 [INFO] [MiniMax] 成功, 输出长度: 1976
2026-05-01 04:13:51,816 [INFO] [generate_youtube_summary] status=SUCCESS, len=1976
2026-05-01 04:14:01,187 [INFO] [MiniMax] 请求状态: 200, attempt=1
2026-05-01 04:14:01,188 [INFO] [MiniMax] 成功, 输出长度: 37
2026-05-01 04:14:01,190 [INFO] [translate_to_chinese] status=SUCCESS, len=37
2026-05-01 04:14:22,521 [INFO] [MiniMax] 请求状态: 200, attempt=1
2026-05-01 04:14:22,521 [INFO] [MiniMax] 成功, 输出长度: 1657
2026-05-01 04:14:22,523 [INFO] [generate_youtube_summary] status=SUCCESS, len=1657
2026-05-01 04:14:31,034 [INFO] [MiniMax] 请求状态: 200, attempt=1
2026-05-01 04:14:31,034 [INFO] [MiniMax] 成功, 输出长度: 35
2026-05-01 04:14:31,036 [INFO] [translate_to_chinese] status=SUCCESS, len=35
2026-05-01 04:15:07,694 [INFO] [MiniMax] 请求状态: 200, attempt=1
2026-05-01 04:15:07,696 [INFO] [MiniMax] 成功, 输出长度: 2065
2026-05-01 04:15:07,698 [INFO] [generate_youtube_summary] status=SUCCESS, len=2065
2026-05-01 04:15:13,967 [INFO] [MiniMax] 请求状态: 200, attempt=1
2026-05-01 04:15:13,967 [INFO] [MiniMax] 成功, 输出长度: 30
2026-05-01 04:15:13,969 [INFO] [translate_to_chinese] status=SUCCESS, len=30
2026-05-01 04:15:56,160 [INFO] [MiniMax] 请求状态: 200, attempt=1
2026-05-01 04:15:56,161 [INFO] [MiniMax] 成功, 输出长度: 2622
2026-05-01 04:15:56,163 [INFO] [generate_youtube_summary] status=SUCCESS, len=2622
2026-05-01 04:16:05,163 [INFO] [MiniMax] 请求状态: 200, attempt=1
2026-05-01 04:16:05,163 [INFO] [MiniMax] 成功, 输出长度: 42
2026-05-01 04:16:05,165 [INFO] [translate_to_chinese] status=SUCCESS, len=42
2026-05-01 04:16:35,886 [INFO] [MiniMax] 请求状态: 200, attempt=1
2026-05-01 04:16:35,888 [INFO] [MiniMax] 成功, 输出长度: 2232
2026-05-01 04:16:35,890 [INFO] [generate_youtube_summary] status=SUCCESS, len=2232
2026-05-01 04:16:40,420 [INFO] [MiniMax] 请求状态: 200, attempt=1
2026-05-01 04:16:40,421 [INFO] [MiniMax] 成功, 输出长度: 23
2026-05-01 04:16:40,423 [INFO] [translate_to_chinese] status=SUCCESS, len=23
2026-05-01 04:17:23,729 [INFO] [MiniMax] 请求状态: 200, attempt=1
2026-05-01 04:17:23,730 [INFO] [MiniMax] 成功, 输出长度: 3705
2026-05-01 04:17:23,731 [INFO] [generate_youtube_summary] status=SUCCESS, len=3705
2026-05-01 04:17:31,753 [INFO] [MiniMax] 请求状态: 200, attempt=1
2026-05-01 04:17:31,754 [INFO] [MiniMax] 成功, 输出长度: 14
2026-05-01 04:17:31,755 [INFO] [translate_to_chinese] status=SUCCESS, len=14
2026-05-01 04:17:57,649 [INFO] [MiniMax] 请求状态: 200, attempt=1
2026-05-01 04:17:57,650 [INFO] [MiniMax] 成功, 输出长度: 1793
2026-05-01 04:17:57,651 [INFO] [generate_youtube_summary] status=SUCCESS, len=1793
2026-05-01 04:18:02,670 [INFO] [MiniMax] 请求状态: 200, attempt=1
2026-05-01 04:18:02,670 [INFO] [MiniMax] 成功, 输出长度: 26
2026-05-01 04:18:02,671 [INFO] [translate_to_chinese] status=SUCCESS, len=26
2026-05-01 04:18:28,218 [INFO] [MiniMax] 请求状态: 200, attempt=1
2026-05-01 04:18:28,219 [INFO] [MiniMax] 成功, 输出长度: 1871
2026-05-01 04:18:28,220 [INFO] [generate_youtube_summary] status=SUCCESS, len=1871
2026-05-01 04:18:39,139 [INFO] [MiniMax] 请求状态: 200, attempt=1
2026-05-01 04:18:39,141 [INFO] [MiniMax] 成功, 输出长度: 20
2026-05-01 04:18:39,143 [INFO] [translate_to_chinese] status=SUCCESS, len=20
2026-05-01 04:19:26,668 [INFO] [MiniMax] 请求状态: 200, attempt=1
2026-05-01 04:19:26,670 [INFO] [MiniMax] 成功, 输出长度: 3955
2026-05-01 04:19:26,672 [INFO] [generate_youtube_summary] status=SUCCESS, len=3955
2026-05-01 04:19:29,967 [INFO] [MiniMax] 请求状态: 200, attempt=1
2026-05-01 04:19:29,968 [INFO] [MiniMax] 成功, 输出长度: 23
2026-05-01 04:19:29,969 [INFO] [translate_to_chinese] status=SUCCESS, len=23
2026-05-01 04:20:13,868 [INFO] [MiniMax] 请求状态: 200, attempt=1
2026-05-01 04:20:13,868 [INFO] [MiniMax] 成功, 输出长度: 3418
2026-05-01 04:20:13,870 [INFO] [generate_youtube_summary] status=SUCCESS, len=3418
2026-05-01 04:20:21,313 [INFO] [MiniMax] 请求状态: 200, attempt=1
2026-05-01 04:20:21,314 [INFO] [MiniMax] 成功, 输出长度: 66
2026-05-01 04:20:21,315 [INFO] [translate_to_chinese] status=SUCCESS, len=66
2026-05-01 04:21:11,095 [INFO] [MiniMax] 请求状态: 200, attempt=1
2026-05-01 04:21:11,097 [INFO] [MiniMax] 成功, 输出长度: 3745
2026-05-01 04:21:11,098 [INFO] [generate_youtube_summary] status=SUCCESS, len=3745
2026-05-01 04:21:20,305 [INFO] [MiniMax] 请求状态: 200, attempt=1
2026-05-01 04:21:20,306 [INFO] [MiniMax] 成功, 输出长度: 57
2026-05-01 04:21:20,307 [INFO] [translate_to_chinese] status=SUCCESS, len=57
2026-05-01 04:22:05,204 [INFO] [MiniMax] 请求状态: 200, attempt=1
2026-05-01 04:22:05,206 [INFO] [MiniMax] 成功, 输出长度: 3639
2026-05-01 04:22:05,208 [INFO] [generate_youtube_summary] status=SUCCESS, len=3639
2026-05-01 04:22:12,555 [INFO] [MiniMax] 请求状态: 200, attempt=1
2026-05-01 04:22:12,555 [INFO] [MiniMax] 成功, 输出长度: 35
2026-05-01 04:22:12,557 [INFO] [translate_to_chinese] status=SUCCESS, len=35
2026-05-01 04:22:58,410 [INFO] [MiniMax] 请求状态: 200, attempt=1
2026-05-01 04:22:58,412 [INFO] [MiniMax] 成功, 输出长度: 4000
2026-05-01 04:22:58,414 [INFO] [generate_youtube_summary] status=SUCCESS, len=4000
2026-05-01 04:23:05,209 [INFO] [MiniMax] 请求状态: 200, attempt=1
2026-05-01 04:23:05,209 [INFO] [MiniMax] 成功, 输出长度: 18
2026-05-01 04:23:05,211 [INFO] [translate_to_chinese] status=SUCCESS, len=18
2026-05-01 04:23:28,250 [INFO] [MiniMax] 请求状态: 200, attempt=1
2026-05-01 04:23:28,251 [INFO] [MiniMax] 成功, 输出长度: 1721
2026-05-01 04:23:28,253 [INFO] [generate_youtube_summary] status=SUCCESS, len=1721
2026-05-01 04:23:33,110 [INFO] [MiniMax] 请求状态: 200, attempt=1
2026-05-01 04:23:33,111 [INFO] [MiniMax] 成功, 输出长度: 8
2026-05-01 04:23:33,113 [INFO] [translate_to_chinese] status=SUCCESS, len=8
2026-05-01 04:23:40,288 [INFO] [MiniMax] 请求状态: 200, attempt=1
2026-05-01 04:23:40,288 [INFO] [MiniMax] 成功, 输出长度: 196
2026-05-01 04:23:40,290 [INFO] [generate_youtube_summary] status=SUCCESS, len=196
2026-05-01 04:23:44,787 [INFO] [MiniMax] 请求状态: 200, attempt=1
2026-05-01 04:23:44,788 [INFO] [MiniMax] 成功, 输出长度: 13
2026-05-01 04:23:44,789 [INFO] [translate_to_chinese] status=SUCCESS, len=13
/Users/vincentnie/Library/Python/3.9/lib/python/site-packages/urllib3/__init__.py:35: NotOpenSSLWarning: urllib3 v2 only supports OpenSSL 1.1.1+, currently the 'ssl' module is compiled with 'LibreSSL 2.8.3'. See: https://github.com/urllib3/urllib3/issues/3020
  warnings.warn(
/Users/vincentnie/Library/Python/3.9/lib/python/site-packages/urllib3/__init__.py:35: NotOpenSSLWarning: urllib3 v2 only supports OpenSSL 1.1.1+, currently the 'ssl' module is compiled with 'LibreSSL 2.8.3'. See: https://github.com/urllib3/urllib3/issues/3020
  warnings.warn(
/Users/vincentnie/Library/Python/3.9/lib/python/site-packages/urllib3/connectionpool.py:1097: InsecureRequestWarning: Unverified HTTPS request is being made to host '127.0.0.1'. Adding certificate verification is strongly advised. See: https://urllib3.readthedocs.io/en/latest/advanced-usage.html#tls-warnings
  warnings.warn(
/Users/vincentnie/Library/Python/3.9/lib/python/site-packages/urllib3/connectionpool.py:1097: InsecureRequestWarning: Unverified HTTPS request is being made to host '127.0.0.1'. Adding certificate verification is strongly advised. See: https://urllib3.readthedocs.io/en/latest/advanced-usage.html#tls-warnings
  warnings.warn(
/Users/vincentnie/Library/Python/3.9/lib/python/site-packages/urllib3/connectionpool.py:1097: InsecureRequestWarning: Unverified HTTPS request is being made to host '127.0.0.1'. Adding certificate verification is strongly advised. See: https://urllib3.readthedocs.io/en/latest/advanced-usage.html#tls-warnings
  warnings.warn(
/Users/vincentnie/Library/Python/3.9/lib/python/site-packages/urllib3/connectionpool.py:1097: InsecureRequestWarning: Unverified HTTPS request is being made to host '127.0.0.1'. Adding certificate verification is strongly advised. See: https://urllib3.readthedocs.io/en/latest/advanced-usage.html#tls-warnings
  warnings.warn(
/Users/vincentnie/Library/Python/3.9/lib/python/site-packages/urllib3/connectionpool.py:1097: InsecureRequestWarning: Unverified HTTPS request is being made to host '127.0.0.1'. Adding certificate verification is strongly advised. See: https://urllib3.readthedocs.io/en/latest/advanced-usage.html#tls-warnings
  warnings.warn(
/Users/vincentnie/Library/Python/3.9/lib/python/site-packages/urllib3/connectionpool.py:1097: InsecureRequestWarning: Unverified HTTPS request is being made to host '127.0.0.1'. Adding certificate verification is strongly advised. See: https://urllib3.readthedocs.io/en/latest/advanced-usage.html#tls-warnings
  warnings.warn(
/Users/vincentnie/Library/Python/3.9/lib/python/site-packages/urllib3/connectionpool.py:1097: InsecureRequestWarning: Unverified HTTPS request is being made to host '127.0.0.1'. Adding certificate verification is strongly advised. See: https://urllib3.readthedocs.io/en/latest/advanced-usage.html#tls-warnings
  warnings.warn(
/Users/vincentnie/Library/Python/3.9/lib/python/site-packages/urllib3/connectionpool.py:1097: InsecureRequestWarning: Unverified HTTPS request is being made to host '127.0.0.1'. Adding certificate verification is strongly advised. See: https://urllib3.readthedocs.io/en/latest/advanced-usage.html#tls-warnings
  warnings.warn(
/Users/vincentnie/Library/Python/3.9/lib/python/site-packages/urllib3/connectionpool.py:1097: InsecureRequestWarning: Unverified HTTPS request is being made to host '127.0.0.1'. Adding certificate verification is strongly advised. See: https://urllib3.readthedocs.io/en/latest/advanced-usage.html#tls-warnings
  warnings.warn(
/Users/vincentnie/Library/Python/3.9/lib/python/site-packages/urllib3/connectionpool.py:1097: InsecureRequestWarning: Unverified HTTPS request is being made to host '127.0.0.1'. Adding certificate verification is strongly advised. See: https://urllib3.readthedocs.io/en/latest/advanced-usage.html#tls-warnings
  warnings.warn(
/Users/vincentnie/Library/Python/3.9/lib/python/site-packages/urllib3/connectionpool.py:1097: InsecureRequestWarning: Unverified HTTPS request is being made to host '127.0.0.1'. Adding certificate verification is strongly advised. See: https://urllib3.readthedocs.io/en/latest/advanced-usage.html#tls-warnings
  warnings.warn(
2026-05-02 04:02:31,506 [INFO] [MiniMax] 请求状态: 200, attempt=1
2026-05-02 04:02:31,508 [INFO] [MiniMax] 成功, 输出长度: 2783
2026-05-02 04:02:31,509 [INFO] [generate_podcast_summary] status=SUCCESS, len=2783
2026-05-02 04:03:04,361 [INFO] [MiniMax] 请求状态: 200, attempt=1
2026-05-02 04:03:04,363 [INFO] [MiniMax] 成功, 输出长度: 2733
2026-05-02 04:03:04,364 [INFO] [generate_podcast_summary] status=SUCCESS, len=2733
/Users/vincentnie/Library/Python/3.9/lib/python/site-packages/urllib3/__init__.py:35: NotOpenSSLWarning: urllib3 v2 only supports OpenSSL 1.1.1+, currently the 'ssl' module is compiled with 'LibreSSL 2.8.3'. See: https://github.com/urllib3/urllib3/issues/3020
  warnings.warn(
Deprecated Feature: Support for Python version 3.9 has been deprecated. Please update to Python 3.10 or above
WARNING: [youtube] iKx3gAODybU: Some web client https formats have been skipped as they are missing a url. YouTube is forcing SABR streaming for this client. See  https://github.com/yt-dlp/yt-dlp/issues/12482  for more details
WARNING: [youtube] vif8NQcjVf0: Some web client https formats have been skipped as they are missing a url. YouTube is forcing SABR streaming for this client. See  https://github.com/yt-dlp/yt-dlp/issues/12482  for more details
WARNING: [youtube] H9rF1CSSh-w: Some web client https formats have been skipped as they are missing a url. YouTube is forcing SABR streaming for this client. See  https://github.com/yt-dlp/yt-dlp/issues/12482  for more details
WARNING: [youtube] 1SJiTwbSI58: Some web client https formats have been skipped as they are missing a url. YouTube is forcing SABR streaming for this client. See  https://github.com/yt-dlp/yt-dlp/issues/12482  for more details
WARNING: [youtube] KGVpKPNUdzA: Some web client https formats have been skipped as they are missing a url. YouTube is forcing SABR streaming for this client. See  https://github.com/yt-dlp/yt-dlp/issues/12482  for more details
Deprecated Feature: Support for Python version 3.9 has been deprecated. Please update to Python 3.10 or above
WARNING: [youtube] dvVbA9OcBqs: Some web client https formats have been skipped as they are missing a url. YouTube is forcing SABR streaming for this client. See  https://github.com/yt-dlp/yt-dlp/issues/12482  for more details
WARNING: [youtube] 82HsvG1_Nqk: Some web client https formats have been skipped as they are missing a url. YouTube is forcing SABR streaming for this client. See  https://github.com/yt-dlp/yt-dlp/issues/12482  for more details
WARNING: [youtube] Mjc7vwys1vY: Some web client https formats have been skipped as they are missing a url. YouTube is forcing SABR streaming for this client. See  https://github.com/yt-dlp/yt-dlp/issues/12482  for more details
WARNING: [youtube] IZDJ3jcO5UY: Some web client https formats have been skipped as they are missing a url. YouTube is forcing SABR streaming for this client. See  https://github.com/yt-dlp/yt-dlp/issues/12482  for more details
WARNING: [youtube] yiJOTCRVWjc: Some web client https formats have been skipped as they are missing a url. YouTube is forcing SABR streaming for this client. See  https://github.com/yt-dlp/yt-dlp/issues/12482  for more details
Deprecated Feature: Support for Python version 3.9 has been deprecated. Please update to Python 3.10 or above
WARNING: [youtube] 9WQu7w1tII0: Some web client https formats have been skipped as they are missing a url. YouTube is forcing SABR streaming for this client. See  https://github.com/yt-dlp/yt-dlp/issues/12482  for more details
WARNING: [youtube] 1bCXCxrDsCs: Some web client https formats have been skipped as they are missing a url. YouTube is forcing SABR streaming for this client. See  https://github.com/yt-dlp/yt-dlp/issues/12482  for more details
WARNING: [youtube] SFdqX7IY7RY: Some web client https formats have been skipped as they are missing a url. YouTube is forcing SABR streaming for this client. See  https://github.com/yt-dlp/yt-dlp/issues/12482  for more details
WARNING: [youtube] DVBJQQCjgXU: Some web client https formats have been skipped as they are missing a url. YouTube is forcing SABR streaming for this client. See  https://github.com/yt-dlp/yt-dlp/issues/12482  for more details
WARNING: [youtube] MPAsUZEJHiM: Some web client https formats have been skipped as they are missing a url. YouTube is forcing SABR streaming for this client. See  https://github.com/yt-dlp/yt-dlp/issues/12482  for more details
Deprecated Feature: Support for Python version 3.9 has been deprecated. Please update to Python 3.10 or above
WARNING: [youtube] 6LkMI6uvqZY: Some web client https formats have been skipped as they are missing a url. YouTube is forcing SABR streaming for this client. See  https://github.com/yt-dlp/yt-dlp/issues/12482  for more details
WARNING: [youtube] e4rTYZYRGao: Some web client https formats have been skipped as they are missing a url. YouTube is forcing SABR streaming for this client. See  https://github.com/yt-dlp/yt-dlp/issues/12482  for more details
WARNING: [youtube] UQZooauU-FQ: Some web client https formats have been skipped as they are missing a url. YouTube is forcing SABR streaming for this client. See  https://github.com/yt-dlp/yt-dlp/issues/12482  for more details
WARNING: [youtube] JmFKaqJg5X4: Some web client https formats have been skipped as they are missing a url. YouTube is forcing SABR streaming for this client. See  https://github.com/yt-dlp/yt-dlp/issues/12482  for more details
WARNING: [youtube] uVxltd_Xv5E: Some web client https formats have been skipped as they are missing a url. YouTube is forcing SABR streaming for this client. See  https://github.com/yt-dlp/yt-dlp/issues/12482  for more details
Deprecated Feature: Support for Python version 3.9 has been deprecated. Please update to Python 3.10 or above
WARNING: [youtube] H35FjMDdkSg: Some web client https formats have been skipped as they are missing a url. YouTube is forcing SABR streaming for this client. See  https://github.com/yt-dlp/yt-dlp/issues/12482  for more details
WARNING: [youtube] EjRIfA30neg: Some web client https formats have been skipped as they are missing a url. YouTube is forcing SABR streaming for this client. See  https://github.com/yt-dlp/yt-dlp/issues/12482  for more details
WARNING: [youtube] sXDx9zl8ALM: Some web client https formats have been skipped as they are missing a url. YouTube is forcing SABR streaming for this client. See  https://github.com/yt-dlp/yt-dlp/issues/12482  for more details
WARNING: [youtube] ifRbIzAFIJE: Some web client https formats have been skipped as they are missing a url. YouTube is forcing SABR streaming for this client. See  https://github.com/yt-dlp/yt-dlp/issues/12482  for more details
WARNING: [youtube] DFARVLSfIFk: Some web client https formats have been skipped as they are missing a url. YouTube is forcing SABR streaming for this client. See  https://github.com/yt-dlp/yt-dlp/issues/12482  for more details
Deprecated Feature: Support for Python version 3.9 has been deprecated. Please update to Python 3.10 or above
WARNING: [youtube] 5e0ujKe66vM: Some web client https formats have been skipped as they are missing a url. YouTube is forcing SABR streaming for this client. See  https://github.com/yt-dlp/yt-dlp/issues/12482  for more details
WARNING: [youtube] 2fYU50qbkHk: Some web client https formats have been skipped as they are missing a url. YouTube is forcing SABR streaming for this client. See  https://github.com/yt-dlp/yt-dlp/issues/12482  for more details
WARNING: [youtube] y8cusdjYXdo: Some web client https formats have been skipped as they are missing a url. YouTube is forcing SABR streaming for this client. See  https://github.com/yt-dlp/yt-dlp/issues/12482  for more details
WARNING: [youtube] utR1XtXKBw8: Some web client https formats have been skipped as they are missing a url. YouTube is forcing SABR streaming for this client. See  https://github.com/yt-dlp/yt-dlp/issues/12482  for more details
WARNING: [youtube] CtcY3uofOe8: Some web client https formats have been skipped as they are missing a url. YouTube is forcing SABR streaming for this client. See  https://github.com/yt-dlp/yt-dlp/issues/12482  for more details
Deprecated Feature: Support for Python version 3.9 has been deprecated. Please update to Python 3.10 or above
WARNING: [youtube] Zk3FX8ZXa-s: Some web client https formats have been skipped as they are missing a url. YouTube is forcing SABR streaming for this client. See  https://github.com/yt-dlp/yt-dlp/issues/12482  for more details
WARNING: [youtube] rTM95-gZtOs: Some web client https formats have been skipped as they are missing a url. YouTube is forcing SABR streaming for this client. See  https://github.com/yt-dlp/yt-dlp/issues/12482  for more details
WARNING: [youtube] PJGIWDW_W2A: Some web client https formats have been skipped as they are missing a url. YouTube is forcing SABR streaming for this client. See  https://github.com/yt-dlp/yt-dlp/issues/12482  for more details
WARNING: [youtube] zocwmW5wZe8: Some web client https formats have been skipped as they are missing a url. YouTube is forcing SABR streaming for this client. See  https://github.com/yt-dlp/yt-dlp/issues/12482  for more details
WARNING: [youtube] L7FF8Zgab3M: Some web client https formats have been skipped as they are missing a url. YouTube is forcing SABR streaming for this client. See  https://github.com/yt-dlp/yt-dlp/issues/12482  for more details
Deprecated Feature: Support for Python version 3.9 has been deprecated. Please update to Python 3.10 or above
WARNING: [youtube] flvZ6jEj3VU: Some web client https formats have been skipped as they are missing a url. YouTube is forcing SABR streaming for this client. See  https://github.com/yt-dlp/yt-dlp/issues/12482  for more details
WARNING: [youtube] eHe2F10TlV4: Some web client https formats have been skipped as they are missing a url. YouTube is forcing SABR streaming for this client. See  https://github.com/yt-dlp/yt-dlp/issues/12482  for more details
WARNING: [youtube] kktBVmjA19A: Some web client https formats have been skipped as they are missing a url. YouTube is forcing SABR streaming for this client. See  https://github.com/yt-dlp/yt-dlp/issues/12482  for more details
WARNING: [youtube] vD_4Hce2G_w: Some web client https formats have been skipped as they are missing a url. YouTube is forcing SABR streaming for this client. See  https://github.com/yt-dlp/yt-dlp/issues/12482  for more details
WARNING: [youtube] 9R_6bLLyM5k: Some web client https formats have been skipped as they are missing a url. YouTube is forcing SABR streaming for this client. See  https://github.com/yt-dlp/yt-dlp/issues/12482  for more details
Deprecated Feature: Support for Python version 3.9 has been deprecated. Please update to Python 3.10 or above
WARNING: [youtube] RCbJKkG_mZs: Some web client https formats have been skipped as they are missing a url. YouTube is forcing SABR streaming for this client. See  https://github.com/yt-dlp/yt-dlp/issues/12482  for more details
WARNING: [youtube] D8ohmtB8MdI: Some web client https formats have been skipped as they are missing a url. YouTube is forcing SABR streaming for this client. See  https://github.com/yt-dlp/yt-dlp/issues/12482  for more details
WARNING: [youtube] 4IM866W7yGc: Some web client https formats have been skipped as they are missing a url. YouTube is forcing SABR streaming for this client. See  https://github.com/yt-dlp/yt-dlp/issues/12482  for more details
WARNING: [youtube] Bj0i-yvIUQs: Some web client https formats have been skipped as they are missing a url. YouTube is forcing SABR streaming for this client. See  https://github.com/yt-dlp/yt-dlp/issues/12482  for more details
WARNING: [youtube] LVvleNtllPk: Some web client https formats have been skipped as they are missing a url. YouTube is forcing SABR streaming for this client. See  https://github.com/yt-dlp/yt-dlp/issues/12482  for more details
Deprecated Feature: Support for Python version 3.9 has been deprecated. Please update to Python 3.10 or above
WARNING: [youtube] jLFG_FZKbks: Some web client https formats have been skipped as they are missing a url. YouTube is forcing SABR streaming for this client. See  https://github.com/yt-dlp/yt-dlp/issues/12482  for more details
WARNING: [youtube] PnpHwhTWw0c: Some web client https formats have been skipped as they are missing a url. YouTube is forcing SABR streaming for this client. See  https://github.com/yt-dlp/yt-dlp/issues/12482  for more details
WARNING: [youtube] m-nnyNZ0TQ0: Some web client https formats have been skipped as they are missing a url. YouTube is forcing SABR streaming for this client. See  https://github.com/yt-dlp/yt-dlp/issues/12482  for more details
WARNING: [youtube] jt5hHb6kzYM: Some web client https formats have been skipped as they are missing a url. YouTube is forcing SABR streaming for this client. See  https://github.com/yt-dlp/yt-dlp/issues/12482  for more details
WARNING: [youtube] EVts3Ui_0AI: Some web client https formats have been skipped as they are missing a url. YouTube is forcing SABR streaming for this client. See  https://github.com/yt-dlp/yt-dlp/issues/12482  for more details
Deprecated Feature: Support for Python version 3.9 has been deprecated. Please update to Python 3.10 or above
WARNING: [youtube] i9TvUGeTltE: Some web client https formats have been skipped as they are missing a url. YouTube is forcing SABR streaming for this client. See  https://github.com/yt-dlp/yt-dlp/issues/12482  for more details
WARNING: [youtube] 7YrdI7h2XoY: Some web client https formats have been skipped as they are missing a url. YouTube is forcing SABR streaming for this client. See  https://github.com/yt-dlp/yt-dlp/issues/12482  for more details
WARNING: [youtube] c347oYQO57A: Some web client https formats have been skipped as they are missing a url. YouTube is forcing SABR streaming for this client. See  https://github.com/yt-dlp/yt-dlp/issues/12482  for more details
WARNING: [youtube] 5aS-8QCRdGE: Some web client https formats have been skipped as they are missing a url. YouTube is forcing SABR streaming for this client. See  https://github.com/yt-dlp/yt-dlp/issues/12482  for more details
WARNING: [youtube] Hc0aqOEU2w8: Some web client https formats have been skipped as they are missing a url. YouTube is forcing SABR streaming for this client. See  https://github.com/yt-dlp/yt-dlp/issues/12482  for more details
Deprecated Feature: Support for Python version 3.9 has been deprecated. Please update to Python 3.10 or above
WARNING: [youtube] i9TvUGeTltE: Some web client https formats have been skipped as they are missing a url. YouTube is forcing SABR streaming for this client. See  https://github.com/yt-dlp/yt-dlp/issues/12482  for more details
WARNING: [youtube] 7YrdI7h2XoY: Some web client https formats have been skipped as they are missing a url. YouTube is forcing SABR streaming for this client. See  https://github.com/yt-dlp/yt-dlp/issues/12482  for more details
WARNING: [youtube] c347oYQO57A: Some web client https formats have been skipped as they are missing a url. YouTube is forcing SABR streaming for this client. See  https://github.com/yt-dlp/yt-dlp/issues/12482  for more details
WARNING: [youtube] 5aS-8QCRdGE: Some web client https formats have been skipped as they are missing a url. YouTube is forcing SABR streaming for this client. See  https://github.com/yt-dlp/yt-dlp/issues/12482  for more details
WARNING: [youtube] Hc0aqOEU2w8: Some web client https formats have been skipped as they are missing a url. YouTube is forcing SABR streaming for this client. See  https://github.com/yt-dlp/yt-dlp/issues/12482  for more details
2026-05-02 04:06:59,385 [INFO] [MiniMax] 请求状态: 200, attempt=1
2026-05-02 04:06:59,387 [INFO] [MiniMax] 成功, 输出长度: 31
2026-05-02 04:06:59,388 [INFO] [translate_to_chinese] status=SUCCESS, len=31
2026-05-02 04:07:37,585 [INFO] [MiniMax] 请求状态: 200, attempt=1
2026-05-02 04:07:37,586 [INFO] [MiniMax] 成功, 输出长度: 2852
2026-05-02 04:07:37,588 [INFO] [generate_youtube_summary] status=SUCCESS, len=2852
2026-05-02 04:07:42,409 [INFO] [MiniMax] 请求状态: 200, attempt=1
2026-05-02 04:07:42,410 [INFO] [MiniMax] 成功, 输出长度: 49
2026-05-02 04:07:42,411 [INFO] [translate_to_chinese] status=SUCCESS, len=49
2026-05-02 04:08:20,572 [INFO] [MiniMax] 请求状态: 200, attempt=1
2026-05-02 04:08:20,573 [INFO] [MiniMax] 成功, 输出长度: 2815
2026-05-02 04:08:20,574 [INFO] [generate_youtube_summary] status=SUCCESS, len=2815
2026-05-02 04:08:25,538 [INFO] [MiniMax] 请求状态: 200, attempt=1
2026-05-02 04:08:25,538 [INFO] [MiniMax] 成功, 输出长度: 41
2026-05-02 04:08:25,539 [INFO] [translate_to_chinese] status=SUCCESS, len=41
2026-05-02 04:08:56,567 [INFO] [MiniMax] 请求状态: 200, attempt=1
2026-05-02 04:08:56,569 [INFO] [MiniMax] 成功, 输出长度: 2437
2026-05-02 04:08:56,570 [INFO] [generate_youtube_summary] status=SUCCESS, len=2437
2026-05-02 04:09:01,738 [INFO] [MiniMax] 请求状态: 200, attempt=1
2026-05-02 04:09:01,738 [INFO] [MiniMax] 成功, 输出长度: 18
2026-05-02 04:09:01,740 [INFO] [translate_to_chinese] status=SUCCESS, len=18
2026-05-02 04:09:25,051 [INFO] [MiniMax] 请求状态: 200, attempt=1
2026-05-02 04:09:25,053 [INFO] [MiniMax] 成功, 输出长度: 1878
2026-05-02 04:09:25,055 [INFO] [generate_youtube_summary] status=SUCCESS, len=1878
2026-05-02 04:09:35,087 [INFO] [MiniMax] 请求状态: 200, attempt=1
2026-05-02 04:09:35,088 [INFO] [MiniMax] 成功, 输出长度: 41
2026-05-02 04:09:35,089 [INFO] [translate_to_chinese] status=SUCCESS, len=41
2026-05-02 04:10:08,336 [INFO] [MiniMax] 请求状态: 200, attempt=1
2026-05-02 04:10:08,338 [INFO] [MiniMax] 成功, 输出长度: 2848
2026-05-02 04:10:08,339 [INFO] [generate_youtube_summary] status=SUCCESS, len=2848
2026-05-02 04:10:16,386 [INFO] [MiniMax] 请求状态: 200, attempt=1
2026-05-02 04:10:16,386 [INFO] [MiniMax] 成功, 输出长度: 31
2026-05-02 04:10:16,387 [INFO] [translate_to_chinese] status=SUCCESS, len=31
2026-05-02 04:10:39,077 [INFO] [MiniMax] 请求状态: 200, attempt=1
2026-05-02 04:10:39,078 [INFO] [MiniMax] 成功, 输出长度: 1573
2026-05-02 04:10:39,080 [INFO] [generate_youtube_summary] status=SUCCESS, len=1573
2026-05-02 04:10:45,574 [INFO] [MiniMax] 请求状态: 200, attempt=1
2026-05-02 04:10:45,575 [INFO] [MiniMax] 成功, 输出长度: 31
2026-05-02 04:10:45,576 [INFO] [translate_to_chinese] status=SUCCESS, len=31
2026-05-02 04:11:36,310 [INFO] [MiniMax] 请求状态: 200, attempt=1
2026-05-02 04:11:36,312 [INFO] [MiniMax] 成功, 输出长度: 3819
2026-05-02 04:11:36,313 [INFO] [generate_youtube_summary] status=SUCCESS, len=3819
2026-05-02 04:11:42,352 [INFO] [MiniMax] 请求状态: 200, attempt=1
2026-05-02 04:11:42,352 [INFO] [MiniMax] 成功, 输出长度: 20
2026-05-02 04:11:42,354 [INFO] [translate_to_chinese] status=SUCCESS, len=20
2026-05-02 04:12:16,515 [INFO] [MiniMax] 请求状态: 200, attempt=1
2026-05-02 04:12:16,517 [INFO] [MiniMax] 成功, 输出长度: 2400
2026-05-02 04:12:16,519 [INFO] [generate_youtube_summary] status=SUCCESS, len=2400
2026-05-02 04:12:31,359 [INFO] [MiniMax] 请求状态: 200, attempt=1
2026-05-02 04:12:31,360 [INFO] [MiniMax] 成功, 输出长度: 33
2026-05-02 04:12:31,362 [INFO] [translate_to_chinese] status=SUCCESS, len=33
2026-05-02 04:13:20,622 [INFO] [MiniMax] 请求状态: 200, attempt=1
2026-05-02 04:13:20,624 [INFO] [MiniMax] 成功, 输出长度: 3813
2026-05-02 04:13:20,626 [INFO] [generate_youtube_summary] status=SUCCESS, len=3813
2026-05-02 04:13:30,534 [INFO] [MiniMax] 请求状态: 200, attempt=1
2026-05-02 04:13:30,536 [INFO] [MiniMax] 成功, 输出长度: 34
2026-05-02 04:13:30,538 [INFO] [translate_to_chinese] status=SUCCESS, len=34
2026-05-02 04:14:12,769 [INFO] [MiniMax] 请求状态: 200, attempt=1
2026-05-02 04:14:12,771 [INFO] [MiniMax] 成功, 输出长度: 1760
2026-05-02 04:14:12,773 [INFO] [generate_youtube_summary] status=SUCCESS, len=1760
2026-05-02 04:14:17,416 [INFO] [MiniMax] 请求状态: 200, attempt=1
2026-05-02 04:14:17,417 [INFO] [MiniMax] 成功, 输出长度: 26
2026-05-02 04:14:17,418 [INFO] [translate_to_chinese] status=SUCCESS, len=26
2026-05-02 04:14:40,206 [INFO] [MiniMax] 请求状态: 200, attempt=1
2026-05-02 04:14:40,207 [INFO] [MiniMax] 成功, 输出长度: 1797
2026-05-02 04:14:40,208 [INFO] [generate_youtube_summary] status=SUCCESS, len=1797
2026-05-02 04:14:47,863 [INFO] [MiniMax] 请求状态: 200, attempt=1
2026-05-02 04:14:47,864 [INFO] [MiniMax] 成功, 输出长度: 29
2026-05-02 04:14:47,865 [INFO] [translate_to_chinese] status=SUCCESS, len=29
2026-05-02 04:15:36,872 [INFO] [MiniMax] 请求状态: 200, attempt=1
2026-05-02 04:15:36,873 [INFO] [MiniMax] 成功, 输出长度: 2864
2026-05-02 04:15:36,875 [INFO] [generate_youtube_summary] status=SUCCESS, len=2864
2026-05-02 04:15:43,078 [INFO] [MiniMax] 请求状态: 200, attempt=1
2026-05-02 04:15:43,079 [INFO] [MiniMax] 成功, 输出长度: 22
2026-05-02 04:15:43,080 [INFO] [translate_to_chinese] status=SUCCESS, len=22
2026-05-02 04:16:28,015 [INFO] [MiniMax] 请求状态: 200, attempt=1
2026-05-02 04:16:28,016 [INFO] [MiniMax] 成功, 输出长度: 2934
2026-05-02 04:16:28,018 [INFO] [generate_youtube_summary] status=SUCCESS, len=2934
2026-05-02 04:16:33,033 [INFO] [MiniMax] 请求状态: 200, attempt=1
2026-05-02 04:16:33,034 [INFO] [MiniMax] 成功, 输出长度: 21
2026-05-02 04:16:33,035 [INFO] [translate_to_chinese] status=SUCCESS, len=21
2026-05-02 04:17:06,252 [INFO] [MiniMax] 请求状态: 200, attempt=1
2026-05-02 04:17:06,253 [INFO] [MiniMax] 成功, 输出长度: 2574
2026-05-02 04:17:06,255 [INFO] [generate_youtube_summary] status=SUCCESS, len=2574
2026-05-02 04:17:12,400 [INFO] [MiniMax] 请求状态: 200, attempt=1
2026-05-02 04:17:12,401 [INFO] [MiniMax] 成功, 输出长度: 27
2026-05-02 04:17:12,402 [INFO] [translate_to_chinese] status=SUCCESS, len=27
2026-05-02 04:17:46,393 [INFO] [MiniMax] 请求状态: 200, attempt=1
2026-05-02 04:17:46,397 [INFO] [MiniMax] 成功, 输出长度: 3246
2026-05-02 04:17:46,401 [INFO] [generate_youtube_summary] status=SUCCESS, len=3246
2026-05-02 04:17:54,050 [INFO] [MiniMax] 请求状态: 200, attempt=1
2026-05-02 04:17:54,051 [INFO] [MiniMax] 成功, 输出长度: 20
2026-05-02 04:17:54,052 [INFO] [translate_to_chinese] status=SUCCESS, len=20
2026-05-02 04:18:33,907 [INFO] [MiniMax] 请求状态: 200, attempt=1
2026-05-02 04:18:33,909 [INFO] [MiniMax] 成功, 输出长度: 3098
2026-05-02 04:18:33,911 [INFO] [generate_youtube_summary] status=SUCCESS, len=3098
2026-05-02 04:18:41,270 [INFO] [MiniMax] 请求状态: 200, attempt=1
2026-05-02 04:18:41,271 [INFO] [MiniMax] 成功, 输出长度: 63
2026-05-02 04:18:41,273 [INFO] [translate_to_chinese] status=SUCCESS, len=63
2026-05-02 04:19:12,468 [INFO] [MiniMax] 请求状态: 200, attempt=1
2026-05-02 04:19:12,469 [INFO] [MiniMax] 成功, 输出长度: 3142
2026-05-02 04:19:12,471 [INFO] [generate_youtube_summary] status=SUCCESS, len=3142
2026-05-02 04:19:19,240 [INFO] [MiniMax] 请求状态: 200, attempt=1
2026-05-02 04:19:19,241 [INFO] [MiniMax] 成功, 输出长度: 56
2026-05-02 04:19:19,242 [INFO] [translate_to_chinese] status=SUCCESS, len=56
2026-05-02 04:20:14,903 [INFO] [MiniMax] 请求状态: 200, attempt=1
2026-05-02 04:20:14,905 [INFO] [MiniMax] 成功, 输出长度: 5117
2026-05-02 04:20:14,906 [INFO] [generate_youtube_summary] status=SUCCESS, len=5117
2026-05-02 04:20:23,055 [INFO] [MiniMax] 请求状态: 200, attempt=1
2026-05-02 04:20:23,056 [INFO] [MiniMax] 成功, 输出长度: 43
2026-05-02 04:20:23,057 [INFO] [translate_to_chinese] status=SUCCESS, len=43
2026-05-02 04:20:58,055 [INFO] [MiniMax] 请求状态: 200, attempt=1
2026-05-02 04:20:58,056 [INFO] [MiniMax] 成功, 输出长度: 2950
2026-05-02 04:20:58,058 [INFO] [generate_youtube_summary] status=SUCCESS, len=2950
/Users/vincentnie/Library/Python/3.9/lib/python/site-packages/urllib3/__init__.py:35: NotOpenSSLWarning: urllib3 v2 only supports OpenSSL 1.1.1+, currently the 'ssl' module is compiled with 'LibreSSL 2.8.3'. See: https://github.com/urllib3/urllib3/issues/3020
  warnings.warn(
/Users/vincentnie/Library/Python/3.9/lib/python/site-packages/urllib3/__init__.py:35: NotOpenSSLWarning: urllib3 v2 only supports OpenSSL 1.1.1+, currently the 'ssl' module is compiled with 'LibreSSL 2.8.3'. See: https://github.com/urllib3/urllib3/issues/3020
  warnings.warn(
/Users/vincentnie/Library/Python/3.9/lib/python/site-packages/urllib3/connectionpool.py:1097: InsecureRequestWarning: Unverified HTTPS request is being made to host '127.0.0.1'. Adding certificate verification is strongly advised. See: https://urllib3.readthedocs.io/en/latest/advanced-usage.html#tls-warnings
  warnings.warn(
/Users/vincentnie/Library/Python/3.9/lib/python/site-packages/urllib3/connectionpool.py:1097: InsecureRequestWarning: Unverified HTTPS request is being made to host '127.0.0.1'. Adding certificate verification is strongly advised. See: https://urllib3.readthedocs.io/en/latest/advanced-usage.html#tls-warnings
  warnings.warn(
/Users/vincentnie/Library/Python/3.9/lib/python/site-packages/urllib3/connectionpool.py:1097: InsecureRequestWarning: Unverified HTTPS request is being made to host '127.0.0.1'. Adding certificate verification is strongly advised. See: https://urllib3.readthedocs.io/en/latest/advanced-usage.html#tls-warnings
  warnings.warn(
/Users/vincentnie/Library/Python/3.9/lib/python/site-packages/urllib3/connectionpool.py:1097: InsecureRequestWarning: Unverified HTTPS request is being made to host '127.0.0.1'. Adding certificate verification is strongly advised. See: https://urllib3.readthedocs.io/en/latest/advanced-usage.html#tls-warnings
  warnings.warn(
/Users/vincentnie/Library/Python/3.9/lib/python/site-packages/urllib3/connectionpool.py:1097: InsecureRequestWarning: Unverified HTTPS request is being made to host '127.0.0.1'. Adding certificate verification is strongly advised. See: https://urllib3.readthedocs.io/en/latest/advanced-usage.html#tls-warnings
  warnings.warn(
/Users/vincentnie/Library/Python/3.9/lib/python/site-packages/urllib3/connectionpool.py:1097: InsecureRequestWarning: Unverified HTTPS request is being made to host '127.0.0.1'. Adding certificate verification is strongly advised. See: https://urllib3.readthedocs.io/en/latest/advanced-usage.html#tls-warnings
  warnings.warn(
/Users/vincentnie/Library/Python/3.9/lib/python/site-packages/urllib3/connectionpool.py:1097: InsecureRequestWarning: Unverified HTTPS request is being made to host '127.0.0.1'. Adding certificate verification is strongly advised. See: https://urllib3.readthedocs.io/en/latest/advanced-usage.html#tls-warnings
  warnings.warn(
/Users/vincentnie/Library/Python/3.9/lib/python/site-packages/urllib3/connectionpool.py:1097: InsecureRequestWarning: Unverified HTTPS request is being made to host '127.0.0.1'. Adding certificate verification is strongly advised. See: https://urllib3.readthedocs.io/en/latest/advanced-usage.html#tls-warnings
  warnings.warn(
/Users/vincentnie/Library/Python/3.9/lib/python/site-packages/urllib3/connectionpool.py:1097: InsecureRequestWarning: Unverified HTTPS request is being made to host '127.0.0.1'. Adding certificate verification is strongly advised. See: https://urllib3.readthedocs.io/en/latest/advanced-usage.html#tls-warnings
  warnings.warn(
/Users/vincentnie/Library/Python/3.9/lib/python/site-packages/urllib3/connectionpool.py:1097: InsecureRequestWarning: Unverified HTTPS request is being made to host '127.0.0.1'. Adding certificate verification is strongly advised. See: https://urllib3.readthedocs.io/en/latest/advanced-usage.html#tls-warnings
  warnings.warn(
/Users/vincentnie/Library/Python/3.9/lib/python/site-packages/urllib3/connectionpool.py:1097: InsecureRequestWarning: Unverified HTTPS request is being made to host '127.0.0.1'. Adding certificate verification is strongly advised. See: https://urllib3.readthedocs.io/en/latest/advanced-usage.html#tls-warnings
  warnings.warn(
2026-05-03 04:02:00,965 [INFO] [MiniMax] 请求状态: 200, attempt=1
2026-05-03 04:02:00,967 [INFO] [MiniMax] 成功, 输出长度: 1822
2026-05-03 04:02:00,969 [INFO] [generate_podcast_summary] status=SUCCESS, len=1822
2026-05-03 04:03:03,488 [ERROR] [MiniMax] 请求异常: HTTPSConnectionPool(host='api.minimax.chat', port=443): Read timed out. (read timeout=60), attempt=1/3
2026-05-03 04:03:44,080 [INFO] [MiniMax] 请求状态: 200, attempt=2
2026-05-03 04:03:44,082 [INFO] [MiniMax] 成功, 输出长度: 2449
2026-05-03 04:03:44,082 [INFO] [generate_podcast_summary] status=SUCCESS, len=2449
/Users/vincentnie/Library/Python/3.9/lib/python/site-packages/urllib3/__init__.py:35: NotOpenSSLWarning: urllib3 v2 only supports OpenSSL 1.1.1+, currently the 'ssl' module is compiled with 'LibreSSL 2.8.3'. See: https://github.com/urllib3/urllib3/issues/3020
  warnings.warn(
Deprecated Feature: Support for Python version 3.9 has been deprecated. Please update to Python 3.10 or above
WARNING: [youtube] iKx3gAODybU: Some web client https formats have been skipped as they are missing a url. YouTube is forcing SABR streaming for this client. See  https://github.com/yt-dlp/yt-dlp/issues/12482  for more details
WARNING: [youtube] vif8NQcjVf0: Some web client https formats have been skipped as they are missing a url. YouTube is forcing SABR streaming for this client. See  https://github.com/yt-dlp/yt-dlp/issues/12482  for more details
WARNING: [youtube] H9rF1CSSh-w: Some web client https formats have been skipped as they are missing a url. YouTube is forcing SABR streaming for this client. See  https://github.com/yt-dlp/yt-dlp/issues/12482  for more details
WARNING: [youtube] 1SJiTwbSI58: Some web client https formats have been skipped as they are missing a url. YouTube is forcing SABR streaming for this client. See  https://github.com/yt-dlp/yt-dlp/issues/12482  for more details
WARNING: [youtube] KGVpKPNUdzA: Some web client https formats have been skipped as they are missing a url. YouTube is forcing SABR streaming for this client. See  https://github.com/yt-dlp/yt-dlp/issues/12482  for more details
Deprecated Feature: Support for Python version 3.9 has been deprecated. Please update to Python 3.10 or above
WARNING: [youtube] dvVbA9OcBqs: Some web client https formats have been skipped as they are missing a url. YouTube is forcing SABR streaming for this client. See  https://github.com/yt-dlp/yt-dlp/issues/12482  for more details
WARNING: [youtube] 82HsvG1_Nqk: Some web client https formats have been skipped as they are missing a url. YouTube is forcing SABR streaming for this client. See  https://github.com/yt-dlp/yt-dlp/issues/12482  for more details
WARNING: [youtube] Mjc7vwys1vY: Some web client https formats have been skipped as they are missing a url. YouTube is forcing SABR streaming for this client. See  https://github.com/yt-dlp/yt-dlp/issues/12482  for more details
WARNING: [youtube] IZDJ3jcO5UY: Some web client https formats have been skipped as they are missing a url. YouTube is forcing SABR streaming for this client. See  https://github.com/yt-dlp/yt-dlp/issues/12482  for more details
WARNING: [youtube] yiJOTCRVWjc: Some web client https formats have been skipped as they are missing a url. YouTube is forcing SABR streaming for this client. See  https://github.com/yt-dlp/yt-dlp/issues/12482  for more details
Deprecated Feature: Support for Python version 3.9 has been deprecated. Please update to Python 3.10 or above
WARNING: [youtube] fpC4sbawSzQ: Some web client https formats have been skipped as they are missing a url. YouTube is forcing SABR streaming for this client. See  https://github.com/yt-dlp/yt-dlp/issues/12482  for more details
WARNING: [youtube] 9WQu7w1tII0: Some web client https formats have been skipped as they are missing a url. YouTube is forcing SABR streaming for this client. See  https://github.com/yt-dlp/yt-dlp/issues/12482  for more details
WARNING: [youtube] 1bCXCxrDsCs: Some web client https formats have been skipped as they are missing a url. YouTube is forcing SABR streaming for this client. See  https://github.com/yt-dlp/yt-dlp/issues/12482  for more details
WARNING: [youtube] SFdqX7IY7RY: Some web client https formats have been skipped as they are missing a url. YouTube is forcing SABR streaming for this client. See  https://github.com/yt-dlp/yt-dlp/issues/12482  for more details
WARNING: [youtube] DVBJQQCjgXU: Some web client https formats have been skipped as they are missing a url. YouTube is forcing SABR streaming for this client. See  https://github.com/yt-dlp/yt-dlp/issues/12482  for more details
Deprecated Feature: Support for Python version 3.9 has been deprecated. Please update to Python 3.10 or above
WARNING: [youtube] 6LkMI6uvqZY: Some web client https formats have been skipped as they are missing a url. YouTube is forcing SABR streaming for this client. See  https://github.com/yt-dlp/yt-dlp/issues/12482  for more details
WARNING: [youtube] e4rTYZYRGao: Some web client https formats have been skipped as they are missing a url. YouTube is forcing SABR streaming for this client. See  https://github.com/yt-dlp/yt-dlp/issues/12482  for more details
WARNING: [youtube] UQZooauU-FQ: Some web client https formats have been skipped as they are missing a url. YouTube is forcing SABR streaming for this client. See  https://github.com/yt-dlp/yt-dlp/issues/12482  for more details
WARNING: [youtube] JmFKaqJg5X4: Some web client https formats have been skipped as they are missing a url. YouTube is forcing SABR streaming for this client. See  https://github.com/yt-dlp/yt-dlp/issues/12482  for more details
WARNING: [youtube] uVxltd_Xv5E: Some web client https formats have been skipped as they are missing a url. YouTube is forcing SABR streaming for this client. See  https://github.com/yt-dlp/yt-dlp/issues/12482  for more details
Deprecated Feature: Support for Python version 3.9 has been deprecated. Please update to Python 3.10 or above
WARNING: [youtube] hzCBy0fbNmY: Some web client https formats have been skipped as they are missing a url. YouTube is forcing SABR streaming for this client. See  https://github.com/yt-dlp/yt-dlp/issues/12482  for more details
WARNING: [youtube] kAq2g7tLVc0: Some web client https formats have been skipped as they are missing a url. YouTube is forcing SABR streaming for this client. See  https://github.com/yt-dlp/yt-dlp/issues/12482  for more details
WARNING: [youtube] H35FjMDdkSg: Some web client https formats have been skipped as they are missing a url. YouTube is forcing SABR streaming for this client. See  https://github.com/yt-dlp/yt-dlp/issues/12482  for more details
WARNING: [youtube] EjRIfA30neg: Some web client https formats have been skipped as they are missing a url. YouTube is forcing SABR streaming for this client. See  https://github.com/yt-dlp/yt-dlp/issues/12482  for more details
WARNING: [youtube] sXDx9zl8ALM: Some web client https formats have been skipped as they are missing a url. YouTube is forcing SABR streaming for this client. See  https://github.com/yt-dlp/yt-dlp/issues/12482  for more details
Deprecated Feature: Support for Python version 3.9 has been deprecated. Please update to Python 3.10 or above
WARNING: [youtube] 76_9x4YyFyQ: Some web client https formats have been skipped as they are missing a url. YouTube is forcing SABR streaming for this client. See  https://github.com/yt-dlp/yt-dlp/issues/12482  for more details
WARNING: [youtube] 5e0ujKe66vM: Some web client https formats have been skipped as they are missing a url. YouTube is forcing SABR streaming for this client. See  https://github.com/yt-dlp/yt-dlp/issues/12482  for more details
WARNING: [youtube] 2fYU50qbkHk: Some web client https formats have been skipped as they are missing a url. YouTube is forcing SABR streaming for this client. See  https://github.com/yt-dlp/yt-dlp/issues/12482  for more details
WARNING: [youtube] y8cusdjYXdo: Some web client https formats have been skipped as they are missing a url. YouTube is forcing SABR streaming for this client. See  https://github.com/yt-dlp/yt-dlp/issues/12482  for more details
WARNING: [youtube] utR1XtXKBw8: Some web client https formats have been skipped as they are missing a url. YouTube is forcing SABR streaming for this client. See  https://github.com/yt-dlp/yt-dlp/issues/12482  for more details
Deprecated Feature: Support for Python version 3.9 has been deprecated. Please update to Python 3.10 or above
WARNING: [youtube] pN-LfxNFiTc: Some web client https formats have been skipped as they are missing a url. YouTube is forcing SABR streaming for this client. See  https://github.com/yt-dlp/yt-dlp/issues/12482  for more details
WARNING: [youtube] Zk3FX8ZXa-s: Some web client https formats have been skipped as they are missing a url. YouTube is forcing SABR streaming for this client. See  https://github.com/yt-dlp/yt-dlp/issues/12482  for more details
WARNING: [youtube] rTM95-gZtOs: Some web client https formats have been skipped as they are missing a url. YouTube is forcing SABR streaming for this client. See  https://github.com/yt-dlp/yt-dlp/issues/12482  for more details
WARNING: [youtube] PJGIWDW_W2A: Some web client https formats have been skipped as they are missing a url. YouTube is forcing SABR streaming for this client. See  https://github.com/yt-dlp/yt-dlp/issues/12482  for more details
WARNING: [youtube] zocwmW5wZe8: Some web client https formats have been skipped as they are missing a url. YouTube is forcing SABR streaming for this client. See  https://github.com/yt-dlp/yt-dlp/issues/12482  for more details
Deprecated Feature: Support for Python version 3.9 has been deprecated. Please update to Python 3.10 or above
WARNING: [youtube] flvZ6jEj3VU: Some web client https formats have been skipped as they are missing a url. YouTube is forcing SABR streaming for this client. See  https://github.com/yt-dlp/yt-dlp/issues/12482  for more details
WARNING: [youtube] eHe2F10TlV4: Some web client https formats have been skipped as they are missing a url. YouTube is forcing SABR streaming for this client. See  https://github.com/yt-dlp/yt-dlp/issues/12482  for more details
WARNING: [youtube] kktBVmjA19A: Some web client https formats have been skipped as they are missing a url. YouTube is forcing SABR streaming for this client. See  https://github.com/yt-dlp/yt-dlp/issues/12482  for more details
WARNING: [youtube] vD_4Hce2G_w: Some web client https formats have been skipped as they are missing a url. YouTube is forcing SABR streaming for this client. See  https://github.com/yt-dlp/yt-dlp/issues/12482  for more details
WARNING: [youtube] 9R_6bLLyM5k: Some web client https formats have been skipped as they are missing a url. YouTube is forcing SABR streaming for this client. See  https://github.com/yt-dlp/yt-dlp/issues/12482  for more details
Deprecated Feature: Support for Python version 3.9 has been deprecated. Please update to Python 3.10 or above
WARNING: [youtube] RCbJKkG_mZs: Some web client https formats have been skipped as they are missing a url. YouTube is forcing SABR streaming for this client. See  https://github.com/yt-dlp/yt-dlp/issues/12482  for more details
WARNING: [youtube] D8ohmtB8MdI: Some web client https formats have been skipped as they are missing a url. YouTube is forcing SABR streaming for this client. See  https://github.com/yt-dlp/yt-dlp/issues/12482  for more details
WARNING: [youtube] 4IM866W7yGc: Some web client https formats have been skipped as they are missing a url. YouTube is forcing SABR streaming for this client. See  https://github.com/yt-dlp/yt-dlp/issues/12482  for more details
WARNING: [youtube] Bj0i-yvIUQs: Some web client https formats have been skipped as they are missing a url. YouTube is forcing SABR streaming for this client. See  https://github.com/yt-dlp/yt-dlp/issues/12482  for more details
WARNING: [youtube] LVvleNtllPk: Some web client https formats have been skipped as they are missing a url. YouTube is forcing SABR streaming for this client. See  https://github.com/yt-dlp/yt-dlp/issues/12482  for more details
Deprecated Feature: Support for Python version 3.9 has been deprecated. Please update to Python 3.10 or above
WARNING: [youtube] jLFG_FZKbks: Some web client https formats have been skipped as they are missing a url. YouTube is forcing SABR streaming for this client. See  https://github.com/yt-dlp/yt-dlp/issues/12482  for more details
WARNING: [youtube] PnpHwhTWw0c: Some web client https formats have been skipped as they are missing a url. YouTube is forcing SABR streaming for this client. See  https://github.com/yt-dlp/yt-dlp/issues/12482  for more details
WARNING: [youtube] m-nnyNZ0TQ0: Some web client https formats have been skipped as they are missing a url. YouTube is forcing SABR streaming for this client. See  https://github.com/yt-dlp/yt-dlp/issues/12482  for more details
WARNING: [youtube] jt5hHb6kzYM: Some web client https formats have been skipped as they are missing a url. YouTube is forcing SABR streaming for this client. See  https://github.com/yt-dlp/yt-dlp/issues/12482  for more details
WARNING: [youtube] EVts3Ui_0AI: Some web client https formats have been skipped as they are missing a url. YouTube is forcing SABR streaming for this client. See  https://github.com/yt-dlp/yt-dlp/issues/12482  for more details
Deprecated Feature: Support for Python version 3.9 has been deprecated. Please update to Python 3.10 or above
WARNING: [youtube] i9TvUGeTltE: Some web client https formats have been skipped as they are missing a url. YouTube is forcing SABR streaming for this client. See  https://github.com/yt-dlp/yt-dlp/issues/12482  for more details
WARNING: [youtube] 7YrdI7h2XoY: Some web client https formats have been skipped as they are missing a url. YouTube is forcing SABR streaming for this client. See  https://github.com/yt-dlp/yt-dlp/issues/12482  for more details
WARNING: [youtube] c347oYQO57A: Some web client https formats have been skipped as they are missing a url. YouTube is forcing SABR streaming for this client. See  https://github.com/yt-dlp/yt-dlp/issues/12482  for more details
WARNING: [youtube] 5aS-8QCRdGE: Some web client https formats have been skipped as they are missing a url. YouTube is forcing SABR streaming for this client. See  https://github.com/yt-dlp/yt-dlp/issues/12482  for more details
WARNING: [youtube] Hc0aqOEU2w8: Some web client https formats have been skipped as they are missing a url. YouTube is forcing SABR streaming for this client. See  https://github.com/yt-dlp/yt-dlp/issues/12482  for more details
Deprecated Feature: Support for Python version 3.9 has been deprecated. Please update to Python 3.10 or above
WARNING: [youtube] i9TvUGeTltE: Some web client https formats have been skipped as they are missing a url. YouTube is forcing SABR streaming for this client. See  https://github.com/yt-dlp/yt-dlp/issues/12482  for more details
WARNING: [youtube] 7YrdI7h2XoY: Some web client https formats have been skipped as they are missing a url. YouTube is forcing SABR streaming for this client. See  https://github.com/yt-dlp/yt-dlp/issues/12482  for more details
WARNING: [youtube] c347oYQO57A: Some web client https formats have been skipped as they are missing a url. YouTube is forcing SABR streaming for this client. See  https://github.com/yt-dlp/yt-dlp/issues/12482  for more details
WARNING: [youtube] 5aS-8QCRdGE: Some web client https formats have been skipped as they are missing a url. YouTube is forcing SABR streaming for this client. See  https://github.com/yt-dlp/yt-dlp/issues/12482  for more details
WARNING: [youtube] Hc0aqOEU2w8: Some web client https formats have been skipped as they are missing a url. YouTube is forcing SABR streaming for this client. See  https://github.com/yt-dlp/yt-dlp/issues/12482  for more details
2026-05-03 04:07:38,851 [INFO] [MiniMax] 请求状态: 200, attempt=1
2026-05-03 04:07:38,851 [INFO] [MiniMax] 成功, 输出长度: 32
2026-05-03 04:07:38,853 [INFO] [translate_to_chinese] status=SUCCESS, len=32
2026-05-03 04:08:39,113 [INFO] [MiniMax] 请求状态: 200, attempt=1
2026-05-03 04:08:39,115 [INFO] [MiniMax] 成功, 输出长度: 2500
2026-05-03 04:08:39,116 [INFO] [generate_youtube_summary] status=SUCCESS, len=2500
2026-05-03 04:08:44,275 [INFO] [MiniMax] 请求状态: 200, attempt=1
2026-05-03 04:08:44,276 [INFO] [MiniMax] 成功, 输出长度: 32
2026-05-03 04:08:44,277 [INFO] [translate_to_chinese] status=SUCCESS, len=32
2026-05-03 04:09:33,628 [INFO] [MiniMax] 请求状态: 200, attempt=1
2026-05-03 04:09:33,630 [INFO] [MiniMax] 成功, 输出长度: 3595
2026-05-03 04:09:33,632 [INFO] [generate_youtube_summary] status=SUCCESS, len=3595
2026-05-03 04:09:39,130 [INFO] [MiniMax] 请求状态: 200, attempt=1
2026-05-03 04:09:39,130 [INFO] [MiniMax] 成功, 输出长度: 39
2026-05-03 04:09:39,131 [INFO] [translate_to_chinese] status=SUCCESS, len=39
2026-05-03 04:10:23,583 [INFO] [MiniMax] 请求状态: 200, attempt=1
2026-05-03 04:10:23,585 [INFO] [MiniMax] 成功, 输出长度: 3239
2026-05-03 04:10:23,587 [INFO] [generate_youtube_summary] status=SUCCESS, len=3239
2026-05-03 04:10:43,931 [INFO] [MiniMax] 请求状态: 200, attempt=1
2026-05-03 04:10:43,933 [INFO] [MiniMax] 成功, 输出长度: 59
2026-05-03 04:10:43,934 [INFO] [translate_to_chinese] status=SUCCESS, len=59
2026-05-03 04:11:19,199 [INFO] [MiniMax] 请求状态: 200, attempt=1
2026-05-03 04:11:19,201 [INFO] [MiniMax] 成功, 输出长度: 2990
2026-05-03 04:11:19,203 [INFO] [generate_youtube_summary] status=SUCCESS, len=2990
2026-05-03 04:11:26,100 [INFO] [MiniMax] 请求状态: 200, attempt=1
2026-05-03 04:11:26,102 [INFO] [MiniMax] 成功, 输出长度: 15
2026-05-03 04:11:26,103 [INFO] [translate_to_chinese] status=SUCCESS, len=15
2026-05-03 04:11:57,374 [INFO] [MiniMax] 请求状态: 200, attempt=1
2026-05-03 04:11:57,376 [INFO] [MiniMax] 成功, 输出长度: 2188
2026-05-03 04:11:57,378 [INFO] [generate_youtube_summary] status=SUCCESS, len=2188
2026-05-03 04:12:01,456 [INFO] [MiniMax] 请求状态: 200, attempt=1
2026-05-03 04:12:01,456 [INFO] [MiniMax] 成功, 输出长度: 26
2026-05-03 04:12:01,458 [INFO] [translate_to_chinese] status=SUCCESS, len=26
2026-05-03 04:12:34,172 [INFO] [MiniMax] 请求状态: 200, attempt=1
2026-05-03 04:12:34,173 [INFO] [MiniMax] 成功, 输出长度: 2621
2026-05-03 04:12:34,175 [INFO] [generate_youtube_summary] status=SUCCESS, len=2621
2026-05-03 04:12:39,714 [INFO] [MiniMax] 请求状态: 200, attempt=1
2026-05-03 04:12:39,715 [INFO] [MiniMax] 成功, 输出长度: 34
2026-05-03 04:12:39,716 [INFO] [translate_to_chinese] status=SUCCESS, len=34
2026-05-03 04:13:07,801 [INFO] [MiniMax] 请求状态: 200, attempt=1
2026-05-03 04:13:07,803 [INFO] [MiniMax] 成功, 输出长度: 2267
2026-05-03 04:13:07,804 [INFO] [generate_youtube_summary] status=SUCCESS, len=2267
2026-05-03 04:13:13,146 [INFO] [MiniMax] 请求状态: 200, attempt=1
2026-05-03 04:13:13,146 [INFO] [MiniMax] 成功, 输出长度: 28
2026-05-03 04:13:13,147 [INFO] [translate_to_chinese] status=SUCCESS, len=28
2026-05-03 04:13:42,993 [INFO] [MiniMax] 请求状态: 200, attempt=1
2026-05-03 04:13:42,994 [INFO] [MiniMax] 成功, 输出长度: 2084
2026-05-03 04:13:42,996 [INFO] [generate_youtube_summary] status=SUCCESS, len=2084
2026-05-03 04:13:50,404 [INFO] [MiniMax] 请求状态: 200, attempt=1
2026-05-03 04:13:50,405 [INFO] [MiniMax] 成功, 输出长度: 45
2026-05-03 04:13:50,406 [INFO] [translate_to_chinese] status=SUCCESS, len=45
2026-05-03 04:14:21,311 [INFO] [MiniMax] 请求状态: 200, attempt=1
2026-05-03 04:14:21,312 [INFO] [MiniMax] 成功, 输出长度: 2313
2026-05-03 04:14:21,315 [INFO] [generate_youtube_summary] status=SUCCESS, len=2313
2026-05-03 04:14:38,372 [INFO] [MiniMax] 请求状态: 200, attempt=1
2026-05-03 04:14:38,374 [INFO] [MiniMax] 成功, 输出长度: 39
2026-05-03 04:14:38,375 [INFO] [translate_to_chinese] status=SUCCESS, len=39
2026-05-03 04:15:07,688 [INFO] [MiniMax] 请求状态: 200, attempt=1
2026-05-03 04:15:07,689 [INFO] [MiniMax] 成功, 输出长度: 2046
2026-05-03 04:15:07,691 [INFO] [generate_youtube_summary] status=SUCCESS, len=2046
2026-05-03 04:15:15,368 [INFO] [MiniMax] 请求状态: 200, attempt=1
2026-05-03 04:15:15,369 [INFO] [MiniMax] 成功, 输出长度: 33
2026-05-03 04:15:15,371 [INFO] [translate_to_chinese] status=SUCCESS, len=33
2026-05-03 04:16:03,351 [INFO] [MiniMax] 请求状态: 200, attempt=1
2026-05-03 04:16:03,352 [INFO] [MiniMax] 成功, 输出长度: 3059
2026-05-03 04:16:03,353 [INFO] [generate_youtube_summary] status=SUCCESS, len=3059
2026-05-03 04:16:06,818 [INFO] [MiniMax] 请求状态: 200, attempt=1
2026-05-03 04:16:06,819 [INFO] [MiniMax] 成功, 输出长度: 29
2026-05-03 04:16:06,820 [INFO] [translate_to_chinese] status=SUCCESS, len=29
2026-05-03 04:16:50,561 [INFO] [MiniMax] 请求状态: 200, attempt=1
2026-05-03 04:16:50,563 [INFO] [MiniMax] 成功, 输出长度: 3708
2026-05-03 04:16:50,566 [INFO] [generate_youtube_summary] status=SUCCESS, len=3708
2026-05-03 04:16:59,414 [INFO] [MiniMax] 请求状态: 200, attempt=1
2026-05-03 04:16:59,415 [INFO] [MiniMax] 成功, 输出长度: 29
2026-05-03 04:16:59,417 [INFO] [translate_to_chinese] status=SUCCESS, len=29
2026-05-03 04:17:45,183 [INFO] [MiniMax] 请求状态: 200, attempt=1
2026-05-03 04:17:45,185 [INFO] [MiniMax] 成功, 输出长度: 3901
2026-05-03 04:17:45,187 [INFO] [generate_youtube_summary] status=SUCCESS, len=3901
2026-05-03 04:17:50,964 [INFO] [MiniMax] 请求状态: 200, attempt=1
2026-05-03 04:17:50,965 [INFO] [MiniMax] 成功, 输出长度: 21
2026-05-03 04:17:50,967 [INFO] [translate_to_chinese] status=SUCCESS, len=21
2026-05-03 04:18:34,768 [INFO] [MiniMax] 请求状态: 200, attempt=1
2026-05-03 04:18:34,770 [INFO] [MiniMax] 成功, 输出长度: 2803
2026-05-03 04:18:34,772 [INFO] [generate_youtube_summary] status=SUCCESS, len=2803
2026-05-03 04:18:42,337 [INFO] [MiniMax] 请求状态: 200, attempt=1
2026-05-03 04:18:42,338 [INFO] [MiniMax] 成功, 输出长度: 27
2026-05-03 04:18:42,340 [INFO] [translate_to_chinese] status=SUCCESS, len=27
2026-05-03 04:19:14,154 [INFO] [MiniMax] 请求状态: 200, attempt=1
2026-05-03 04:19:14,156 [INFO] [MiniMax] 成功, 输出长度: 2591
2026-05-03 04:19:14,158 [INFO] [generate_youtube_summary] status=SUCCESS, len=2591
2026-05-03 04:19:26,700 [INFO] [MiniMax] 请求状态: 200, attempt=1
2026-05-03 04:19:26,702 [INFO] [MiniMax] 成功, 输出长度: 21
2026-05-03 04:19:26,704 [INFO] [translate_to_chinese] status=SUCCESS, len=21
2026-05-03 04:20:10,330 [INFO] [MiniMax] 请求状态: 200, attempt=1
2026-05-03 04:20:10,332 [INFO] [MiniMax] 成功, 输出长度: 3465
2026-05-03 04:20:10,334 [INFO] [generate_youtube_summary] status=SUCCESS, len=3465
2026-05-03 04:20:16,839 [INFO] [MiniMax] 请求状态: 200, attempt=1
2026-05-03 04:20:16,840 [INFO] [MiniMax] 成功, 输出长度: 48
2026-05-03 04:20:16,842 [INFO] [translate_to_chinese] status=SUCCESS, len=48
2026-05-03 04:20:43,360 [INFO] [MiniMax] 请求状态: 200, attempt=1
2026-05-03 04:20:43,361 [INFO] [MiniMax] 成功, 输出长度: 2179
2026-05-03 04:20:43,364 [INFO] [generate_youtube_summary] status=SUCCESS, len=2179
2026-05-03 04:20:46,728 [INFO] [MiniMax] 请求状态: 200, attempt=1
2026-05-03 04:20:46,729 [INFO] [MiniMax] 成功, 输出长度: 53
2026-05-03 04:20:46,731 [INFO] [translate_to_chinese] status=SUCCESS, len=53
2026-05-03 04:21:25,149 [INFO] [MiniMax] 请求状态: 200, attempt=1
2026-05-03 04:21:25,150 [INFO] [MiniMax] 成功, 输出长度: 3292
2026-05-03 04:21:25,151 [INFO] [generate_youtube_summary] status=SUCCESS, len=3292
/Users/vincentnie/Library/Python/3.9/lib/python/site-packages/urllib3/__init__.py:35: NotOpenSSLWarning: urllib3 v2 only supports OpenSSL 1.1.1+, currently the 'ssl' module is compiled with 'LibreSSL 2.8.3'. See: https://github.com/urllib3/urllib3/issues/3020
  warnings.warn(
/Users/vincentnie/Library/Python/3.9/lib/python/site-packages/urllib3/__init__.py:35: NotOpenSSLWarning: urllib3 v2 only supports OpenSSL 1.1.1+, currently the 'ssl' module is compiled with 'LibreSSL 2.8.3'. See: https://github.com/urllib3/urllib3/issues/3020
  warnings.warn(
/Users/vincentnie/Library/Python/3.9/lib/python/site-packages/urllib3/connectionpool.py:1097: InsecureRequestWarning: Unverified HTTPS request is being made to host '127.0.0.1'. Adding certificate verification is strongly advised. See: https://urllib3.readthedocs.io/en/latest/advanced-usage.html#tls-warnings
  warnings.warn(
/Users/vincentnie/Library/Python/3.9/lib/python/site-packages/urllib3/connectionpool.py:1097: InsecureRequestWarning: Unverified HTTPS request is being made to host '127.0.0.1'. Adding certificate verification is strongly advised. See: https://urllib3.readthedocs.io/en/latest/advanced-usage.html#tls-warnings
  warnings.warn(
/Users/vincentnie/Library/Python/3.9/lib/python/site-packages/urllib3/connectionpool.py:1097: InsecureRequestWarning: Unverified HTTPS request is being made to host '127.0.0.1'. Adding certificate verification is strongly advised. See: https://urllib3.readthedocs.io/en/latest/advanced-usage.html#tls-warnings
  warnings.warn(
/Users/vincentnie/Library/Python/3.9/lib/python/site-packages/urllib3/connectionpool.py:1097: InsecureRequestWarning: Unverified HTTPS request is being made to host '127.0.0.1'. Adding certificate verification is strongly advised. See: https://urllib3.readthedocs.io/en/latest/advanced-usage.html#tls-warnings
  warnings.warn(
/Users/vincentnie/Library/Python/3.9/lib/python/site-packages/urllib3/connectionpool.py:1097: InsecureRequestWarning: Unverified HTTPS request is being made to host '127.0.0.1'. Adding certificate verification is strongly advised. See: https://urllib3.readthedocs.io/en/latest/advanced-usage.html#tls-warnings
  warnings.warn(
/Users/vincentnie/Library/Python/3.9/lib/python/site-packages/urllib3/connectionpool.py:1097: InsecureRequestWarning: Unverified HTTPS request is being made to host '127.0.0.1'. Adding certificate verification is strongly advised. See: https://urllib3.readthedocs.io/en/latest/advanced-usage.html#tls-warnings
  warnings.warn(
/Users/vincentnie/Library/Python/3.9/lib/python/site-packages/urllib3/connectionpool.py:1097: InsecureRequestWarning: Unverified HTTPS request is being made to host '127.0.0.1'. Adding certificate verification is strongly advised. See: https://urllib3.readthedocs.io/en/latest/advanced-usage.html#tls-warnings
  warnings.warn(
/Users/vincentnie/Library/Python/3.9/lib/python/site-packages/urllib3/connectionpool.py:1097: InsecureRequestWarning: Unverified HTTPS request is being made to host '127.0.0.1'. Adding certificate verification is strongly advised. See: https://urllib3.readthedocs.io/en/latest/advanced-usage.html#tls-warnings
  warnings.warn(
/Users/vincentnie/Library/Python/3.9/lib/python/site-packages/urllib3/connectionpool.py:1097: InsecureRequestWarning: Unverified HTTPS request is being made to host '127.0.0.1'. Adding certificate verification is strongly advised. See: https://urllib3.readthedocs.io/en/latest/advanced-usage.html#tls-warnings
  warnings.warn(
/Users/vincentnie/Library/Python/3.9/lib/python/site-packages/urllib3/connectionpool.py:1097: InsecureRequestWarning: Unverified HTTPS request is being made to host '127.0.0.1'. Adding certificate verification is strongly advised. See: https://urllib3.readthedocs.io/en/latest/advanced-usage.html#tls-warnings
  warnings.warn(
/Users/vincentnie/Library/Python/3.9/lib/python/site-packages/urllib3/connectionpool.py:1097: InsecureRequestWarning: Unverified HTTPS request is being made to host '127.0.0.1'. Adding certificate verification is strongly advised. See: https://urllib3.readthedocs.io/en/latest/advanced-usage.html#tls-warnings
  warnings.warn(
/Users/vincentnie/Library/Python/3.9/lib/python/site-packages/urllib3/__init__.py:35: NotOpenSSLWarning: urllib3 v2 only supports OpenSSL 1.1.1+, currently the 'ssl' module is compiled with 'LibreSSL 2.8.3'. See: https://github.com/urllib3/urllib3/issues/3020
  warnings.warn(
Deprecated Feature: Support for Python version 3.9 has been deprecated. Please update to Python 3.10 or above
WARNING: [youtube] iKx3gAODybU: Some web client https formats have been skipped as they are missing a url. YouTube is forcing SABR streaming for this client. See  https://github.com/yt-dlp/yt-dlp/issues/12482  for more details
WARNING: [youtube] vif8NQcjVf0: Some web client https formats have been skipped as they are missing a url. YouTube is forcing SABR streaming for this client. See  https://github.com/yt-dlp/yt-dlp/issues/12482  for more details
WARNING: [youtube] H9rF1CSSh-w: Some web client https formats have been skipped as they are missing a url. YouTube is forcing SABR streaming for this client. See  https://github.com/yt-dlp/yt-dlp/issues/12482  for more details
WARNING: [youtube] 1SJiTwbSI58: Some web client https formats have been skipped as they are missing a url. YouTube is forcing SABR streaming for this client. See  https://github.com/yt-dlp/yt-dlp/issues/12482  for more details
WARNING: [youtube] KGVpKPNUdzA: Some web client https formats have been skipped as they are missing a url. YouTube is forcing SABR streaming for this client. See  https://github.com/yt-dlp/yt-dlp/issues/12482  for more details
Deprecated Feature: Support for Python version 3.9 has been deprecated. Please update to Python 3.10 or above
WARNING: [youtube] dvVbA9OcBqs: Some web client https formats have been skipped as they are missing a url. YouTube is forcing SABR streaming for this client. See  https://github.com/yt-dlp/yt-dlp/issues/12482  for more details
WARNING: [youtube] 82HsvG1_Nqk: Some web client https formats have been skipped as they are missing a url. YouTube is forcing SABR streaming for this client. See  https://github.com/yt-dlp/yt-dlp/issues/12482  for more details
WARNING: [youtube] Mjc7vwys1vY: Some web client https formats have been skipped as they are missing a url. YouTube is forcing SABR streaming for this client. See  https://github.com/yt-dlp/yt-dlp/issues/12482  for more details
WARNING: [youtube] IZDJ3jcO5UY: Some web client https formats have been skipped as they are missing a url. YouTube is forcing SABR streaming for this client. See  https://github.com/yt-dlp/yt-dlp/issues/12482  for more details
WARNING: [youtube] yiJOTCRVWjc: Some web client https formats have been skipped as they are missing a url. YouTube is forcing SABR streaming for this client. See  https://github.com/yt-dlp/yt-dlp/issues/12482  for more details
Deprecated Feature: Support for Python version 3.9 has been deprecated. Please update to Python 3.10 or above
WARNING: [youtube] fpC4sbawSzQ: Some web client https formats have been skipped as they are missing a url. YouTube is forcing SABR streaming for this client. See  https://github.com/yt-dlp/yt-dlp/issues/12482  for more details
WARNING: [youtube] 9WQu7w1tII0: Some web client https formats have been skipped as they are missing a url. YouTube is forcing SABR streaming for this client. See  https://github.com/yt-dlp/yt-dlp/issues/12482  for more details
WARNING: [youtube] 1bCXCxrDsCs: Some web client https formats have been skipped as they are missing a url. YouTube is forcing SABR streaming for this client. See  https://github.com/yt-dlp/yt-dlp/issues/12482  for more details
WARNING: [youtube] SFdqX7IY7RY: Some web client https formats have been skipped as they are missing a url. YouTube is forcing SABR streaming for this client. See  https://github.com/yt-dlp/yt-dlp/issues/12482  for more details
WARNING: [youtube] DVBJQQCjgXU: Some web client https formats have been skipped as they are missing a url. YouTube is forcing SABR streaming for this client. See  https://github.com/yt-dlp/yt-dlp/issues/12482  for more details
Deprecated Feature: Support for Python version 3.9 has been deprecated. Please update to Python 3.10 or above
WARNING: [youtube] 6LkMI6uvqZY: Some web client https formats have been skipped as they are missing a url. YouTube is forcing SABR streaming for this client. See  https://github.com/yt-dlp/yt-dlp/issues/12482  for more details
WARNING: [youtube] e4rTYZYRGao: Some web client https formats have been skipped as they are missing a url. YouTube is forcing SABR streaming for this client. See  https://github.com/yt-dlp/yt-dlp/issues/12482  for more details
WARNING: [youtube] UQZooauU-FQ: Some web client https formats have been skipped as they are missing a url. YouTube is forcing SABR streaming for this client. See  https://github.com/yt-dlp/yt-dlp/issues/12482  for more details
WARNING: [youtube] JmFKaqJg5X4: Some web client https formats have been skipped as they are missing a url. YouTube is forcing SABR streaming for this client. See  https://github.com/yt-dlp/yt-dlp/issues/12482  for more details
WARNING: [youtube] uVxltd_Xv5E: Some web client https formats have been skipped as they are missing a url. YouTube is forcing SABR streaming for this client. See  https://github.com/yt-dlp/yt-dlp/issues/12482  for more details
Deprecated Feature: Support for Python version 3.9 has been deprecated. Please update to Python 3.10 or above
WARNING: [youtube] TvhSxb8qltw: Some web client https formats have been skipped as they are missing a url. YouTube is forcing SABR streaming for this client. See  https://github.com/yt-dlp/yt-dlp/issues/12482  for more details
WARNING: [youtube] hzCBy0fbNmY: Some web client https formats have been skipped as they are missing a url. YouTube is forcing SABR streaming for this client. See  https://github.com/yt-dlp/yt-dlp/issues/12482  for more details
WARNING: [youtube] kAq2g7tLVc0: Some web client https formats have been skipped as they are missing a url. YouTube is forcing SABR streaming for this client. See  https://github.com/yt-dlp/yt-dlp/issues/12482  for more details
WARNING: [youtube] H35FjMDdkSg: Some web client https formats have been skipped as they are missing a url. YouTube is forcing SABR streaming for this client. See  https://github.com/yt-dlp/yt-dlp/issues/12482  for more details
WARNING: [youtube] EjRIfA30neg: Some web client https formats have been skipped as they are missing a url. YouTube is forcing SABR streaming for this client. See  https://github.com/yt-dlp/yt-dlp/issues/12482  for more details
Deprecated Feature: Support for Python version 3.9 has been deprecated. Please update to Python 3.10 or above
WARNING: [youtube] oCtLmeo56Jo: Some web client https formats have been skipped as they are missing a url. YouTube is forcing SABR streaming for this client. See  https://github.com/yt-dlp/yt-dlp/issues/12482  for more details
WARNING: [youtube] 76_9x4YyFyQ: Some web client https formats have been skipped as they are missing a url. YouTube is forcing SABR streaming for this client. See  https://github.com/yt-dlp/yt-dlp/issues/12482  for more details
WARNING: [youtube] 5e0ujKe66vM: Some web client https formats have been skipped as they are missing a url. YouTube is forcing SABR streaming for this client. See  https://github.com/yt-dlp/yt-dlp/issues/12482  for more details
WARNING: [youtube] 2fYU50qbkHk: Some web client https formats have been skipped as they are missing a url. YouTube is forcing SABR streaming for this client. See  https://github.com/yt-dlp/yt-dlp/issues/12482  for more details
WARNING: [youtube] y8cusdjYXdo: Some web client https formats have been skipped as they are missing a url. YouTube is forcing SABR streaming for this client. See  https://github.com/yt-dlp/yt-dlp/issues/12482  for more details
Deprecated Feature: Support for Python version 3.9 has been deprecated. Please update to Python 3.10 or above
WARNING: [youtube] fPWjWTFveBQ: Some web client https formats have been skipped as they are missing a url. YouTube is forcing SABR streaming for this client. See  https://github.com/yt-dlp/yt-dlp/issues/12482  for more details
WARNING: [youtube] pN-LfxNFiTc: Some web client https formats have been skipped as they are missing a url. YouTube is forcing SABR streaming for this client. See  https://github.com/yt-dlp/yt-dlp/issues/12482  for more details
WARNING: [youtube] Zk3FX8ZXa-s: Some web client https formats have been skipped as they are missing a url. YouTube is forcing SABR streaming for this client. See  https://github.com/yt-dlp/yt-dlp/issues/12482  for more details
WARNING: [youtube] rTM95-gZtOs: Some web client https formats have been skipped as they are missing a url. YouTube is forcing SABR streaming for this client. See  https://github.com/yt-dlp/yt-dlp/issues/12482  for more details
WARNING: [youtube] PJGIWDW_W2A: Some web client https formats have been skipped as they are missing a url. YouTube is forcing SABR streaming for this client. See  https://github.com/yt-dlp/yt-dlp/issues/12482  for more details
Deprecated Feature: Support for Python version 3.9 has been deprecated. Please update to Python 3.10 or above
WARNING: [youtube] flvZ6jEj3VU: Some web client https formats have been skipped as they are missing a url. YouTube is forcing SABR streaming for this client. See  https://github.com/yt-dlp/yt-dlp/issues/12482  for more details
WARNING: [youtube] eHe2F10TlV4: Some web client https formats have been skipped as they are missing a url. YouTube is forcing SABR streaming for this client. See  https://github.com/yt-dlp/yt-dlp/issues/12482  for more details
WARNING: [youtube] kktBVmjA19A: Some web client https formats have been skipped as they are missing a url. YouTube is forcing SABR streaming for this client. See  https://github.com/yt-dlp/yt-dlp/issues/12482  for more details
WARNING: [youtube] vD_4Hce2G_w: Some web client https formats have been skipped as they are missing a url. YouTube is forcing SABR streaming for this client. See  https://github.com/yt-dlp/yt-dlp/issues/12482  for more details
WARNING: [youtube] 9R_6bLLyM5k: Some web client https formats have been skipped as they are missing a url. YouTube is forcing SABR streaming for this client. See  https://github.com/yt-dlp/yt-dlp/issues/12482  for more details
Deprecated Feature: Support for Python version 3.9 has been deprecated. Please update to Python 3.10 or above
WARNING: [youtube] RCbJKkG_mZs: Some web client https formats have been skipped as they are missing a url. YouTube is forcing SABR streaming for this client. See  https://github.com/yt-dlp/yt-dlp/issues/12482  for more details
WARNING: [youtube] D8ohmtB8MdI: Some web client https formats have been skipped as they are missing a url. YouTube is forcing SABR streaming for this client. See  https://github.com/yt-dlp/yt-dlp/issues/12482  for more details
WARNING: [youtube] 4IM866W7yGc: Some web client https formats have been skipped as they are missing a url. YouTube is forcing SABR streaming for this client. See  https://github.com/yt-dlp/yt-dlp/issues/12482  for more details
WARNING: [youtube] Bj0i-yvIUQs: Some web client https formats have been skipped as they are missing a url. YouTube is forcing SABR streaming for this client. See  https://github.com/yt-dlp/yt-dlp/issues/12482  for more details
WARNING: [youtube] LVvleNtllPk: Some web client https formats have been skipped as they are missing a url. YouTube is forcing SABR streaming for this client. See  https://github.com/yt-dlp/yt-dlp/issues/12482  for more details
Deprecated Feature: Support for Python version 3.9 has been deprecated. Please update to Python 3.10 or above
WARNING: [youtube] jLFG_FZKbks: Some web client https formats have been skipped as they are missing a url. YouTube is forcing SABR streaming for this client. See  https://github.com/yt-dlp/yt-dlp/issues/12482  for more details
WARNING: [youtube] PnpHwhTWw0c: Some web client https formats have been skipped as they are missing a url. YouTube is forcing SABR streaming for this client. See  https://github.com/yt-dlp/yt-dlp/issues/12482  for more details
WARNING: [youtube] m-nnyNZ0TQ0: Some web client https formats have been skipped as they are missing a url. YouTube is forcing SABR streaming for this client. See  https://github.com/yt-dlp/yt-dlp/issues/12482  for more details
WARNING: [youtube] jt5hHb6kzYM: Some web client https formats have been skipped as they are missing a url. YouTube is forcing SABR streaming for this client. See  https://github.com/yt-dlp/yt-dlp/issues/12482  for more details
WARNING: [youtube] EVts3Ui_0AI: Some web client https formats have been skipped as they are missing a url. YouTube is forcing SABR streaming for this client. See  https://github.com/yt-dlp/yt-dlp/issues/12482  for more details
Deprecated Feature: Support for Python version 3.9 has been deprecated. Please update to Python 3.10 or above
WARNING: [youtube] i9TvUGeTltE: Some web client https formats have been skipped as they are missing a url. YouTube is forcing SABR streaming for this client. See  https://github.com/yt-dlp/yt-dlp/issues/12482  for more details
WARNING: [youtube] 7YrdI7h2XoY: Some web client https formats have been skipped as they are missing a url. YouTube is forcing SABR streaming for this client. See  https://github.com/yt-dlp/yt-dlp/issues/12482  for more details
WARNING: [youtube] c347oYQO57A: Some web client https formats have been skipped as they are missing a url. YouTube is forcing SABR streaming for this client. See  https://github.com/yt-dlp/yt-dlp/issues/12482  for more details
WARNING: [youtube] 5aS-8QCRdGE: Some web client https formats have been skipped as they are missing a url. YouTube is forcing SABR streaming for this client. See  https://github.com/yt-dlp/yt-dlp/issues/12482  for more details
WARNING: [youtube] Hc0aqOEU2w8: Some web client https formats have been skipped as they are missing a url. YouTube is forcing SABR streaming for this client. See  https://github.com/yt-dlp/yt-dlp/issues/12482  for more details
Deprecated Feature: Support for Python version 3.9 has been deprecated. Please update to Python 3.10 or above
WARNING: [youtube] i9TvUGeTltE: Some web client https formats have been skipped as they are missing a url. YouTube is forcing SABR streaming for this client. See  https://github.com/yt-dlp/yt-dlp/issues/12482  for more details
WARNING: [youtube] 7YrdI7h2XoY: Some web client https formats have been skipped as they are missing a url. YouTube is forcing SABR streaming for this client. See  https://github.com/yt-dlp/yt-dlp/issues/12482  for more details
WARNING: [youtube] c347oYQO57A: Some web client https formats have been skipped as they are missing a url. YouTube is forcing SABR streaming for this client. See  https://github.com/yt-dlp/yt-dlp/issues/12482  for more details
WARNING: [youtube] 5aS-8QCRdGE: Some web client https formats have been skipped as they are missing a url. YouTube is forcing SABR streaming for this client. See  https://github.com/yt-dlp/yt-dlp/issues/12482  for more details
WARNING: [youtube] Hc0aqOEU2w8: Some web client https formats have been skipped as they are missing a url. YouTube is forcing SABR streaming for this client. See  https://github.com/yt-dlp/yt-dlp/issues/12482  for more details
2026-05-04 04:05:19,047 [INFO] [MiniMax] 请求状态: 200, attempt=1
2026-05-04 04:05:19,048 [INFO] [MiniMax] 成功, 输出长度: 30
2026-05-04 04:05:19,049 [INFO] [translate_to_chinese] status=SUCCESS, len=30
2026-05-04 04:06:04,874 [INFO] [MiniMax] 请求状态: 200, attempt=1
2026-05-04 04:06:04,876 [INFO] [MiniMax] 成功, 输出长度: 2439
2026-05-04 04:06:04,878 [INFO] [generate_youtube_summary] status=SUCCESS, len=2439
2026-05-04 04:06:12,985 [INFO] [MiniMax] 请求状态: 200, attempt=1
2026-05-04 04:06:12,987 [INFO] [MiniMax] 成功, 输出长度: 50
2026-05-04 04:06:12,988 [INFO] [translate_to_chinese] status=SUCCESS, len=50
2026-05-04 04:07:06,702 [INFO] [MiniMax] 请求状态: 200, attempt=1
2026-05-04 04:07:06,703 [INFO] [MiniMax] 成功, 输出长度: 3253
2026-05-04 04:07:06,706 [INFO] [generate_youtube_summary] status=SUCCESS, len=3253
2026-05-04 04:07:11,045 [INFO] [MiniMax] 请求状态: 200, attempt=1
2026-05-04 04:07:11,045 [INFO] [MiniMax] 成功, 输出长度: 39
2026-05-04 04:07:11,046 [INFO] [translate_to_chinese] status=SUCCESS, len=39
2026-05-04 04:08:08,148 [INFO] [MiniMax] 请求状态: 200, attempt=1
2026-05-04 04:08:08,151 [INFO] [MiniMax] 成功, 输出长度: 3914
2026-05-04 04:08:08,153 [INFO] [generate_youtube_summary] status=SUCCESS, len=3914
2026-05-04 04:08:13,095 [INFO] [MiniMax] 请求状态: 200, attempt=1
2026-05-04 04:08:13,095 [INFO] [MiniMax] 成功, 输出长度: 16
2026-05-04 04:08:13,096 [INFO] [translate_to_chinese] status=SUCCESS, len=16
2026-05-04 04:08:45,913 [INFO] [MiniMax] 请求状态: 200, attempt=1
2026-05-04 04:08:45,914 [INFO] [MiniMax] 成功, 输出长度: 2319
2026-05-04 04:08:45,915 [INFO] [generate_youtube_summary] status=SUCCESS, len=2319
2026-05-04 04:08:51,584 [INFO] [MiniMax] 请求状态: 200, attempt=1
2026-05-04 04:08:51,584 [INFO] [MiniMax] 成功, 输出长度: 27
2026-05-04 04:08:51,585 [INFO] [translate_to_chinese] status=SUCCESS, len=27
2026-05-04 04:09:53,217 [ERROR] [MiniMax] 请求异常: HTTPSConnectionPool(host='api.minimax.chat', port=443): Read timed out. (read timeout=60), attempt=1/3
2026-05-04 04:10:35,085 [INFO] [MiniMax] 请求状态: 200, attempt=2
2026-05-04 04:10:35,086 [INFO] [MiniMax] 成功, 输出长度: 2701
2026-05-04 04:10:35,088 [INFO] [generate_youtube_summary] status=SUCCESS, len=2701
2026-05-04 04:10:39,009 [INFO] [MiniMax] 请求状态: 200, attempt=1
2026-05-04 04:10:39,009 [INFO] [MiniMax] 成功, 输出长度: 20
2026-05-04 04:10:39,011 [INFO] [translate_to_chinese] status=SUCCESS, len=20
2026-05-04 04:11:06,406 [INFO] [MiniMax] 请求状态: 200, attempt=1
2026-05-04 04:11:06,408 [INFO] [MiniMax] 成功, 输出长度: 2166
2026-05-04 04:11:06,409 [INFO] [generate_youtube_summary] status=SUCCESS, len=2166
/Users/vincentnie/Library/Python/3.9/lib/python/site-packages/urllib3/__init__.py:35: NotOpenSSLWarning: urllib3 v2 only supports OpenSSL 1.1.1+, currently the 'ssl' module is compiled with 'LibreSSL 2.8.3'. See: https://github.com/urllib3/urllib3/issues/3020
  warnings.warn(
/Users/vincentnie/Library/Python/3.9/lib/python/site-packages/urllib3/__init__.py:35: NotOpenSSLWarning: urllib3 v2 only supports OpenSSL 1.1.1+, currently the 'ssl' module is compiled with 'LibreSSL 2.8.3'. See: https://github.com/urllib3/urllib3/issues/3020
  warnings.warn(
/Users/vincentnie/Library/Python/3.9/lib/python/site-packages/urllib3/connectionpool.py:1097: InsecureRequestWarning: Unverified HTTPS request is being made to host '127.0.0.1'. Adding certificate verification is strongly advised. See: https://urllib3.readthedocs.io/en/latest/advanced-usage.html#tls-warnings
  warnings.warn(
/Users/vincentnie/Library/Python/3.9/lib/python/site-packages/urllib3/connectionpool.py:1097: InsecureRequestWarning: Unverified HTTPS request is being made to host '127.0.0.1'. Adding certificate verification is strongly advised. See: https://urllib3.readthedocs.io/en/latest/advanced-usage.html#tls-warnings
  warnings.warn(
/Users/vincentnie/Library/Python/3.9/lib/python/site-packages/urllib3/connectionpool.py:1097: InsecureRequestWarning: Unverified HTTPS request is being made to host '127.0.0.1'. Adding certificate verification is strongly advised. See: https://urllib3.readthedocs.io/en/latest/advanced-usage.html#tls-warnings
  warnings.warn(
/Users/vincentnie/Library/Python/3.9/lib/python/site-packages/urllib3/connectionpool.py:1097: InsecureRequestWarning: Unverified HTTPS request is being made to host '127.0.0.1'. Adding certificate verification is strongly advised. See: https://urllib3.readthedocs.io/en/latest/advanced-usage.html#tls-warnings
  warnings.warn(
/Users/vincentnie/Library/Python/3.9/lib/python/site-packages/urllib3/connectionpool.py:1097: InsecureRequestWarning: Unverified HTTPS request is being made to host '127.0.0.1'. Adding certificate verification is strongly advised. See: https://urllib3.readthedocs.io/en/latest/advanced-usage.html#tls-warnings
  warnings.warn(
/Users/vincentnie/Library/Python/3.9/lib/python/site-packages/urllib3/connectionpool.py:1097: InsecureRequestWarning: Unverified HTTPS request is being made to host '127.0.0.1'. Adding certificate verification is strongly advised. See: https://urllib3.readthedocs.io/en/latest/advanced-usage.html#tls-warnings
  warnings.warn(
/Users/vincentnie/Library/Python/3.9/lib/python/site-packages/urllib3/connectionpool.py:1097: InsecureRequestWarning: Unverified HTTPS request is being made to host '127.0.0.1'. Adding certificate verification is strongly advised. See: https://urllib3.readthedocs.io/en/latest/advanced-usage.html#tls-warnings
  warnings.warn(
/Users/vincentnie/Library/Python/3.9/lib/python/site-packages/urllib3/connectionpool.py:1097: InsecureRequestWarning: Unverified HTTPS request is being made to host '127.0.0.1'. Adding certificate verification is strongly advised. See: https://urllib3.readthedocs.io/en/latest/advanced-usage.html#tls-warnings
  warnings.warn(
/Users/vincentnie/Library/Python/3.9/lib/python/site-packages/urllib3/connectionpool.py:1097: InsecureRequestWarning: Unverified HTTPS request is being made to host '127.0.0.1'. Adding certificate verification is strongly advised. See: https://urllib3.readthedocs.io/en/latest/advanced-usage.html#tls-warnings
  warnings.warn(
/Users/vincentnie/Library/Python/3.9/lib/python/site-packages/urllib3/connectionpool.py:1097: InsecureRequestWarning: Unverified HTTPS request is being made to host '127.0.0.1'. Adding certificate verification is strongly advised. See: https://urllib3.readthedocs.io/en/latest/advanced-usage.html#tls-warnings
  warnings.warn(
/Users/vincentnie/Library/Python/3.9/lib/python/site-packages/urllib3/connectionpool.py:1097: InsecureRequestWarning: Unverified HTTPS request is being made to host '127.0.0.1'. Adding certificate verification is strongly advised. See: https://urllib3.readthedocs.io/en/latest/advanced-usage.html#tls-warnings
  warnings.warn(
/Users/vincentnie/Library/Python/3.9/lib/python/site-packages/urllib3/__init__.py:35: NotOpenSSLWarning: urllib3 v2 only supports OpenSSL 1.1.1+, currently the 'ssl' module is compiled with 'LibreSSL 2.8.3'. See: https://github.com/urllib3/urllib3/issues/3020
  warnings.warn(
Deprecated Feature: Support for Python version 3.9 has been deprecated. Please update to Python 3.10 or above
WARNING: [youtube] iKx3gAODybU: Some web client https formats have been skipped as they are missing a url. YouTube is forcing SABR streaming for this client. See  https://github.com/yt-dlp/yt-dlp/issues/12482  for more details
WARNING: [youtube] vif8NQcjVf0: Some web client https formats have been skipped as they are missing a url. YouTube is forcing SABR streaming for this client. See  https://github.com/yt-dlp/yt-dlp/issues/12482  for more details
WARNING: [youtube] H9rF1CSSh-w: Some web client https formats have been skipped as they are missing a url. YouTube is forcing SABR streaming for this client. See  https://github.com/yt-dlp/yt-dlp/issues/12482  for more details
WARNING: [youtube] 1SJiTwbSI58: Some web client https formats have been skipped as they are missing a url. YouTube is forcing SABR streaming for this client. See  https://github.com/yt-dlp/yt-dlp/issues/12482  for more details
WARNING: [youtube] KGVpKPNUdzA: Some web client https formats have been skipped as they are missing a url. YouTube is forcing SABR streaming for this client. See  https://github.com/yt-dlp/yt-dlp/issues/12482  for more details
Deprecated Feature: Support for Python version 3.9 has been deprecated. Please update to Python 3.10 or above
WARNING: [youtube] fUI0CNg1hCc: Some web client https formats have been skipped as they are missing a url. YouTube is forcing SABR streaming for this client. See  https://github.com/yt-dlp/yt-dlp/issues/12482  for more details
WARNING: [youtube] dvVbA9OcBqs: Some web client https formats have been skipped as they are missing a url. YouTube is forcing SABR streaming for this client. See  https://github.com/yt-dlp/yt-dlp/issues/12482  for more details
WARNING: [youtube] 82HsvG1_Nqk: Some web client https formats have been skipped as they are missing a url. YouTube is forcing SABR streaming for this client. See  https://github.com/yt-dlp/yt-dlp/issues/12482  for more details
WARNING: [youtube] Mjc7vwys1vY: Some web client https formats have been skipped as they are missing a url. YouTube is forcing SABR streaming for this client. See  https://github.com/yt-dlp/yt-dlp/issues/12482  for more details
WARNING: [youtube] IZDJ3jcO5UY: Some web client https formats have been skipped as they are missing a url. YouTube is forcing SABR streaming for this client. See  https://github.com/yt-dlp/yt-dlp/issues/12482  for more details
Deprecated Feature: Support for Python version 3.9 has been deprecated. Please update to Python 3.10 or above
WARNING: [youtube] fpC4sbawSzQ: Some web client https formats have been skipped as they are missing a url. YouTube is forcing SABR streaming for this client. See  https://github.com/yt-dlp/yt-dlp/issues/12482  for more details
WARNING: [youtube] 9WQu7w1tII0: Some web client https formats have been skipped as they are missing a url. YouTube is forcing SABR streaming for this client. See  https://github.com/yt-dlp/yt-dlp/issues/12482  for more details
WARNING: [youtube] 1bCXCxrDsCs: Some web client https formats have been skipped as they are missing a url. YouTube is forcing SABR streaming for this client. See  https://github.com/yt-dlp/yt-dlp/issues/12482  for more details
WARNING: [youtube] SFdqX7IY7RY: Some web client https formats have been skipped as they are missing a url. YouTube is forcing SABR streaming for this client. See  https://github.com/yt-dlp/yt-dlp/issues/12482  for more details
WARNING: [youtube] DVBJQQCjgXU: Some web client https formats have been skipped as they are missing a url. YouTube is forcing SABR streaming for this client. See  https://github.com/yt-dlp/yt-dlp/issues/12482  for more details
Deprecated Feature: Support for Python version 3.9 has been deprecated. Please update to Python 3.10 or above
WARNING: [youtube] X9GQiouEdJ8: Some web client https formats have been skipped as they are missing a url. YouTube is forcing SABR streaming for this client. See  https://github.com/yt-dlp/yt-dlp/issues/12482  for more details
WARNING: [youtube] 6LkMI6uvqZY: Some web client https formats have been skipped as they are missing a url. YouTube is forcing SABR streaming for this client. See  https://github.com/yt-dlp/yt-dlp/issues/12482  for more details
WARNING: [youtube] e4rTYZYRGao: Some web client https formats have been skipped as they are missing a url. YouTube is forcing SABR streaming for this client. See  https://github.com/yt-dlp/yt-dlp/issues/12482  for more details
WARNING: [youtube] UQZooauU-FQ: Some web client https formats have been skipped as they are missing a url. YouTube is forcing SABR streaming for this client. See  https://github.com/yt-dlp/yt-dlp/issues/12482  for more details
WARNING: [youtube] JmFKaqJg5X4: Some web client https formats have been skipped as they are missing a url. YouTube is forcing SABR streaming for this client. See  https://github.com/yt-dlp/yt-dlp/issues/12482  for more details
Deprecated Feature: Support for Python version 3.9 has been deprecated. Please update to Python 3.10 or above
WARNING: [youtube] QNPzWaafsCA: Some web client https formats have been skipped as they are missing a url. YouTube is forcing SABR streaming for this client. See  https://github.com/yt-dlp/yt-dlp/issues/12482  for more details
WARNING: [youtube] TvhSxb8qltw: Some web client https formats have been skipped as they are missing a url. YouTube is forcing SABR streaming for this client. See  https://github.com/yt-dlp/yt-dlp/issues/12482  for more details
WARNING: [youtube] hzCBy0fbNmY: Some web client https formats have been skipped as they are missing a url. YouTube is forcing SABR streaming for this client. See  https://github.com/yt-dlp/yt-dlp/issues/12482  for more details
WARNING: [youtube] kAq2g7tLVc0: Some web client https formats have been skipped as they are missing a url. YouTube is forcing SABR streaming for this client. See  https://github.com/yt-dlp/yt-dlp/issues/12482  for more details
WARNING: [youtube] H35FjMDdkSg: Some web client https formats have been skipped as they are missing a url. YouTube is forcing SABR streaming for this client. See  https://github.com/yt-dlp/yt-dlp/issues/12482  for more details
Deprecated Feature: Support for Python version 3.9 has been deprecated. Please update to Python 3.10 or above
WARNING: [youtube] kRfg5ZISJZ4: Some web client https formats have been skipped as they are missing a url. YouTube is forcing SABR streaming for this client. See  https://github.com/yt-dlp/yt-dlp/issues/12482  for more details
WARNING: [youtube] oCtLmeo56Jo: Some web client https formats have been skipped as they are missing a url. YouTube is forcing SABR streaming for this client. See  https://github.com/yt-dlp/yt-dlp/issues/12482  for more details
WARNING: [youtube] 76_9x4YyFyQ: Some web client https formats have been skipped as they are missing a url. YouTube is forcing SABR streaming for this client. See  https://github.com/yt-dlp/yt-dlp/issues/12482  for more details
WARNING: [youtube] 5e0ujKe66vM: Some web client https formats have been skipped as they are missing a url. YouTube is forcing SABR streaming for this client. See  https://github.com/yt-dlp/yt-dlp/issues/12482  for more details
WARNING: [youtube] 2fYU50qbkHk: Some web client https formats have been skipped as they are missing a url. YouTube is forcing SABR streaming for this client. See  https://github.com/yt-dlp/yt-dlp/issues/12482  for more details
Deprecated Feature: Support for Python version 3.9 has been deprecated. Please update to Python 3.10 or above
WARNING: [youtube] g9JIUM0MHgQ: Some web client https formats have been skipped as they are missing a url. YouTube is forcing SABR streaming for this client. See  https://github.com/yt-dlp/yt-dlp/issues/12482  for more details
WARNING: [youtube] fPWjWTFveBQ: Some web client https formats have been skipped as they are missing a url. YouTube is forcing SABR streaming for this client. See  https://github.com/yt-dlp/yt-dlp/issues/12482  for more details
WARNING: [youtube] pN-LfxNFiTc: Some web client https formats have been skipped as they are missing a url. YouTube is forcing SABR streaming for this client. See  https://github.com/yt-dlp/yt-dlp/issues/12482  for more details
WARNING: [youtube] Zk3FX8ZXa-s: Some web client https formats have been skipped as they are missing a url. YouTube is forcing SABR streaming for this client. See  https://github.com/yt-dlp/yt-dlp/issues/12482  for more details
WARNING: [youtube] rTM95-gZtOs: Some web client https formats have been skipped as they are missing a url. YouTube is forcing SABR streaming for this client. See  https://github.com/yt-dlp/yt-dlp/issues/12482  for more details
Deprecated Feature: Support for Python version 3.9 has been deprecated. Please update to Python 3.10 or above
WARNING: [youtube] flvZ6jEj3VU: Some web client https formats have been skipped as they are missing a url. YouTube is forcing SABR streaming for this client. See  https://github.com/yt-dlp/yt-dlp/issues/12482  for more details
WARNING: [youtube] eHe2F10TlV4: Some web client https formats have been skipped as they are missing a url. YouTube is forcing SABR streaming for this client. See  https://github.com/yt-dlp/yt-dlp/issues/12482  for more details
WARNING: [youtube] kktBVmjA19A: Some web client https formats have been skipped as they are missing a url. YouTube is forcing SABR streaming for this client. See  https://github.com/yt-dlp/yt-dlp/issues/12482  for more details
WARNING: [youtube] vD_4Hce2G_w: Some web client https formats have been skipped as they are missing a url. YouTube is forcing SABR streaming for this client. See  https://github.com/yt-dlp/yt-dlp/issues/12482  for more details
WARNING: [youtube] 9R_6bLLyM5k: Some web client https formats have been skipped as they are missing a url. YouTube is forcing SABR streaming for this client. See  https://github.com/yt-dlp/yt-dlp/issues/12482  for more details
Deprecated Feature: Support for Python version 3.9 has been deprecated. Please update to Python 3.10 or above
WARNING: [youtube] RCbJKkG_mZs: Some web client https formats have been skipped as they are missing a url. YouTube is forcing SABR streaming for this client. See  https://github.com/yt-dlp/yt-dlp/issues/12482  for more details
WARNING: [youtube] D8ohmtB8MdI: Some web client https formats have been skipped as they are missing a url. YouTube is forcing SABR streaming for this client. See  https://github.com/yt-dlp/yt-dlp/issues/12482  for more details
WARNING: [youtube] 4IM866W7yGc: Some web client https formats have been skipped as they are missing a url. YouTube is forcing SABR streaming for this client. See  https://github.com/yt-dlp/yt-dlp/issues/12482  for more details
WARNING: [youtube] Bj0i-yvIUQs: Some web client https formats have been skipped as they are missing a url. YouTube is forcing SABR streaming for this client. See  https://github.com/yt-dlp/yt-dlp/issues/12482  for more details
WARNING: [youtube] LVvleNtllPk: Some web client https formats have been skipped as they are missing a url. YouTube is forcing SABR streaming for this client. See  https://github.com/yt-dlp/yt-dlp/issues/12482  for more details
Deprecated Feature: Support for Python version 3.9 has been deprecated. Please update to Python 3.10 or above
WARNING: [youtube] NdU6UdUKaYc: Some web client https formats have been skipped as they are missing a url. YouTube is forcing SABR streaming for this client. See  https://github.com/yt-dlp/yt-dlp/issues/12482  for more details
WARNING: [youtube] jLFG_FZKbks: Some web client https formats have been skipped as they are missing a url. YouTube is forcing SABR streaming for this client. See  https://github.com/yt-dlp/yt-dlp/issues/12482  for more details
WARNING: [youtube] PnpHwhTWw0c: Some web client https formats have been skipped as they are missing a url. YouTube is forcing SABR streaming for this client. See  https://github.com/yt-dlp/yt-dlp/issues/12482  for more details
WARNING: [youtube] m-nnyNZ0TQ0: Some web client https formats have been skipped as they are missing a url. YouTube is forcing SABR streaming for this client. See  https://github.com/yt-dlp/yt-dlp/issues/12482  for more details
WARNING: [youtube] jt5hHb6kzYM: Some web client https formats have been skipped as they are missing a url. YouTube is forcing SABR streaming for this client. See  https://github.com/yt-dlp/yt-dlp/issues/12482  for more details
Deprecated Feature: Support for Python version 3.9 has been deprecated. Please update to Python 3.10 or above
WARNING: [youtube] i9TvUGeTltE: Some web client https formats have been skipped as they are missing a url. YouTube is forcing SABR streaming for this client. See  https://github.com/yt-dlp/yt-dlp/issues/12482  for more details
WARNING: [youtube] 7YrdI7h2XoY: Some web client https formats have been skipped as they are missing a url. YouTube is forcing SABR streaming for this client. See  https://github.com/yt-dlp/yt-dlp/issues/12482  for more details
WARNING: [youtube] c347oYQO57A: Some web client https formats have been skipped as they are missing a url. YouTube is forcing SABR streaming for this client. See  https://github.com/yt-dlp/yt-dlp/issues/12482  for more details
WARNING: [youtube] 5aS-8QCRdGE: Some web client https formats have been skipped as they are missing a url. YouTube is forcing SABR streaming for this client. See  https://github.com/yt-dlp/yt-dlp/issues/12482  for more details
WARNING: [youtube] Hc0aqOEU2w8: Some web client https formats have been skipped as they are missing a url. YouTube is forcing SABR streaming for this client. See  https://github.com/yt-dlp/yt-dlp/issues/12482  for more details
Deprecated Feature: Support for Python version 3.9 has been deprecated. Please update to Python 3.10 or above
WARNING: [youtube] i9TvUGeTltE: Some web client https formats have been skipped as they are missing a url. YouTube is forcing SABR streaming for this client. See  https://github.com/yt-dlp/yt-dlp/issues/12482  for more details
WARNING: [youtube] 7YrdI7h2XoY: Some web client https formats have been skipped as they are missing a url. YouTube is forcing SABR streaming for this client. See  https://github.com/yt-dlp/yt-dlp/issues/12482  for more details
WARNING: [youtube] c347oYQO57A: Some web client https formats have been skipped as they are missing a url. YouTube is forcing SABR streaming for this client. See  https://github.com/yt-dlp/yt-dlp/issues/12482  for more details
WARNING: [youtube] 5aS-8QCRdGE: Some web client https formats have been skipped as they are missing a url. YouTube is forcing SABR streaming for this client. See  https://github.com/yt-dlp/yt-dlp/issues/12482  for more details
WARNING: [youtube] Hc0aqOEU2w8: Some web client https formats have been skipped as they are missing a url. YouTube is forcing SABR streaming for this client. See  https://github.com/yt-dlp/yt-dlp/issues/12482  for more details
2026-05-05 04:06:28,469 [INFO] [MiniMax] 请求状态: 200, attempt=1
2026-05-05 04:06:28,471 [INFO] [MiniMax] 成功, 输出长度: 30
2026-05-05 04:06:28,473 [INFO] [translate_to_chinese] status=SUCCESS, len=30
2026-05-05 04:07:16,123 [INFO] [MiniMax] 请求状态: 200, attempt=1
2026-05-05 04:07:16,125 [INFO] [MiniMax] 成功, 输出长度: 2562
2026-05-05 04:07:16,127 [INFO] [generate_youtube_summary] status=SUCCESS, len=2562
2026-05-05 04:07:23,581 [INFO] [MiniMax] 请求状态: 200, attempt=1
2026-05-05 04:07:23,581 [INFO] [MiniMax] 成功, 输出长度: 33
2026-05-05 04:07:23,583 [INFO] [translate_to_chinese] status=SUCCESS, len=33
2026-05-05 04:08:23,724 [ERROR] [MiniMax] 请求异常: HTTPSConnectionPool(host='api.minimax.chat', port=443): Read timed out. (read timeout=60), attempt=1/3
2026-05-05 04:09:03,806 [INFO] [MiniMax] 请求状态: 200, attempt=2
2026-05-05 04:09:03,807 [INFO] [MiniMax] 成功, 输出长度: 2147
2026-05-05 04:09:03,807 [INFO] [generate_youtube_summary] status=SUCCESS, len=2147
2026-05-05 04:09:13,443 [INFO] [MiniMax] 请求状态: 200, attempt=1
2026-05-05 04:09:13,443 [INFO] [MiniMax] 成功, 输出长度: 19
2026-05-05 04:09:13,444 [INFO] [translate_to_chinese] status=SUCCESS, len=19
2026-05-05 04:10:00,059 [INFO] [MiniMax] 请求状态: 200, attempt=1
2026-05-05 04:10:00,060 [INFO] [MiniMax] 成功, 输出长度: 3339
2026-05-05 04:10:00,062 [INFO] [generate_youtube_summary] status=SUCCESS, len=3339
2026-05-05 04:10:09,255 [INFO] [MiniMax] 请求状态: 200, attempt=1
2026-05-05 04:10:09,256 [INFO] [MiniMax] 成功, 输出长度: 21
2026-05-05 04:10:09,257 [INFO] [translate_to_chinese] status=SUCCESS, len=21
2026-05-05 04:10:46,513 [INFO] [MiniMax] 请求状态: 200, attempt=1
2026-05-05 04:10:46,514 [INFO] [MiniMax] 成功, 输出长度: 2277
2026-05-05 04:10:46,516 [INFO] [generate_youtube_summary] status=SUCCESS, len=2277
2026-05-05 04:10:53,173 [INFO] [MiniMax] 请求状态: 200, attempt=1
2026-05-05 04:10:53,173 [INFO] [MiniMax] 成功, 输出长度: 40
2026-05-05 04:10:53,175 [INFO] [translate_to_chinese] status=SUCCESS, len=40
2026-05-05 04:11:42,486 [INFO] [MiniMax] 请求状态: 200, attempt=1
2026-05-05 04:11:42,487 [INFO] [MiniMax] 成功, 输出长度: 2186
2026-05-05 04:11:42,489 [INFO] [generate_youtube_summary] status=SUCCESS, len=2186
2026-05-05 04:11:47,363 [INFO] [MiniMax] 请求状态: 200, attempt=1
2026-05-05 04:11:47,363 [INFO] [MiniMax] 成功, 输出长度: 24
2026-05-05 04:11:47,365 [INFO] [translate_to_chinese] status=SUCCESS, len=24
2026-05-05 04:12:47,501 [ERROR] [MiniMax] 请求异常: HTTPSConnectionPool(host='api.minimax.chat', port=443): Read timed out. (read timeout=60), attempt=1/3
2026-05-05 04:13:25,727 [INFO] [MiniMax] 请求状态: 200, attempt=2
2026-05-05 04:13:25,728 [INFO] [MiniMax] 成功, 输出长度: 2200
2026-05-05 04:13:25,728 [INFO] [generate_youtube_summary] status=SUCCESS, len=2200
2026-05-05 04:13:50,810 [INFO] [MiniMax] 请求状态: 200, attempt=1
2026-05-05 04:13:50,812 [INFO] [MiniMax] 成功, 输出长度: 36
2026-05-05 04:13:50,817 [INFO] [translate_to_chinese] status=SUCCESS, len=36
2026-05-05 04:14:39,782 [INFO] [MiniMax] 请求状态: 200, attempt=1
2026-05-05 04:14:39,784 [INFO] [MiniMax] 成功, 输出长度: 2934
2026-05-05 04:14:39,785 [INFO] [generate_youtube_summary] status=SUCCESS, len=2934
/Users/vincentnie/Library/Python/3.9/lib/python/site-packages/urllib3/__init__.py:35: NotOpenSSLWarning: urllib3 v2 only supports OpenSSL 1.1.1+, currently the 'ssl' module is compiled with 'LibreSSL 2.8.3'. See: https://github.com/urllib3/urllib3/issues/3020
  warnings.warn(
/Users/vincentnie/Library/Python/3.9/lib/python/site-packages/urllib3/__init__.py:35: NotOpenSSLWarning: urllib3 v2 only supports OpenSSL 1.1.1+, currently the 'ssl' module is compiled with 'LibreSSL 2.8.3'. See: https://github.com/urllib3/urllib3/issues/3020
  warnings.warn(
/Users/vincentnie/Library/Python/3.9/lib/python/site-packages/urllib3/connectionpool.py:1097: InsecureRequestWarning: Unverified HTTPS request is being made to host '127.0.0.1'. Adding certificate verification is strongly advised. See: https://urllib3.readthedocs.io/en/latest/advanced-usage.html#tls-warnings
  warnings.warn(
/Users/vincentnie/Library/Python/3.9/lib/python/site-packages/urllib3/connectionpool.py:1097: InsecureRequestWarning: Unverified HTTPS request is being made to host '127.0.0.1'. Adding certificate verification is strongly advised. See: https://urllib3.readthedocs.io/en/latest/advanced-usage.html#tls-warnings
  warnings.warn(
/Users/vincentnie/Library/Python/3.9/lib/python/site-packages/urllib3/connectionpool.py:1097: InsecureRequestWarning: Unverified HTTPS request is being made to host '127.0.0.1'. Adding certificate verification is strongly advised. See: https://urllib3.readthedocs.io/en/latest/advanced-usage.html#tls-warnings
  warnings.warn(
/Users/vincentnie/Library/Python/3.9/lib/python/site-packages/urllib3/connectionpool.py:1097: InsecureRequestWarning: Unverified HTTPS request is being made to host '127.0.0.1'. Adding certificate verification is strongly advised. See: https://urllib3.readthedocs.io/en/latest/advanced-usage.html#tls-warnings
  warnings.warn(
/Users/vincentnie/Library/Python/3.9/lib/python/site-packages/urllib3/connectionpool.py:1097: InsecureRequestWarning: Unverified HTTPS request is being made to host '127.0.0.1'. Adding certificate verification is strongly advised. See: https://urllib3.readthedocs.io/en/latest/advanced-usage.html#tls-warnings
  warnings.warn(
/Users/vincentnie/Library/Python/3.9/lib/python/site-packages/urllib3/connectionpool.py:1097: InsecureRequestWarning: Unverified HTTPS request is being made to host '127.0.0.1'. Adding certificate verification is strongly advised. See: https://urllib3.readthedocs.io/en/latest/advanced-usage.html#tls-warnings
  warnings.warn(
/Users/vincentnie/Library/Python/3.9/lib/python/site-packages/urllib3/connectionpool.py:1097: InsecureRequestWarning: Unverified HTTPS request is being made to host '127.0.0.1'. Adding certificate verification is strongly advised. See: https://urllib3.readthedocs.io/en/latest/advanced-usage.html#tls-warnings
  warnings.warn(
/Users/vincentnie/Library/Python/3.9/lib/python/site-packages/urllib3/connectionpool.py:1097: InsecureRequestWarning: Unverified HTTPS request is being made to host '127.0.0.1'. Adding certificate verification is strongly advised. See: https://urllib3.readthedocs.io/en/latest/advanced-usage.html#tls-warnings
  warnings.warn(
/Users/vincentnie/Library/Python/3.9/lib/python/site-packages/urllib3/connectionpool.py:1097: InsecureRequestWarning: Unverified HTTPS request is being made to host '127.0.0.1'. Adding certificate verification is strongly advised. See: https://urllib3.readthedocs.io/en/latest/advanced-usage.html#tls-warnings
  warnings.warn(
/Users/vincentnie/Library/Python/3.9/lib/python/site-packages/urllib3/connectionpool.py:1097: InsecureRequestWarning: Unverified HTTPS request is being made to host '127.0.0.1'. Adding certificate verification is strongly advised. See: https://urllib3.readthedocs.io/en/latest/advanced-usage.html#tls-warnings
  warnings.warn(
/Users/vincentnie/Library/Python/3.9/lib/python/site-packages/urllib3/connectionpool.py:1097: InsecureRequestWarning: Unverified HTTPS request is being made to host '127.0.0.1'. Adding certificate verification is strongly advised. See: https://urllib3.readthedocs.io/en/latest/advanced-usage.html#tls-warnings
  warnings.warn(
/Users/vincentnie/Library/Python/3.9/lib/python/site-packages/urllib3/__init__.py:35: NotOpenSSLWarning: urllib3 v2 only supports OpenSSL 1.1.1+, currently the 'ssl' module is compiled with 'LibreSSL 2.8.3'. See: https://github.com/urllib3/urllib3/issues/3020
  warnings.warn(
Deprecated Feature: Support for Python version 3.9 has been deprecated. Please update to Python 3.10 or above
WARNING: [youtube] iKx3gAODybU: Some web client https formats have been skipped as they are missing a url. YouTube is forcing SABR streaming for this client. See  https://github.com/yt-dlp/yt-dlp/issues/12482  for more details
WARNING: [youtube] vif8NQcjVf0: Some web client https formats have been skipped as they are missing a url. YouTube is forcing SABR streaming for this client. See  https://github.com/yt-dlp/yt-dlp/issues/12482  for more details
WARNING: [youtube] H9rF1CSSh-w: Some web client https formats have been skipped as they are missing a url. YouTube is forcing SABR streaming for this client. See  https://github.com/yt-dlp/yt-dlp/issues/12482  for more details
WARNING: [youtube] 1SJiTwbSI58: Some web client https formats have been skipped as they are missing a url. YouTube is forcing SABR streaming for this client. See  https://github.com/yt-dlp/yt-dlp/issues/12482  for more details
WARNING: [youtube] KGVpKPNUdzA: Some web client https formats have been skipped as they are missing a url. YouTube is forcing SABR streaming for this client. See  https://github.com/yt-dlp/yt-dlp/issues/12482  for more details
Deprecated Feature: Support for Python version 3.9 has been deprecated. Please update to Python 3.10 or above
WARNING: [youtube] Z4i1adGvD2A: Some web client https formats have been skipped as they are missing a url. YouTube is forcing SABR streaming for this client. See  https://github.com/yt-dlp/yt-dlp/issues/12482  for more details
WARNING: [youtube] fUI0CNg1hCc: Some web client https formats have been skipped as they are missing a url. YouTube is forcing SABR streaming for this client. See  https://github.com/yt-dlp/yt-dlp/issues/12482  for more details
WARNING: [youtube] dvVbA9OcBqs: Some web client https formats have been skipped as they are missing a url. YouTube is forcing SABR streaming for this client. See  https://github.com/yt-dlp/yt-dlp/issues/12482  for more details
WARNING: [youtube] 82HsvG1_Nqk: Some web client https formats have been skipped as they are missing a url. YouTube is forcing SABR streaming for this client. See  https://github.com/yt-dlp/yt-dlp/issues/12482  for more details
WARNING: [youtube] Mjc7vwys1vY: Some web client https formats have been skipped as they are missing a url. YouTube is forcing SABR streaming for this client. See  https://github.com/yt-dlp/yt-dlp/issues/12482  for more details
Deprecated Feature: Support for Python version 3.9 has been deprecated. Please update to Python 3.10 or above
WARNING: [youtube] fpC4sbawSzQ: Some web client https formats have been skipped as they are missing a url. YouTube is forcing SABR streaming for this client. See  https://github.com/yt-dlp/yt-dlp/issues/12482  for more details
WARNING: [youtube] 9WQu7w1tII0: Some web client https formats have been skipped as they are missing a url. YouTube is forcing SABR streaming for this client. See  https://github.com/yt-dlp/yt-dlp/issues/12482  for more details
WARNING: [youtube] 1bCXCxrDsCs: Some web client https formats have been skipped as they are missing a url. YouTube is forcing SABR streaming for this client. See  https://github.com/yt-dlp/yt-dlp/issues/12482  for more details
WARNING: [youtube] SFdqX7IY7RY: Some web client https formats have been skipped as they are missing a url. YouTube is forcing SABR streaming for this client. See  https://github.com/yt-dlp/yt-dlp/issues/12482  for more details
WARNING: [youtube] DVBJQQCjgXU: Some web client https formats have been skipped as they are missing a url. YouTube is forcing SABR streaming for this client. See  https://github.com/yt-dlp/yt-dlp/issues/12482  for more details
Deprecated Feature: Support for Python version 3.9 has been deprecated. Please update to Python 3.10 or above
WARNING: [youtube] X9GQiouEdJ8: Some web client https formats have been skipped as they are missing a url. YouTube is forcing SABR streaming for this client. See  https://github.com/yt-dlp/yt-dlp/issues/12482  for more details
WARNING: [youtube] 6LkMI6uvqZY: Some web client https formats have been skipped as they are missing a url. YouTube is forcing SABR streaming for this client. See  https://github.com/yt-dlp/yt-dlp/issues/12482  for more details
WARNING: [youtube] e4rTYZYRGao: Some web client https formats have been skipped as they are missing a url. YouTube is forcing SABR streaming for this client. See  https://github.com/yt-dlp/yt-dlp/issues/12482  for more details
WARNING: [youtube] UQZooauU-FQ: Some web client https formats have been skipped as they are missing a url. YouTube is forcing SABR streaming for this client. See  https://github.com/yt-dlp/yt-dlp/issues/12482  for more details
WARNING: [youtube] JmFKaqJg5X4: Some web client https formats have been skipped as they are missing a url. YouTube is forcing SABR streaming for this client. See  https://github.com/yt-dlp/yt-dlp/issues/12482  for more details
Deprecated Feature: Support for Python version 3.9 has been deprecated. Please update to Python 3.10 or above
WARNING: [youtube] MyNrZINd4E8: Some web client https formats have been skipped as they are missing a url. YouTube is forcing SABR streaming for this client. See  https://github.com/yt-dlp/yt-dlp/issues/12482  for more details
WARNING: [youtube] 9E9Nq-jKYtI: Some web client https formats have been skipped as they are missing a url. YouTube is forcing SABR streaming for this client. See  https://github.com/yt-dlp/yt-dlp/issues/12482  for more details
WARNING: [youtube] QNPzWaafsCA: Some web client https formats have been skipped as they are missing a url. YouTube is forcing SABR streaming for this client. See  https://github.com/yt-dlp/yt-dlp/issues/12482  for more details
WARNING: [youtube] TvhSxb8qltw: Some web client https formats have been skipped as they are missing a url. YouTube is forcing SABR streaming for this client. See  https://github.com/yt-dlp/yt-dlp/issues/12482  for more details
WARNING: [youtube] hzCBy0fbNmY: Some web client https formats have been skipped as they are missing a url. YouTube is forcing SABR streaming for this client. See  https://github.com/yt-dlp/yt-dlp/issues/12482  for more details
Deprecated Feature: Support for Python version 3.9 has been deprecated. Please update to Python 3.10 or above
WARNING: [youtube] 93I_CRPhKFM: Some web client https formats have been skipped as they are missing a url. YouTube is forcing SABR streaming for this client. See  https://github.com/yt-dlp/yt-dlp/issues/12482  for more details
WARNING: [youtube] kRfg5ZISJZ4: Some web client https formats have been skipped as they are missing a url. YouTube is forcing SABR streaming for this client. See  https://github.com/yt-dlp/yt-dlp/issues/12482  for more details
WARNING: [youtube] oCtLmeo56Jo: Some web client https formats have been skipped as they are missing a url. YouTube is forcing SABR streaming for this client. See  https://github.com/yt-dlp/yt-dlp/issues/12482  for more details
WARNING: [youtube] 76_9x4YyFyQ: Some web client https formats have been skipped as they are missing a url. YouTube is forcing SABR streaming for this client. See  https://github.com/yt-dlp/yt-dlp/issues/12482  for more details
WARNING: [youtube] 5e0ujKe66vM: Some web client https formats have been skipped as they are missing a url. YouTube is forcing SABR streaming for this client. See  https://github.com/yt-dlp/yt-dlp/issues/12482  for more details
Deprecated Feature: Support for Python version 3.9 has been deprecated. Please update to Python 3.10 or above
WARNING: [youtube] JB2P5Gk23VI: Some web client https formats have been skipped as they are missing a url. YouTube is forcing SABR streaming for this client. See  https://github.com/yt-dlp/yt-dlp/issues/12482  for more details
WARNING: [youtube] g9JIUM0MHgQ: Some web client https formats have been skipped as they are missing a url. YouTube is forcing SABR streaming for this client. See  https://github.com/yt-dlp/yt-dlp/issues/12482  for more details
WARNING: [youtube] fPWjWTFveBQ: Some web client https formats have been skipped as they are missing a url. YouTube is forcing SABR streaming for this client. See  https://github.com/yt-dlp/yt-dlp/issues/12482  for more details
WARNING: [youtube] pN-LfxNFiTc: Some web client https formats have been skipped as they are missing a url. YouTube is forcing SABR streaming for this client. See  https://github.com/yt-dlp/yt-dlp/issues/12482  for more details
WARNING: [youtube] Zk3FX8ZXa-s: Some web client https formats have been skipped as they are missing a url. YouTube is forcing SABR streaming for this client. See  https://github.com/yt-dlp/yt-dlp/issues/12482  for more details
Deprecated Feature: Support for Python version 3.9 has been deprecated. Please update to Python 3.10 or above
WARNING: [youtube] y5hogSW2mqU: Some web client https formats have been skipped as they are missing a url. YouTube is forcing SABR streaming for this client. See  https://github.com/yt-dlp/yt-dlp/issues/12482  for more details
WARNING: [youtube] flvZ6jEj3VU: Some web client https formats have been skipped as they are missing a url. YouTube is forcing SABR streaming for this client. See  https://github.com/yt-dlp/yt-dlp/issues/12482  for more details
WARNING: [youtube] eHe2F10TlV4: Some web client https formats have been skipped as they are missing a url. YouTube is forcing SABR streaming for this client. See  https://github.com/yt-dlp/yt-dlp/issues/12482  for more details
WARNING: [youtube] kktBVmjA19A: Some web client https formats have been skipped as they are missing a url. YouTube is forcing SABR streaming for this client. See  https://github.com/yt-dlp/yt-dlp/issues/12482  for more details
WARNING: [youtube] vD_4Hce2G_w: Some web client https formats have been skipped as they are missing a url. YouTube is forcing SABR streaming for this client. See  https://github.com/yt-dlp/yt-dlp/issues/12482  for more details
Deprecated Feature: Support for Python version 3.9 has been deprecated. Please update to Python 3.10 or above
WARNING: [youtube] RCbJKkG_mZs: Some web client https formats have been skipped as they are missing a url. YouTube is forcing SABR streaming for this client. See  https://github.com/yt-dlp/yt-dlp/issues/12482  for more details
WARNING: [youtube] D8ohmtB8MdI: Some web client https formats have been skipped as they are missing a url. YouTube is forcing SABR streaming for this client. See  https://github.com/yt-dlp/yt-dlp/issues/12482  for more details
WARNING: [youtube] 4IM866W7yGc: Some web client https formats have been skipped as they are missing a url. YouTube is forcing SABR streaming for this client. See  https://github.com/yt-dlp/yt-dlp/issues/12482  for more details
WARNING: [youtube] Bj0i-yvIUQs: Some web client https formats have been skipped as they are missing a url. YouTube is forcing SABR streaming for this client. See  https://github.com/yt-dlp/yt-dlp/issues/12482  for more details
WARNING: [youtube] LVvleNtllPk: Some web client https formats have been skipped as they are missing a url. YouTube is forcing SABR streaming for this client. See  https://github.com/yt-dlp/yt-dlp/issues/12482  for more details
Deprecated Feature: Support for Python version 3.9 has been deprecated. Please update to Python 3.10 or above
WARNING: [youtube] NdU6UdUKaYc: Some web client https formats have been skipped as they are missing a url. YouTube is forcing SABR streaming for this client. See  https://github.com/yt-dlp/yt-dlp/issues/12482  for more details
WARNING: [youtube] jLFG_FZKbks: Some web client https formats have been skipped as they are missing a url. YouTube is forcing SABR streaming for this client. See  https://github.com/yt-dlp/yt-dlp/issues/12482  for more details
WARNING: [youtube] PnpHwhTWw0c: Some web client https formats have been skipped as they are missing a url. YouTube is forcing SABR streaming for this client. See  https://github.com/yt-dlp/yt-dlp/issues/12482  for more details
WARNING: [youtube] m-nnyNZ0TQ0: Some web client https formats have been skipped as they are missing a url. YouTube is forcing SABR streaming for this client. See  https://github.com/yt-dlp/yt-dlp/issues/12482  for more details
WARNING: [youtube] jt5hHb6kzYM: Some web client https formats have been skipped as they are missing a url. YouTube is forcing SABR streaming for this client. See  https://github.com/yt-dlp/yt-dlp/issues/12482  for more details
Deprecated Feature: Support for Python version 3.9 has been deprecated. Please update to Python 3.10 or above
WARNING: [youtube] i9TvUGeTltE: Some web client https formats have been skipped as they are missing a url. YouTube is forcing SABR streaming for this client. See  https://github.com/yt-dlp/yt-dlp/issues/12482  for more details
WARNING: [youtube] 7YrdI7h2XoY: Some web client https formats have been skipped as they are missing a url. YouTube is forcing SABR streaming for this client. See  https://github.com/yt-dlp/yt-dlp/issues/12482  for more details
WARNING: [youtube] c347oYQO57A: Some web client https formats have been skipped as they are missing a url. YouTube is forcing SABR streaming for this client. See  https://github.com/yt-dlp/yt-dlp/issues/12482  for more details
WARNING: [youtube] 5aS-8QCRdGE: Some web client https formats have been skipped as they are missing a url. YouTube is forcing SABR streaming for this client. See  https://github.com/yt-dlp/yt-dlp/issues/12482  for more details
WARNING: [youtube] Hc0aqOEU2w8: Some web client https formats have been skipped as they are missing a url. YouTube is forcing SABR streaming for this client. See  https://github.com/yt-dlp/yt-dlp/issues/12482  for more details
Deprecated Feature: Support for Python version 3.9 has been deprecated. Please update to Python 3.10 or above
WARNING: [youtube] i9TvUGeTltE: Some web client https formats have been skipped as they are missing a url. YouTube is forcing SABR streaming for this client. See  https://github.com/yt-dlp/yt-dlp/issues/12482  for more details
WARNING: [youtube] 7YrdI7h2XoY: Some web client https formats have been skipped as they are missing a url. YouTube is forcing SABR streaming for this client. See  https://github.com/yt-dlp/yt-dlp/issues/12482  for more details
WARNING: [youtube] c347oYQO57A: Some web client https formats have been skipped as they are missing a url. YouTube is forcing SABR streaming for this client. See  https://github.com/yt-dlp/yt-dlp/issues/12482  for more details
WARNING: [youtube] 5aS-8QCRdGE: Some web client https formats have been skipped as they are missing a url. YouTube is forcing SABR streaming for this client. See  https://github.com/yt-dlp/yt-dlp/issues/12482  for more details
WARNING: [youtube] Hc0aqOEU2w8: Some web client https formats have been skipped as they are missing a url. YouTube is forcing SABR streaming for this client. See  https://github.com/yt-dlp/yt-dlp/issues/12482  for more details
2026-05-06 04:06:13,006 [INFO] [MiniMax] 请求状态: 200, attempt=1
2026-05-06 04:06:13,013 [INFO] [MiniMax] 成功, 输出长度: 37
2026-05-06 04:06:13,015 [INFO] [translate_to_chinese] status=SUCCESS, len=37
2026-05-06 04:07:09,444 [INFO] [MiniMax] 请求状态: 200, attempt=1
2026-05-06 04:07:09,447 [INFO] [MiniMax] 成功, 输出长度: 4885
2026-05-06 04:07:09,448 [INFO] [generate_youtube_summary] status=SUCCESS, len=4885
2026-05-06 04:07:18,976 [INFO] [MiniMax] 请求状态: 200, attempt=1
2026-05-06 04:07:18,977 [INFO] [MiniMax] 成功, 输出长度: 16
2026-05-06 04:07:18,978 [INFO] [translate_to_chinese] status=SUCCESS, len=16
2026-05-06 04:08:00,292 [INFO] [MiniMax] 请求状态: 200, attempt=1
2026-05-06 04:08:00,295 [INFO] [MiniMax] 成功, 输出长度: 3190
2026-05-06 04:08:00,297 [INFO] [generate_youtube_summary] status=SUCCESS, len=3190
2026-05-06 04:08:04,237 [INFO] [MiniMax] 请求状态: 200, attempt=1
2026-05-06 04:08:04,237 [INFO] [MiniMax] 成功, 输出长度: 20
2026-05-06 04:08:04,238 [INFO] [translate_to_chinese] status=SUCCESS, len=20
2026-05-06 04:08:32,598 [INFO] [MiniMax] 请求状态: 200, attempt=1
2026-05-06 04:08:32,600 [INFO] [MiniMax] 成功, 输出长度: 2514
2026-05-06 04:08:32,601 [INFO] [generate_youtube_summary] status=SUCCESS, len=2514
2026-05-06 04:08:42,215 [INFO] [MiniMax] 请求状态: 200, attempt=1
2026-05-06 04:08:42,215 [INFO] [MiniMax] 成功, 输出长度: 32
2026-05-06 04:08:42,216 [INFO] [translate_to_chinese] status=SUCCESS, len=32
2026-05-06 04:09:31,005 [INFO] [MiniMax] 请求状态: 200, attempt=1
2026-05-06 04:09:31,007 [INFO] [MiniMax] 成功, 输出长度: 3339
2026-05-06 04:09:31,010 [INFO] [generate_youtube_summary] status=SUCCESS, len=3339
2026-05-06 04:09:38,956 [INFO] [MiniMax] 请求状态: 200, attempt=1
2026-05-06 04:09:38,957 [INFO] [MiniMax] 成功, 输出长度: 18
2026-05-06 04:09:38,958 [INFO] [translate_to_chinese] status=SUCCESS, len=18
2026-05-06 04:10:28,911 [INFO] [MiniMax] 请求状态: 200, attempt=1
2026-05-06 04:10:28,912 [INFO] [MiniMax] 成功, 输出长度: 3231
2026-05-06 04:10:28,914 [INFO] [generate_youtube_summary] status=SUCCESS, len=3231
2026-05-06 04:10:35,318 [INFO] [MiniMax] 请求状态: 200, attempt=1
2026-05-06 04:10:35,318 [INFO] [MiniMax] 成功, 输出长度: 18
2026-05-06 04:10:35,319 [INFO] [translate_to_chinese] status=SUCCESS, len=18
2026-05-06 04:11:00,752 [INFO] [MiniMax] 请求状态: 200, attempt=1
2026-05-06 04:11:00,754 [INFO] [MiniMax] 成功, 输出长度: 1598
2026-05-06 04:11:00,756 [INFO] [generate_youtube_summary] status=SUCCESS, len=1598
/Users/vincentnie/Library/Python/3.9/lib/python/site-packages/urllib3/__init__.py:35: NotOpenSSLWarning: urllib3 v2 only supports OpenSSL 1.1.1+, currently the 'ssl' module is compiled with 'LibreSSL 2.8.3'. See: https://github.com/urllib3/urllib3/issues/3020
  warnings.warn(
/Users/vincentnie/Library/Python/3.9/lib/python/site-packages/urllib3/__init__.py:35: NotOpenSSLWarning: urllib3 v2 only supports OpenSSL 1.1.1+, currently the 'ssl' module is compiled with 'LibreSSL 2.8.3'. See: https://github.com/urllib3/urllib3/issues/3020
  warnings.warn(
/Users/vincentnie/Library/Python/3.9/lib/python/site-packages/urllib3/connectionpool.py:1097: InsecureRequestWarning: Unverified HTTPS request is being made to host '127.0.0.1'. Adding certificate verification is strongly advised. See: https://urllib3.readthedocs.io/en/latest/advanced-usage.html#tls-warnings
  warnings.warn(
/Users/vincentnie/Library/Python/3.9/lib/python/site-packages/urllib3/connectionpool.py:1097: InsecureRequestWarning: Unverified HTTPS request is being made to host '127.0.0.1'. Adding certificate verification is strongly advised. See: https://urllib3.readthedocs.io/en/latest/advanced-usage.html#tls-warnings
  warnings.warn(
/Users/vincentnie/Library/Python/3.9/lib/python/site-packages/urllib3/connectionpool.py:1097: InsecureRequestWarning: Unverified HTTPS request is being made to host '127.0.0.1'. Adding certificate verification is strongly advised. See: https://urllib3.readthedocs.io/en/latest/advanced-usage.html#tls-warnings
  warnings.warn(
/Users/vincentnie/Library/Python/3.9/lib/python/site-packages/urllib3/connectionpool.py:1097: InsecureRequestWarning: Unverified HTTPS request is being made to host '127.0.0.1'. Adding certificate verification is strongly advised. See: https://urllib3.readthedocs.io/en/latest/advanced-usage.html#tls-warnings
  warnings.warn(
/Users/vincentnie/Library/Python/3.9/lib/python/site-packages/urllib3/connectionpool.py:1097: InsecureRequestWarning: Unverified HTTPS request is being made to host '127.0.0.1'. Adding certificate verification is strongly advised. See: https://urllib3.readthedocs.io/en/latest/advanced-usage.html#tls-warnings
  warnings.warn(
/Users/vincentnie/Library/Python/3.9/lib/python/site-packages/urllib3/connectionpool.py:1097: InsecureRequestWarning: Unverified HTTPS request is being made to host '127.0.0.1'. Adding certificate verification is strongly advised. See: https://urllib3.readthedocs.io/en/latest/advanced-usage.html#tls-warnings
  warnings.warn(
/Users/vincentnie/Library/Python/3.9/lib/python/site-packages/urllib3/connectionpool.py:1097: InsecureRequestWarning: Unverified HTTPS request is being made to host '127.0.0.1'. Adding certificate verification is strongly advised. See: https://urllib3.readthedocs.io/en/latest/advanced-usage.html#tls-warnings
  warnings.warn(
/Users/vincentnie/Library/Python/3.9/lib/python/site-packages/urllib3/connectionpool.py:1097: InsecureRequestWarning: Unverified HTTPS request is being made to host '127.0.0.1'. Adding certificate verification is strongly advised. See: https://urllib3.readthedocs.io/en/latest/advanced-usage.html#tls-warnings
  warnings.warn(
/Users/vincentnie/Library/Python/3.9/lib/python/site-packages/urllib3/connectionpool.py:1097: InsecureRequestWarning: Unverified HTTPS request is being made to host '127.0.0.1'. Adding certificate verification is strongly advised. See: https://urllib3.readthedocs.io/en/latest/advanced-usage.html#tls-warnings
  warnings.warn(
/Users/vincentnie/Library/Python/3.9/lib/python/site-packages/urllib3/connectionpool.py:1097: InsecureRequestWarning: Unverified HTTPS request is being made to host '127.0.0.1'. Adding certificate verification is strongly advised. See: https://urllib3.readthedocs.io/en/latest/advanced-usage.html#tls-warnings
  warnings.warn(
/Users/vincentnie/Library/Python/3.9/lib/python/site-packages/urllib3/connectionpool.py:1097: InsecureRequestWarning: Unverified HTTPS request is being made to host '127.0.0.1'. Adding certificate verification is strongly advised. See: https://urllib3.readthedocs.io/en/latest/advanced-usage.html#tls-warnings
  warnings.warn(
2026-05-07 04:02:33,265 [INFO] [MiniMax] 请求状态: 200, attempt=1
2026-05-07 04:02:33,268 [INFO] [MiniMax] 成功, 输出长度: 2693
2026-05-07 04:02:33,270 [INFO] [generate_podcast_summary] status=SUCCESS, len=2693
/Users/vincentnie/Library/Python/3.9/lib/python/site-packages/urllib3/__init__.py:35: NotOpenSSLWarning: urllib3 v2 only supports OpenSSL 1.1.1+, currently the 'ssl' module is compiled with 'LibreSSL 2.8.3'. See: https://github.com/urllib3/urllib3/issues/3020
  warnings.warn(
Deprecated Feature: Support for Python version 3.9 has been deprecated. Please update to Python 3.10 or above
WARNING: [youtube] iKx3gAODybU: Some web client https formats have been skipped as they are missing a url. YouTube is forcing SABR streaming for this client. See  https://github.com/yt-dlp/yt-dlp/issues/12482  for more details
WARNING: [youtube] vif8NQcjVf0: Some web client https formats have been skipped as they are missing a url. YouTube is forcing SABR streaming for this client. See  https://github.com/yt-dlp/yt-dlp/issues/12482  for more details
WARNING: [youtube] H9rF1CSSh-w: Some web client https formats have been skipped as they are missing a url. YouTube is forcing SABR streaming for this client. See  https://github.com/yt-dlp/yt-dlp/issues/12482  for more details
WARNING: [youtube] 1SJiTwbSI58: Some web client https formats have been skipped as they are missing a url. YouTube is forcing SABR streaming for this client. See  https://github.com/yt-dlp/yt-dlp/issues/12482  for more details
WARNING: [youtube] KGVpKPNUdzA: Some web client https formats have been skipped as they are missing a url. YouTube is forcing SABR streaming for this client. See  https://github.com/yt-dlp/yt-dlp/issues/12482  for more details
Deprecated Feature: Support for Python version 3.9 has been deprecated. Please update to Python 3.10 or above
WARNING: [youtube] 6cCWrrQp1v4: Some web client https formats have been skipped as they are missing a url. YouTube is forcing SABR streaming for this client. See  https://github.com/yt-dlp/yt-dlp/issues/12482  for more details
WARNING: [youtube] Z4i1adGvD2A: Some web client https formats have been skipped as they are missing a url. YouTube is forcing SABR streaming for this client. See  https://github.com/yt-dlp/yt-dlp/issues/12482  for more details
WARNING: [youtube] fUI0CNg1hCc: Some web client https formats have been skipped as they are missing a url. YouTube is forcing SABR streaming for this client. See  https://github.com/yt-dlp/yt-dlp/issues/12482  for more details
WARNING: [youtube] dvVbA9OcBqs: Some web client https formats have been skipped as they are missing a url. YouTube is forcing SABR streaming for this client. See  https://github.com/yt-dlp/yt-dlp/issues/12482  for more details
WARNING: [youtube] 82HsvG1_Nqk: Some web client https formats have been skipped as they are missing a url. YouTube is forcing SABR streaming for this client. See  https://github.com/yt-dlp/yt-dlp/issues/12482  for more details
Deprecated Feature: Support for Python version 3.9 has been deprecated. Please update to Python 3.10 or above
WARNING: [youtube] No title found in player responses; falling back to title from initial data. Other metadata may also be missing
ERROR: [youtube] fpC4sbawSzQ: Sign in to confirm you’re not a bot. Use --cookies-from-browser or --cookies for the authentication. See  https://github.com/yt-dlp/yt-dlp/wiki/FAQ#how-do-i-pass-cookies-to-yt-dlp  for how to manually pass cookies. Also see  https://github.com/yt-dlp/yt-dlp/wiki/Extractors#exporting-youtube-cookies  for tips on effectively exporting YouTube cookies
WARNING: [youtube] No title found in player responses; falling back to title from initial data. Other metadata may also be missing
ERROR: [youtube] 9WQu7w1tII0: Sign in to confirm you’re not a bot. Use --cookies-from-browser or --cookies for the authentication. See  https://github.com/yt-dlp/yt-dlp/wiki/FAQ#how-do-i-pass-cookies-to-yt-dlp  for how to manually pass cookies. Also see  https://github.com/yt-dlp/yt-dlp/wiki/Extractors#exporting-youtube-cookies  for tips on effectively exporting YouTube cookies
WARNING: [youtube] No title found in player responses; falling back to title from initial data. Other metadata may also be missing
ERROR: [youtube] 1bCXCxrDsCs: Sign in to confirm you’re not a bot. Use --cookies-from-browser or --cookies for the authentication. See  https://github.com/yt-dlp/yt-dlp/wiki/FAQ#how-do-i-pass-cookies-to-yt-dlp  for how to manually pass cookies. Also see  https://github.com/yt-dlp/yt-dlp/wiki/Extractors#exporting-youtube-cookies  for tips on effectively exporting YouTube cookies
WARNING: [youtube] No title found in player responses; falling back to title from initial data. Other metadata may also be missing
ERROR: [youtube] SFdqX7IY7RY: Sign in to confirm you’re not a bot. Use --cookies-from-browser or --cookies for the authentication. See  https://github.com/yt-dlp/yt-dlp/wiki/FAQ#how-do-i-pass-cookies-to-yt-dlp  for how to manually pass cookies. Also see  https://github.com/yt-dlp/yt-dlp/wiki/Extractors#exporting-youtube-cookies  for tips on effectively exporting YouTube cookies
WARNING: [youtube] No title found in player responses; falling back to title from initial data. Other metadata may also be missing
ERROR: [youtube] DVBJQQCjgXU: Sign in to confirm you’re not a bot. Use --cookies-from-browser or --cookies for the authentication. See  https://github.com/yt-dlp/yt-dlp/wiki/FAQ#how-do-i-pass-cookies-to-yt-dlp  for how to manually pass cookies. Also see  https://github.com/yt-dlp/yt-dlp/wiki/Extractors#exporting-youtube-cookies  for tips on effectively exporting YouTube cookies
Deprecated Feature: Support for Python version 3.9 has been deprecated. Please update to Python 3.10 or above
WARNING: [youtube] No title found in player responses; falling back to title from initial data. Other metadata may also be missing
ERROR: [youtube] VdcD6qX8Xrc: Sign in to confirm you’re not a bot. Use --cookies-from-browser or --cookies for the authentication. See  https://github.com/yt-dlp/yt-dlp/wiki/FAQ#how-do-i-pass-cookies-to-yt-dlp  for how to manually pass cookies. Also see  https://github.com/yt-dlp/yt-dlp/wiki/Extractors#exporting-youtube-cookies  for tips on effectively exporting YouTube cookies
WARNING: [youtube] No title found in player responses; falling back to title from initial data. Other metadata may also be missing
ERROR: [youtube] X9GQiouEdJ8: Sign in to confirm you’re not a bot. Use --cookies-from-browser or --cookies for the authentication. See  https://github.com/yt-dlp/yt-dlp/wiki/FAQ#how-do-i-pass-cookies-to-yt-dlp  for how to manually pass cookies. Also see  https://github.com/yt-dlp/yt-dlp/wiki/Extractors#exporting-youtube-cookies  for tips on effectively exporting YouTube cookies
WARNING: [youtube] No title found in player responses; falling back to title from initial data. Other metadata may also be missing
ERROR: [youtube] 6LkMI6uvqZY: Sign in to confirm you’re not a bot. Use --cookies-from-browser or --cookies for the authentication. See  https://github.com/yt-dlp/yt-dlp/wiki/FAQ#how-do-i-pass-cookies-to-yt-dlp  for how to manually pass cookies. Also see  https://github.com/yt-dlp/yt-dlp/wiki/Extractors#exporting-youtube-cookies  for tips on effectively exporting YouTube cookies
WARNING: [youtube] No title found in player responses; falling back to title from initial data. Other metadata may also be missing
ERROR: [youtube] e4rTYZYRGao: Sign in to confirm you’re not a bot. Use --cookies-from-browser or --cookies for the authentication. See  https://github.com/yt-dlp/yt-dlp/wiki/FAQ#how-do-i-pass-cookies-to-yt-dlp  for how to manually pass cookies. Also see  https://github.com/yt-dlp/yt-dlp/wiki/Extractors#exporting-youtube-cookies  for tips on effectively exporting YouTube cookies
WARNING: [youtube] No title found in player responses; falling back to title from initial data. Other metadata may also be missing
ERROR: [youtube] UQZooauU-FQ: Sign in to confirm you’re not a bot. Use --cookies-from-browser or --cookies for the authentication. See  https://github.com/yt-dlp/yt-dlp/wiki/FAQ#how-do-i-pass-cookies-to-yt-dlp  for how to manually pass cookies. Also see  https://github.com/yt-dlp/yt-dlp/wiki/Extractors#exporting-youtube-cookies  for tips on effectively exporting YouTube cookies
Deprecated Feature: Support for Python version 3.9 has been deprecated. Please update to Python 3.10 or above
WARNING: [youtube] No title found in player responses; falling back to title from initial data. Other metadata may also be missing
ERROR: [youtube] ZXFw8EGbX3E: Sign in to confirm you’re not a bot. Use --cookies-from-browser or --cookies for the authentication. See  https://github.com/yt-dlp/yt-dlp/wiki/FAQ#how-do-i-pass-cookies-to-yt-dlp  for how to manually pass cookies. Also see  https://github.com/yt-dlp/yt-dlp/wiki/Extractors#exporting-youtube-cookies  for tips on effectively exporting YouTube cookies
WARNING: [youtube] No title found in player responses; falling back to title from initial data. Other metadata may also be missing
ERROR: [youtube] MyNrZINd4E8: Sign in to confirm you’re not a bot. Use --cookies-from-browser or --cookies for the authentication. See  https://github.com/yt-dlp/yt-dlp/wiki/FAQ#how-do-i-pass-cookies-to-yt-dlp  for how to manually pass cookies. Also see  https://github.com/yt-dlp/yt-dlp/wiki/Extractors#exporting-youtube-cookies  for tips on effectively exporting YouTube cookies
WARNING: [youtube] No title found in player responses; falling back to title from initial data. Other metadata may also be missing
ERROR: [youtube] 9E9Nq-jKYtI: Sign in to confirm you’re not a bot. Use --cookies-from-browser or --cookies for the authentication. See  https://github.com/yt-dlp/yt-dlp/wiki/FAQ#how-do-i-pass-cookies-to-yt-dlp  for how to manually pass cookies. Also see  https://github.com/yt-dlp/yt-dlp/wiki/Extractors#exporting-youtube-cookies  for tips on effectively exporting YouTube cookies
WARNING: [youtube] No title found in player responses; falling back to title from initial data. Other metadata may also be missing
ERROR: [youtube] QNPzWaafsCA: Sign in to confirm you’re not a bot. Use --cookies-from-browser or --cookies for the authentication. See  https://github.com/yt-dlp/yt-dlp/wiki/FAQ#how-do-i-pass-cookies-to-yt-dlp  for how to manually pass cookies. Also see  https://github.com/yt-dlp/yt-dlp/wiki/Extractors#exporting-youtube-cookies  for tips on effectively exporting YouTube cookies
WARNING: [youtube] No title found in player responses; falling back to title from initial data. Other metadata may also be missing
ERROR: [youtube] TvhSxb8qltw: Sign in to confirm you’re not a bot. Use --cookies-from-browser or --cookies for the authentication. See  https://github.com/yt-dlp/yt-dlp/wiki/FAQ#how-do-i-pass-cookies-to-yt-dlp  for how to manually pass cookies. Also see  https://github.com/yt-dlp/yt-dlp/wiki/Extractors#exporting-youtube-cookies  for tips on effectively exporting YouTube cookies
Deprecated Feature: Support for Python version 3.9 has been deprecated. Please update to Python 3.10 or above
WARNING: [youtube] No title found in player responses; falling back to title from initial data. Other metadata may also be missing
ERROR: [youtube] 93I_CRPhKFM: Sign in to confirm you’re not a bot. Use --cookies-from-browser or --cookies for the authentication. See  https://github.com/yt-dlp/yt-dlp/wiki/FAQ#how-do-i-pass-cookies-to-yt-dlp  for how to manually pass cookies. Also see  https://github.com/yt-dlp/yt-dlp/wiki/Extractors#exporting-youtube-cookies  for tips on effectively exporting YouTube cookies
WARNING: [youtube] No title found in player responses; falling back to title from initial data. Other metadata may also be missing
ERROR: [youtube] kRfg5ZISJZ4: Sign in to confirm you’re not a bot. Use --cookies-from-browser or --cookies for the authentication. See  https://github.com/yt-dlp/yt-dlp/wiki/FAQ#how-do-i-pass-cookies-to-yt-dlp  for how to manually pass cookies. Also see  https://github.com/yt-dlp/yt-dlp/wiki/Extractors#exporting-youtube-cookies  for tips on effectively exporting YouTube cookies
WARNING: [youtube] No title found in player responses; falling back to title from initial data. Other metadata may also be missing
ERROR: [youtube] oCtLmeo56Jo: Sign in to confirm you’re not a bot. Use --cookies-from-browser or --cookies for the authentication. See  https://github.com/yt-dlp/yt-dlp/wiki/FAQ#how-do-i-pass-cookies-to-yt-dlp  for how to manually pass cookies. Also see  https://github.com/yt-dlp/yt-dlp/wiki/Extractors#exporting-youtube-cookies  for tips on effectively exporting YouTube cookies
WARNING: [youtube] No title found in player responses; falling back to title from initial data. Other metadata may also be missing
ERROR: [youtube] 76_9x4YyFyQ: Sign in to confirm you’re not a bot. Use --cookies-from-browser or --cookies for the authentication. See  https://github.com/yt-dlp/yt-dlp/wiki/FAQ#how-do-i-pass-cookies-to-yt-dlp  for how to manually pass cookies. Also see  https://github.com/yt-dlp/yt-dlp/wiki/Extractors#exporting-youtube-cookies  for tips on effectively exporting YouTube cookies
WARNING: [youtube] No title found in player responses; falling back to title from initial data. Other metadata may also be missing
ERROR: [youtube] 5e0ujKe66vM: Sign in to confirm you’re not a bot. Use --cookies-from-browser or --cookies for the authentication. See  https://github.com/yt-dlp/yt-dlp/wiki/FAQ#how-do-i-pass-cookies-to-yt-dlp  for how to manually pass cookies. Also see  https://github.com/yt-dlp/yt-dlp/wiki/Extractors#exporting-youtube-cookies  for tips on effectively exporting YouTube cookies
Deprecated Feature: Support for Python version 3.9 has been deprecated. Please update to Python 3.10 or above
WARNING: [youtube] No title found in player responses; falling back to title from initial data. Other metadata may also be missing
ERROR: [youtube] EJg67cLfLYo: Sign in to confirm you’re not a bot. Use --cookies-from-browser or --cookies for the authentication. See  https://github.com/yt-dlp/yt-dlp/wiki/FAQ#how-do-i-pass-cookies-to-yt-dlp  for how to manually pass cookies. Also see  https://github.com/yt-dlp/yt-dlp/wiki/Extractors#exporting-youtube-cookies  for tips on effectively exporting YouTube cookies
WARNING: [youtube] No title found in player responses; falling back to title from initial data. Other metadata may also be missing
ERROR: [youtube] JB2P5Gk23VI: Sign in to confirm you’re not a bot. Use --cookies-from-browser or --cookies for the authentication. See  https://github.com/yt-dlp/yt-dlp/wiki/FAQ#how-do-i-pass-cookies-to-yt-dlp  for how to manually pass cookies. Also see  https://github.com/yt-dlp/yt-dlp/wiki/Extractors#exporting-youtube-cookies  for tips on effectively exporting YouTube cookies
WARNING: [youtube] No title found in player responses; falling back to title from initial data. Other metadata may also be missing
ERROR: [youtube] g9JIUM0MHgQ: Sign in to confirm you’re not a bot. Use --cookies-from-browser or --cookies for the authentication. See  https://github.com/yt-dlp/yt-dlp/wiki/FAQ#how-do-i-pass-cookies-to-yt-dlp  for how to manually pass cookies. Also see  https://github.com/yt-dlp/yt-dlp/wiki/Extractors#exporting-youtube-cookies  for tips on effectively exporting YouTube cookies
WARNING: [youtube] No title found in player responses; falling back to title from initial data. Other metadata may also be missing
ERROR: [youtube] fPWjWTFveBQ: Sign in to confirm you’re not a bot. Use --cookies-from-browser or --cookies for the authentication. See  https://github.com/yt-dlp/yt-dlp/wiki/FAQ#how-do-i-pass-cookies-to-yt-dlp  for how to manually pass cookies. Also see  https://github.com/yt-dlp/yt-dlp/wiki/Extractors#exporting-youtube-cookies  for tips on effectively exporting YouTube cookies
WARNING: [youtube] No title found in player responses; falling back to title from initial data. Other metadata may also be missing
ERROR: [youtube] pN-LfxNFiTc: Sign in to confirm you’re not a bot. Use --cookies-from-browser or --cookies for the authentication. See  https://github.com/yt-dlp/yt-dlp/wiki/FAQ#how-do-i-pass-cookies-to-yt-dlp  for how to manually pass cookies. Also see  https://github.com/yt-dlp/yt-dlp/wiki/Extractors#exporting-youtube-cookies  for tips on effectively exporting YouTube cookies
Deprecated Feature: Support for Python version 3.9 has been deprecated. Please update to Python 3.10 or above
WARNING: [youtube] No title found in player responses; falling back to title from initial data. Other metadata may also be missing
ERROR: [youtube] sfkyiXvlYL0: Sign in to confirm you’re not a bot. Use --cookies-from-browser or --cookies for the authentication. See  https://github.com/yt-dlp/yt-dlp/wiki/FAQ#how-do-i-pass-cookies-to-yt-dlp  for how to manually pass cookies. Also see  https://github.com/yt-dlp/yt-dlp/wiki/Extractors#exporting-youtube-cookies  for tips on effectively exporting YouTube cookies
WARNING: [youtube] No title found in player responses; falling back to title from initial data. Other metadata may also be missing
ERROR: [youtube] TiW96H5HmAw: Sign in to confirm you’re not a bot. Use --cookies-from-browser or --cookies for the authentication. See  https://github.com/yt-dlp/yt-dlp/wiki/FAQ#how-do-i-pass-cookies-to-yt-dlp  for how to manually pass cookies. Also see  https://github.com/yt-dlp/yt-dlp/wiki/Extractors#exporting-youtube-cookies  for tips on effectively exporting YouTube cookies
WARNING: [youtube] No title found in player responses; falling back to title from initial data. Other metadata may also be missing
ERROR: [youtube] y5hogSW2mqU: Sign in to confirm you’re not a bot. Use --cookies-from-browser or --cookies for the authentication. See  https://github.com/yt-dlp/yt-dlp/wiki/FAQ#how-do-i-pass-cookies-to-yt-dlp  for how to manually pass cookies. Also see  https://github.com/yt-dlp/yt-dlp/wiki/Extractors#exporting-youtube-cookies  for tips on effectively exporting YouTube cookies
WARNING: [youtube] No title found in player responses; falling back to title from initial data. Other metadata may also be missing
ERROR: [youtube] flvZ6jEj3VU: Sign in to confirm you’re not a bot. Use --cookies-from-browser or --cookies for the authentication. See  https://github.com/yt-dlp/yt-dlp/wiki/FAQ#how-do-i-pass-cookies-to-yt-dlp  for how to manually pass cookies. Also see  https://github.com/yt-dlp/yt-dlp/wiki/Extractors#exporting-youtube-cookies  for tips on effectively exporting YouTube cookies
WARNING: [youtube] No title found in player responses; falling back to title from initial data. Other metadata may also be missing
ERROR: [youtube] eHe2F10TlV4: Sign in to confirm you’re not a bot. Use --cookies-from-browser or --cookies for the authentication. See  https://github.com/yt-dlp/yt-dlp/wiki/FAQ#how-do-i-pass-cookies-to-yt-dlp  for how to manually pass cookies. Also see  https://github.com/yt-dlp/yt-dlp/wiki/Extractors#exporting-youtube-cookies  for tips on effectively exporting YouTube cookies
Deprecated Feature: Support for Python version 3.9 has been deprecated. Please update to Python 3.10 or above
WARNING: [youtube] RCbJKkG_mZs: Some web client https formats have been skipped as they are missing a url. YouTube is forcing SABR streaming for this client. See  https://github.com/yt-dlp/yt-dlp/issues/12482  for more details
WARNING: [youtube] D8ohmtB8MdI: Some web client https formats have been skipped as they are missing a url. YouTube is forcing SABR streaming for this client. See  https://github.com/yt-dlp/yt-dlp/issues/12482  for more details
WARNING: [youtube] 4IM866W7yGc: Some web client https formats have been skipped as they are missing a url. YouTube is forcing SABR streaming for this client. See  https://github.com/yt-dlp/yt-dlp/issues/12482  for more details
WARNING: [youtube] Bj0i-yvIUQs: Some web client https formats have been skipped as they are missing a url. YouTube is forcing SABR streaming for this client. See  https://github.com/yt-dlp/yt-dlp/issues/12482  for more details
WARNING: [youtube] LVvleNtllPk: Some web client https formats have been skipped as they are missing a url. YouTube is forcing SABR streaming for this client. See  https://github.com/yt-dlp/yt-dlp/issues/12482  for more details
Deprecated Feature: Support for Python version 3.9 has been deprecated. Please update to Python 3.10 or above
WARNING: [youtube] NdU6UdUKaYc: Some web client https formats have been skipped as they are missing a url. YouTube is forcing SABR streaming for this client. See  https://github.com/yt-dlp/yt-dlp/issues/12482  for more details
WARNING: [youtube] jLFG_FZKbks: Some web client https formats have been skipped as they are missing a url. YouTube is forcing SABR streaming for this client. See  https://github.com/yt-dlp/yt-dlp/issues/12482  for more details
WARNING: [youtube] PnpHwhTWw0c: Some web client https formats have been skipped as they are missing a url. YouTube is forcing SABR streaming for this client. See  https://github.com/yt-dlp/yt-dlp/issues/12482  for more details
WARNING: [youtube] m-nnyNZ0TQ0: Some web client https formats have been skipped as they are missing a url. YouTube is forcing SABR streaming for this client. See  https://github.com/yt-dlp/yt-dlp/issues/12482  for more details
WARNING: [youtube] jt5hHb6kzYM: Some web client https formats have been skipped as they are missing a url. YouTube is forcing SABR streaming for this client. See  https://github.com/yt-dlp/yt-dlp/issues/12482  for more details
Deprecated Feature: Support for Python version 3.9 has been deprecated. Please update to Python 3.10 or above
WARNING: [youtube] i9TvUGeTltE: Some web client https formats have been skipped as they are missing a url. YouTube is forcing SABR streaming for this client. See  https://github.com/yt-dlp/yt-dlp/issues/12482  for more details
WARNING: [youtube] 7YrdI7h2XoY: Some web client https formats have been skipped as they are missing a url. YouTube is forcing SABR streaming for this client. See  https://github.com/yt-dlp/yt-dlp/issues/12482  for more details
WARNING: [youtube] c347oYQO57A: Some web client https formats have been skipped as they are missing a url. YouTube is forcing SABR streaming for this client. See  https://github.com/yt-dlp/yt-dlp/issues/12482  for more details
WARNING: [youtube] 5aS-8QCRdGE: Some web client https formats have been skipped as they are missing a url. YouTube is forcing SABR streaming for this client. See  https://github.com/yt-dlp/yt-dlp/issues/12482  for more details
WARNING: [youtube] Hc0aqOEU2w8: Some web client https formats have been skipped as they are missing a url. YouTube is forcing SABR streaming for this client. See  https://github.com/yt-dlp/yt-dlp/issues/12482  for more details
Deprecated Feature: Support for Python version 3.9 has been deprecated. Please update to Python 3.10 or above
WARNING: [youtube] i9TvUGeTltE: Some web client https formats have been skipped as they are missing a url. YouTube is forcing SABR streaming for this client. See  https://github.com/yt-dlp/yt-dlp/issues/12482  for more details
WARNING: [youtube] No title found in player responses; falling back to title from initial data. Other metadata may also be missing
ERROR: [youtube] 7YrdI7h2XoY: Sign in to confirm you’re not a bot. Use --cookies-from-browser or --cookies for the authentication. See  https://github.com/yt-dlp/yt-dlp/wiki/FAQ#how-do-i-pass-cookies-to-yt-dlp  for how to manually pass cookies. Also see  https://github.com/yt-dlp/yt-dlp/wiki/Extractors#exporting-youtube-cookies  for tips on effectively exporting YouTube cookies
WARNING: [youtube] No title found in player responses; falling back to title from initial data. Other metadata may also be missing
ERROR: [youtube] c347oYQO57A: Sign in to confirm you’re not a bot. Use --cookies-from-browser or --cookies for the authentication. See  https://github.com/yt-dlp/yt-dlp/wiki/FAQ#how-do-i-pass-cookies-to-yt-dlp  for how to manually pass cookies. Also see  https://github.com/yt-dlp/yt-dlp/wiki/Extractors#exporting-youtube-cookies  for tips on effectively exporting YouTube cookies
WARNING: [youtube] No title found in player responses; falling back to title from initial data. Other metadata may also be missing
ERROR: [youtube] 5aS-8QCRdGE: Sign in to confirm you’re not a bot. Use --cookies-from-browser or --cookies for the authentication. See  https://github.com/yt-dlp/yt-dlp/wiki/FAQ#how-do-i-pass-cookies-to-yt-dlp  for how to manually pass cookies. Also see  https://github.com/yt-dlp/yt-dlp/wiki/Extractors#exporting-youtube-cookies  for tips on effectively exporting YouTube cookies
WARNING: [youtube] No title found in player responses; falling back to title from initial data. Other metadata may also be missing
ERROR: [youtube] Hc0aqOEU2w8: Sign in to confirm you’re not a bot. Use --cookies-from-browser or --cookies for the authentication. See  https://github.com/yt-dlp/yt-dlp/wiki/FAQ#how-do-i-pass-cookies-to-yt-dlp  for how to manually pass cookies. Also see  https://github.com/yt-dlp/yt-dlp/wiki/Extractors#exporting-youtube-cookies  for tips on effectively exporting YouTube cookies
2026-05-07 04:06:47,303 [INFO] [MiniMax] 请求状态: 200, attempt=1
2026-05-07 04:06:47,305 [INFO] [MiniMax] 成功, 输出长度: 34
2026-05-07 04:06:47,305 [INFO] [translate_to_chinese] status=SUCCESS, len=34
2026-05-07 04:07:28,640 [INFO] [MiniMax] 请求状态: 200, attempt=1
2026-05-07 04:07:28,642 [INFO] [MiniMax] 成功, 输出长度: 3181
2026-05-07 04:07:28,644 [INFO] [generate_youtube_summary] status=SUCCESS, len=3181
/Users/vincentnie/Library/Python/3.9/lib/python/site-packages/urllib3/__init__.py:35: NotOpenSSLWarning: urllib3 v2 only supports OpenSSL 1.1.1+, currently the 'ssl' module is compiled with 'LibreSSL 2.8.3'. See: https://github.com/urllib3/urllib3/issues/3020
  warnings.warn(
/Users/vincentnie/Library/Python/3.9/lib/python/site-packages/urllib3/__init__.py:35: NotOpenSSLWarning: urllib3 v2 only supports OpenSSL 1.1.1+, currently the 'ssl' module is compiled with 'LibreSSL 2.8.3'. See: https://github.com/urllib3/urllib3/issues/3020
  warnings.warn(
/Users/vincentnie/Library/Python/3.9/lib/python/site-packages/urllib3/connectionpool.py:1097: InsecureRequestWarning: Unverified HTTPS request is being made to host '127.0.0.1'. Adding certificate verification is strongly advised. See: https://urllib3.readthedocs.io/en/latest/advanced-usage.html#tls-warnings
  warnings.warn(
/Users/vincentnie/Library/Python/3.9/lib/python/site-packages/urllib3/connectionpool.py:1097: InsecureRequestWarning: Unverified HTTPS request is being made to host '127.0.0.1'. Adding certificate verification is strongly advised. See: https://urllib3.readthedocs.io/en/latest/advanced-usage.html#tls-warnings
  warnings.warn(
/Users/vincentnie/Library/Python/3.9/lib/python/site-packages/urllib3/connectionpool.py:1097: InsecureRequestWarning: Unverified HTTPS request is being made to host '127.0.0.1'. Adding certificate verification is strongly advised. See: https://urllib3.readthedocs.io/en/latest/advanced-usage.html#tls-warnings
  warnings.warn(
/Users/vincentnie/Library/Python/3.9/lib/python/site-packages/urllib3/connectionpool.py:1097: InsecureRequestWarning: Unverified HTTPS request is being made to host '127.0.0.1'. Adding certificate verification is strongly advised. See: https://urllib3.readthedocs.io/en/latest/advanced-usage.html#tls-warnings
  warnings.warn(
/Users/vincentnie/Library/Python/3.9/lib/python/site-packages/urllib3/connectionpool.py:1097: InsecureRequestWarning: Unverified HTTPS request is being made to host '127.0.0.1'. Adding certificate verification is strongly advised. See: https://urllib3.readthedocs.io/en/latest/advanced-usage.html#tls-warnings
  warnings.warn(
/Users/vincentnie/Library/Python/3.9/lib/python/site-packages/urllib3/connectionpool.py:1097: InsecureRequestWarning: Unverified HTTPS request is being made to host '127.0.0.1'. Adding certificate verification is strongly advised. See: https://urllib3.readthedocs.io/en/latest/advanced-usage.html#tls-warnings
  warnings.warn(
/Users/vincentnie/Library/Python/3.9/lib/python/site-packages/urllib3/connectionpool.py:1097: InsecureRequestWarning: Unverified HTTPS request is being made to host '127.0.0.1'. Adding certificate verification is strongly advised. See: https://urllib3.readthedocs.io/en/latest/advanced-usage.html#tls-warnings
  warnings.warn(
/Users/vincentnie/Library/Python/3.9/lib/python/site-packages/urllib3/connectionpool.py:1097: InsecureRequestWarning: Unverified HTTPS request is being made to host '127.0.0.1'. Adding certificate verification is strongly advised. See: https://urllib3.readthedocs.io/en/latest/advanced-usage.html#tls-warnings
  warnings.warn(
/Users/vincentnie/Library/Python/3.9/lib/python/site-packages/urllib3/connectionpool.py:1097: InsecureRequestWarning: Unverified HTTPS request is being made to host '127.0.0.1'. Adding certificate verification is strongly advised. See: https://urllib3.readthedocs.io/en/latest/advanced-usage.html#tls-warnings
  warnings.warn(
/Users/vincentnie/Library/Python/3.9/lib/python/site-packages/urllib3/connectionpool.py:1097: InsecureRequestWarning: Unverified HTTPS request is being made to host '127.0.0.1'. Adding certificate verification is strongly advised. See: https://urllib3.readthedocs.io/en/latest/advanced-usage.html#tls-warnings
  warnings.warn(
/Users/vincentnie/Library/Python/3.9/lib/python/site-packages/urllib3/connectionpool.py:1097: InsecureRequestWarning: Unverified HTTPS request is being made to host '127.0.0.1'. Adding certificate verification is strongly advised. See: https://urllib3.readthedocs.io/en/latest/advanced-usage.html#tls-warnings
  warnings.warn(
2026-05-08 04:02:37,911 [INFO] [MiniMax] 请求状态: 200, attempt=1
2026-05-08 04:02:37,912 [INFO] [MiniMax] 成功, 输出长度: 2792
2026-05-08 04:02:37,914 [INFO] [generate_podcast_summary] status=SUCCESS, len=2792
2026-05-08 04:02:38,487 [WARNING] [generate_podcast_summary] 内容不足: 45字符
2026-05-08 04:03:29,447 [INFO] [MiniMax] 请求状态: 200, attempt=1
2026-05-08 04:03:29,449 [INFO] [MiniMax] 成功, 输出长度: 2957
2026-05-08 04:03:29,451 [INFO] [generate_podcast_summary] status=SUCCESS, len=2957
/Users/vincentnie/Library/Python/3.9/lib/python/site-packages/urllib3/__init__.py:35: NotOpenSSLWarning: urllib3 v2 only supports OpenSSL 1.1.1+, currently the 'ssl' module is compiled with 'LibreSSL 2.8.3'. See: https://github.com/urllib3/urllib3/issues/3020
  warnings.warn(
Deprecated Feature: Support for Python version 3.9 has been deprecated. Please update to Python 3.10 or above
WARNING: [youtube] nepKKz-MzFM: Some web client https formats have been skipped as they are missing a url. YouTube is forcing SABR streaming for this client. See  https://github.com/yt-dlp/yt-dlp/issues/12482  for more details
WARNING: [youtube] iKx3gAODybU: Some web client https formats have been skipped as they are missing a url. YouTube is forcing SABR streaming for this client. See  https://github.com/yt-dlp/yt-dlp/issues/12482  for more details
WARNING: [youtube] vif8NQcjVf0: Some web client https formats have been skipped as they are missing a url. YouTube is forcing SABR streaming for this client. See  https://github.com/yt-dlp/yt-dlp/issues/12482  for more details
WARNING: [youtube] H9rF1CSSh-w: Some web client https formats have been skipped as they are missing a url. YouTube is forcing SABR streaming for this client. See  https://github.com/yt-dlp/yt-dlp/issues/12482  for more details
WARNING: [youtube] 1SJiTwbSI58: Some web client https formats have been skipped as they are missing a url. YouTube is forcing SABR streaming for this client. See  https://github.com/yt-dlp/yt-dlp/issues/12482  for more details
Deprecated Feature: Support for Python version 3.9 has been deprecated. Please update to Python 3.10 or above
WARNING: [youtube] 6cCWrrQp1v4: Some web client https formats have been skipped as they are missing a url. YouTube is forcing SABR streaming for this client. See  https://github.com/yt-dlp/yt-dlp/issues/12482  for more details
WARNING: [youtube] Z4i1adGvD2A: Some web client https formats have been skipped as they are missing a url. YouTube is forcing SABR streaming for this client. See  https://github.com/yt-dlp/yt-dlp/issues/12482  for more details
WARNING: [youtube] fUI0CNg1hCc: Some web client https formats have been skipped as they are missing a url. YouTube is forcing SABR streaming for this client. See  https://github.com/yt-dlp/yt-dlp/issues/12482  for more details
WARNING: [youtube] dvVbA9OcBqs: Some web client https formats have been skipped as they are missing a url. YouTube is forcing SABR streaming for this client. See  https://github.com/yt-dlp/yt-dlp/issues/12482  for more details
WARNING: [youtube] 82HsvG1_Nqk: Some web client https formats have been skipped as they are missing a url. YouTube is forcing SABR streaming for this client. See  https://github.com/yt-dlp/yt-dlp/issues/12482  for more details
Deprecated Feature: Support for Python version 3.9 has been deprecated. Please update to Python 3.10 or above
WARNING: [youtube] fpC4sbawSzQ: Some web client https formats have been skipped as they are missing a url. YouTube is forcing SABR streaming for this client. See  https://github.com/yt-dlp/yt-dlp/issues/12482  for more details
WARNING: [youtube] 9WQu7w1tII0: Some web client https formats have been skipped as they are missing a url. YouTube is forcing SABR streaming for this client. See  https://github.com/yt-dlp/yt-dlp/issues/12482  for more details
WARNING: [youtube] 1bCXCxrDsCs: Some web client https formats have been skipped as they are missing a url. YouTube is forcing SABR streaming for this client. See  https://github.com/yt-dlp/yt-dlp/issues/12482  for more details
WARNING: [youtube] SFdqX7IY7RY: Some web client https formats have been skipped as they are missing a url. YouTube is forcing SABR streaming for this client. See  https://github.com/yt-dlp/yt-dlp/issues/12482  for more details
WARNING: [youtube] DVBJQQCjgXU: Some web client https formats have been skipped as they are missing a url. YouTube is forcing SABR streaming for this client. See  https://github.com/yt-dlp/yt-dlp/issues/12482  for more details
Deprecated Feature: Support for Python version 3.9 has been deprecated. Please update to Python 3.10 or above
WARNING: [youtube] aTN1I-xBdQI: Some web client https formats have been skipped as they are missing a url. YouTube is forcing SABR streaming for this client. See  https://github.com/yt-dlp/yt-dlp/issues/12482  for more details
WARNING: [youtube] VdcD6qX8Xrc: Some web client https formats have been skipped as they are missing a url. YouTube is forcing SABR streaming for this client. See  https://github.com/yt-dlp/yt-dlp/issues/12482  for more details
WARNING: [youtube] X9GQiouEdJ8: Some web client https formats have been skipped as they are missing a url. YouTube is forcing SABR streaming for this client. See  https://github.com/yt-dlp/yt-dlp/issues/12482  for more details
WARNING: [youtube] 6LkMI6uvqZY: Some web client https formats have been skipped as they are missing a url. YouTube is forcing SABR streaming for this client. See  https://github.com/yt-dlp/yt-dlp/issues/12482  for more details
WARNING: [youtube] e4rTYZYRGao: Some web client https formats have been skipped as they are missing a url. YouTube is forcing SABR streaming for this client. See  https://github.com/yt-dlp/yt-dlp/issues/12482  for more details
Deprecated Feature: Support for Python version 3.9 has been deprecated. Please update to Python 3.10 or above
WARNING: [youtube] ZXFw8EGbX3E: Some web client https formats have been skipped as they are missing a url. YouTube is forcing SABR streaming for this client. See  https://github.com/yt-dlp/yt-dlp/issues/12482  for more details
WARNING: [youtube] MyNrZINd4E8: Some web client https formats have been skipped as they are missing a url. YouTube is forcing SABR streaming for this client. See  https://github.com/yt-dlp/yt-dlp/issues/12482  for more details
WARNING: [youtube] 9E9Nq-jKYtI: Some web client https formats have been skipped as they are missing a url. YouTube is forcing SABR streaming for this client. See  https://github.com/yt-dlp/yt-dlp/issues/12482  for more details
WARNING: [youtube] QNPzWaafsCA: Some web client https formats have been skipped as they are missing a url. YouTube is forcing SABR streaming for this client. See  https://github.com/yt-dlp/yt-dlp/issues/12482  for more details
WARNING: [youtube] TvhSxb8qltw: Some web client https formats have been skipped as they are missing a url. YouTube is forcing SABR streaming for this client. See  https://github.com/yt-dlp/yt-dlp/issues/12482  for more details
Deprecated Feature: Support for Python version 3.9 has been deprecated. Please update to Python 3.10 or above
WARNING: [youtube] FfyMZejIgv8: Some web client https formats have been skipped as they are missing a url. YouTube is forcing SABR streaming for this client. See  https://github.com/yt-dlp/yt-dlp/issues/12482  for more details
WARNING: [youtube] 93I_CRPhKFM: Some web client https formats have been skipped as they are missing a url. YouTube is forcing SABR streaming for this client. See  https://github.com/yt-dlp/yt-dlp/issues/12482  for more details
WARNING: [youtube] kRfg5ZISJZ4: Some web client https formats have been skipped as they are missing a url. YouTube is forcing SABR streaming for this client. See  https://github.com/yt-dlp/yt-dlp/issues/12482  for more details
WARNING: [youtube] oCtLmeo56Jo: Some web client https formats have been skipped as they are missing a url. YouTube is forcing SABR streaming for this client. See  https://github.com/yt-dlp/yt-dlp/issues/12482  for more details
WARNING: [youtube] 76_9x4YyFyQ: Some web client https formats have been skipped as they are missing a url. YouTube is forcing SABR streaming for this client. See  https://github.com/yt-dlp/yt-dlp/issues/12482  for more details
Deprecated Feature: Support for Python version 3.9 has been deprecated. Please update to Python 3.10 or above
WARNING: [youtube] ZrHKwxasXS4: Some web client https formats have been skipped as they are missing a url. YouTube is forcing SABR streaming for this client. See  https://github.com/yt-dlp/yt-dlp/issues/12482  for more details
WARNING: [youtube] EJg67cLfLYo: Some web client https formats have been skipped as they are missing a url. YouTube is forcing SABR streaming for this client. See  https://github.com/yt-dlp/yt-dlp/issues/12482  for more details
WARNING: [youtube] JB2P5Gk23VI: Some web client https formats have been skipped as they are missing a url. YouTube is forcing SABR streaming for this client. See  https://github.com/yt-dlp/yt-dlp/issues/12482  for more details
WARNING: [youtube] g9JIUM0MHgQ: Some web client https formats have been skipped as they are missing a url. YouTube is forcing SABR streaming for this client. See  https://github.com/yt-dlp/yt-dlp/issues/12482  for more details
WARNING: [youtube] fPWjWTFveBQ: Some web client https formats have been skipped as they are missing a url. YouTube is forcing SABR streaming for this client. See  https://github.com/yt-dlp/yt-dlp/issues/12482  for more details
Deprecated Feature: Support for Python version 3.9 has been deprecated. Please update to Python 3.10 or above
WARNING: [youtube] JOu8v6CBjkE: Some web client https formats have been skipped as they are missing a url. YouTube is forcing SABR streaming for this client. See  https://github.com/yt-dlp/yt-dlp/issues/12482  for more details
WARNING: [youtube] 9cenXVrQZNQ: Some web client https formats have been skipped as they are missing a url. YouTube is forcing SABR streaming for this client. See  https://github.com/yt-dlp/yt-dlp/issues/12482  for more details
WARNING: [youtube] sfkyiXvlYL0: Some web client https formats have been skipped as they are missing a url. YouTube is forcing SABR streaming for this client. See  https://github.com/yt-dlp/yt-dlp/issues/12482  for more details
WARNING: [youtube] TiW96H5HmAw: Some web client https formats have been skipped as they are missing a url. YouTube is forcing SABR streaming for this client. See  https://github.com/yt-dlp/yt-dlp/issues/12482  for more details
WARNING: [youtube] y5hogSW2mqU: Some web client https formats have been skipped as they are missing a url. YouTube is forcing SABR streaming for this client. See  https://github.com/yt-dlp/yt-dlp/issues/12482  for more details
Deprecated Feature: Support for Python version 3.9 has been deprecated. Please update to Python 3.10 or above
WARNING: [youtube] Jg2jJH1K0o8: Some web client https formats have been skipped as they are missing a url. YouTube is forcing SABR streaming for this client. See  https://github.com/yt-dlp/yt-dlp/issues/12482  for more details
WARNING: [youtube] RCbJKkG_mZs: Some web client https formats have been skipped as they are missing a url. YouTube is forcing SABR streaming for this client. See  https://github.com/yt-dlp/yt-dlp/issues/12482  for more details
WARNING: [youtube] D8ohmtB8MdI: Some web client https formats have been skipped as they are missing a url. YouTube is forcing SABR streaming for this client. See  https://github.com/yt-dlp/yt-dlp/issues/12482  for more details
WARNING: [youtube] 4IM866W7yGc: Some web client https formats have been skipped as they are missing a url. YouTube is forcing SABR streaming for this client. See  https://github.com/yt-dlp/yt-dlp/issues/12482  for more details
WARNING: [youtube] Bj0i-yvIUQs: Some web client https formats have been skipped as they are missing a url. YouTube is forcing SABR streaming for this client. See  https://github.com/yt-dlp/yt-dlp/issues/12482  for more details
Deprecated Feature: Support for Python version 3.9 has been deprecated. Please update to Python 3.10 or above
WARNING: [youtube] BTJGr78-zyw: Some web client https formats have been skipped as they are missing a url. YouTube is forcing SABR streaming for this client. See  https://github.com/yt-dlp/yt-dlp/issues/12482  for more details
WARNING: [youtube] NdU6UdUKaYc: Some web client https formats have been skipped as they are missing a url. YouTube is forcing SABR streaming for this client. See  https://github.com/yt-dlp/yt-dlp/issues/12482  for more details
WARNING: [youtube] jLFG_FZKbks: Some web client https formats have been skipped as they are missing a url. YouTube is forcing SABR streaming for this client. See  https://github.com/yt-dlp/yt-dlp/issues/12482  for more details
WARNING: [youtube] PnpHwhTWw0c: Some web client https formats have been skipped as they are missing a url. YouTube is forcing SABR streaming for this client. See  https://github.com/yt-dlp/yt-dlp/issues/12482  for more details
WARNING: [youtube] m-nnyNZ0TQ0: Some web client https formats have been skipped as they are missing a url. YouTube is forcing SABR streaming for this client. See  https://github.com/yt-dlp/yt-dlp/issues/12482  for more details
Deprecated Feature: Support for Python version 3.9 has been deprecated. Please update to Python 3.10 or above
WARNING: [youtube] i9TvUGeTltE: Some web client https formats have been skipped as they are missing a url. YouTube is forcing SABR streaming for this client. See  https://github.com/yt-dlp/yt-dlp/issues/12482  for more details
WARNING: [youtube] 7YrdI7h2XoY: Some web client https formats have been skipped as they are missing a url. YouTube is forcing SABR streaming for this client. See  https://github.com/yt-dlp/yt-dlp/issues/12482  for more details
WARNING: [youtube] c347oYQO57A: Some web client https formats have been skipped as they are missing a url. YouTube is forcing SABR streaming for this client. See  https://github.com/yt-dlp/yt-dlp/issues/12482  for more details
WARNING: [youtube] 5aS-8QCRdGE: Some web client https formats have been skipped as they are missing a url. YouTube is forcing SABR streaming for this client. See  https://github.com/yt-dlp/yt-dlp/issues/12482  for more details
WARNING: [youtube] Hc0aqOEU2w8: Some web client https formats have been skipped as they are missing a url. YouTube is forcing SABR streaming for this client. See  https://github.com/yt-dlp/yt-dlp/issues/12482  for more details
Deprecated Feature: Support for Python version 3.9 has been deprecated. Please update to Python 3.10 or above
WARNING: [youtube] i9TvUGeTltE: Some web client https formats have been skipped as they are missing a url. YouTube is forcing SABR streaming for this client. See  https://github.com/yt-dlp/yt-dlp/issues/12482  for more details
WARNING: [youtube] 7YrdI7h2XoY: Some web client https formats have been skipped as they are missing a url. YouTube is forcing SABR streaming for this client. See  https://github.com/yt-dlp/yt-dlp/issues/12482  for more details
WARNING: [youtube] c347oYQO57A: Some web client https formats have been skipped as they are missing a url. YouTube is forcing SABR streaming for this client. See  https://github.com/yt-dlp/yt-dlp/issues/12482  for more details
WARNING: [youtube] 5aS-8QCRdGE: Some web client https formats have been skipped as they are missing a url. YouTube is forcing SABR streaming for this client. See  https://github.com/yt-dlp/yt-dlp/issues/12482  for more details
WARNING: [youtube] Hc0aqOEU2w8: Some web client https formats have been skipped as they are missing a url. YouTube is forcing SABR streaming for this client. See  https://github.com/yt-dlp/yt-dlp/issues/12482  for more details
2026-05-08 04:07:59,613 [INFO] [MiniMax] 请求状态: 200, attempt=1
2026-05-08 04:07:59,614 [INFO] [MiniMax] 成功, 输出长度: 41
2026-05-08 04:07:59,615 [INFO] [translate_to_chinese] status=SUCCESS, len=41
2026-05-08 04:08:11,039 [INFO] [MiniMax] 请求状态: 200, attempt=1
2026-05-08 04:08:11,041 [INFO] [MiniMax] 成功, 输出长度: 236
2026-05-08 04:08:11,042 [INFO] [generate_youtube_summary] status=SUCCESS, len=236
2026-05-08 04:08:19,791 [INFO] [MiniMax] 请求状态: 200, attempt=1
2026-05-08 04:08:19,792 [INFO] [MiniMax] 成功, 输出长度: 26
2026-05-08 04:08:19,793 [INFO] [translate_to_chinese] status=SUCCESS, len=26
2026-05-08 04:08:59,416 [INFO] [MiniMax] 请求状态: 200, attempt=1
2026-05-08 04:08:59,419 [INFO] [MiniMax] 成功, 输出长度: 2772
2026-05-08 04:08:59,421 [INFO] [generate_youtube_summary] status=SUCCESS, len=2772
2026-05-08 04:09:03,889 [INFO] [MiniMax] 请求状态: 200, attempt=1
2026-05-08 04:09:03,889 [INFO] [MiniMax] 成功, 输出长度: 32
2026-05-08 04:09:03,890 [INFO] [translate_to_chinese] status=SUCCESS, len=32
2026-05-08 04:09:35,019 [INFO] [MiniMax] 请求状态: 200, attempt=1
2026-05-08 04:09:35,021 [INFO] [MiniMax] 成功, 输出长度: 2472
2026-05-08 04:09:35,023 [INFO] [generate_youtube_summary] status=SUCCESS, len=2472
2026-05-08 04:09:43,328 [INFO] [MiniMax] 请求状态: 200, attempt=1
2026-05-08 04:09:43,329 [INFO] [MiniMax] 成功, 输出长度: 26
2026-05-08 04:09:43,331 [INFO] [translate_to_chinese] status=SUCCESS, len=26
2026-05-08 04:10:08,639 [INFO] [MiniMax] 请求状态: 200, attempt=1
2026-05-08 04:10:08,640 [INFO] [MiniMax] 成功, 输出长度: 1841
2026-05-08 04:10:08,641 [INFO] [generate_youtube_summary] status=SUCCESS, len=1841
2026-05-08 04:10:22,992 [INFO] [MiniMax] 请求状态: 200, attempt=1
2026-05-08 04:10:22,993 [INFO] [MiniMax] 成功, 输出长度: 49
2026-05-08 04:10:22,994 [INFO] [translate_to_chinese] status=SUCCESS, len=49
2026-05-08 04:11:11,557 [INFO] [MiniMax] 请求状态: 200, attempt=1
2026-05-08 04:11:11,559 [INFO] [MiniMax] 成功, 输出长度: 3307
2026-05-08 04:11:11,560 [INFO] [generate_youtube_summary] status=SUCCESS, len=3307
2026-05-08 04:11:16,429 [INFO] [MiniMax] 请求状态: 200, attempt=1
2026-05-08 04:11:16,430 [INFO] [MiniMax] 成功, 输出长度: 21
2026-05-08 04:11:16,431 [INFO] [translate_to_chinese] status=SUCCESS, len=21
2026-05-08 04:11:58,734 [INFO] [MiniMax] 请求状态: 200, attempt=1
2026-05-08 04:11:58,735 [INFO] [MiniMax] 成功, 输出长度: 3052
2026-05-08 04:11:58,738 [INFO] [generate_youtube_summary] status=SUCCESS, len=3052
2026-05-08 04:12:06,909 [INFO] [MiniMax] 请求状态: 200, attempt=1
2026-05-08 04:12:06,910 [INFO] [MiniMax] 成功, 输出长度: 49
2026-05-08 04:12:06,911 [INFO] [translate_to_chinese] status=SUCCESS, len=49
2026-05-08 04:13:07,048 [ERROR] [MiniMax] 请求异常: HTTPSConnectionPool(host='api.minimax.chat', port=443): Read timed out. (read timeout=60), attempt=1/3
2026-05-08 04:13:43,878 [INFO] [MiniMax] 请求状态: 200, attempt=2
2026-05-08 04:13:43,881 [INFO] [MiniMax] 成功, 输出长度: 2552
2026-05-08 04:13:43,884 [INFO] [generate_youtube_summary] status=SUCCESS, len=2552
2026-05-08 04:13:51,793 [INFO] [MiniMax] 请求状态: 200, attempt=1
2026-05-08 04:13:51,795 [INFO] [MiniMax] 成功, 输出长度: 17
2026-05-08 04:13:51,797 [INFO] [translate_to_chinese] status=SUCCESS, len=17
2026-05-08 04:14:21,964 [INFO] [MiniMax] 请求状态: 200, attempt=1
2026-05-08 04:14:21,966 [INFO] [MiniMax] 成功, 输出长度: 2185
2026-05-08 04:14:21,968 [INFO] [generate_youtube_summary] status=SUCCESS, len=2185
2026-05-08 04:14:26,980 [INFO] [MiniMax] 请求状态: 200, attempt=1
2026-05-08 04:14:26,980 [INFO] [MiniMax] 成功, 输出长度: 17
2026-05-08 04:14:26,982 [INFO] [translate_to_chinese] status=SUCCESS, len=17
2026-05-08 04:14:55,045 [INFO] [MiniMax] 请求状态: 200, attempt=1
2026-05-08 04:14:55,047 [INFO] [MiniMax] 成功, 输出长度: 1668
2026-05-08 04:14:55,049 [INFO] [generate_youtube_summary] status=SUCCESS, len=1668
2026-05-08 04:15:00,626 [INFO] [MiniMax] 请求状态: 200, attempt=1
2026-05-08 04:15:00,630 [INFO] [MiniMax] 成功, 输出长度: 32
2026-05-08 04:15:00,632 [INFO] [translate_to_chinese] status=SUCCESS, len=32
2026-05-08 04:15:35,921 [INFO] [MiniMax] 请求状态: 200, attempt=1
2026-05-08 04:15:35,923 [INFO] [MiniMax] 成功, 输出长度: 2636
2026-05-08 04:15:35,927 [INFO] [generate_youtube_summary] status=SUCCESS, len=2636
2026-05-08 04:15:46,873 [INFO] [MiniMax] 请求状态: 200, attempt=1
2026-05-08 04:15:46,874 [INFO] [MiniMax] 成功, 输出长度: 48
2026-05-08 04:15:46,876 [INFO] [translate_to_chinese] status=SUCCESS, len=48
2026-05-08 04:16:40,293 [INFO] [MiniMax] 请求状态: 200, attempt=1
2026-05-08 04:16:40,294 [INFO] [MiniMax] 成功, 输出长度: 3688
2026-05-08 04:16:40,296 [INFO] [generate_youtube_summary] status=SUCCESS, len=3688
2026-05-08 04:16:44,444 [INFO] [MiniMax] 请求状态: 200, attempt=1
2026-05-08 04:16:44,445 [INFO] [MiniMax] 成功, 输出长度: 23
2026-05-08 04:16:44,446 [INFO] [translate_to_chinese] status=SUCCESS, len=23
2026-05-08 04:17:24,327 [INFO] [MiniMax] 请求状态: 200, attempt=1
2026-05-08 04:17:24,329 [INFO] [MiniMax] 成功, 输出长度: 2269
2026-05-08 04:17:24,332 [INFO] [generate_youtube_summary] status=SUCCESS, len=2269
/Users/vincentnie/Library/Python/3.9/lib/python/site-packages/urllib3/__init__.py:35: NotOpenSSLWarning: urllib3 v2 only supports OpenSSL 1.1.1+, currently the 'ssl' module is compiled with 'LibreSSL 2.8.3'. See: https://github.com/urllib3/urllib3/issues/3020
  warnings.warn(
/Users/vincentnie/Library/Python/3.9/lib/python/site-packages/urllib3/__init__.py:35: NotOpenSSLWarning: urllib3 v2 only supports OpenSSL 1.1.1+, currently the 'ssl' module is compiled with 'LibreSSL 2.8.3'. See: https://github.com/urllib3/urllib3/issues/3020
  warnings.warn(
/Users/vincentnie/Library/Python/3.9/lib/python/site-packages/urllib3/connectionpool.py:1097: InsecureRequestWarning: Unverified HTTPS request is being made to host '127.0.0.1'. Adding certificate verification is strongly advised. See: https://urllib3.readthedocs.io/en/latest/advanced-usage.html#tls-warnings
  warnings.warn(
/Users/vincentnie/Library/Python/3.9/lib/python/site-packages/urllib3/connectionpool.py:1097: InsecureRequestWarning: Unverified HTTPS request is being made to host '127.0.0.1'. Adding certificate verification is strongly advised. See: https://urllib3.readthedocs.io/en/latest/advanced-usage.html#tls-warnings
  warnings.warn(
/Users/vincentnie/Library/Python/3.9/lib/python/site-packages/urllib3/connectionpool.py:1097: InsecureRequestWarning: Unverified HTTPS request is being made to host '127.0.0.1'. Adding certificate verification is strongly advised. See: https://urllib3.readthedocs.io/en/latest/advanced-usage.html#tls-warnings
  warnings.warn(
/Users/vincentnie/Library/Python/3.9/lib/python/site-packages/urllib3/connectionpool.py:1097: InsecureRequestWarning: Unverified HTTPS request is being made to host '127.0.0.1'. Adding certificate verification is strongly advised. See: https://urllib3.readthedocs.io/en/latest/advanced-usage.html#tls-warnings
  warnings.warn(
/Users/vincentnie/Library/Python/3.9/lib/python/site-packages/urllib3/connectionpool.py:1097: InsecureRequestWarning: Unverified HTTPS request is being made to host '127.0.0.1'. Adding certificate verification is strongly advised. See: https://urllib3.readthedocs.io/en/latest/advanced-usage.html#tls-warnings
  warnings.warn(
/Users/vincentnie/Library/Python/3.9/lib/python/site-packages/urllib3/connectionpool.py:1097: InsecureRequestWarning: Unverified HTTPS request is being made to host '127.0.0.1'. Adding certificate verification is strongly advised. See: https://urllib3.readthedocs.io/en/latest/advanced-usage.html#tls-warnings
  warnings.warn(
/Users/vincentnie/Library/Python/3.9/lib/python/site-packages/urllib3/connectionpool.py:1097: InsecureRequestWarning: Unverified HTTPS request is being made to host '127.0.0.1'. Adding certificate verification is strongly advised. See: https://urllib3.readthedocs.io/en/latest/advanced-usage.html#tls-warnings
  warnings.warn(
/Users/vincentnie/Library/Python/3.9/lib/python/site-packages/urllib3/connectionpool.py:1097: InsecureRequestWarning: Unverified HTTPS request is being made to host '127.0.0.1'. Adding certificate verification is strongly advised. See: https://urllib3.readthedocs.io/en/latest/advanced-usage.html#tls-warnings
  warnings.warn(
/Users/vincentnie/Library/Python/3.9/lib/python/site-packages/urllib3/connectionpool.py:1097: InsecureRequestWarning: Unverified HTTPS request is being made to host '127.0.0.1'. Adding certificate verification is strongly advised. See: https://urllib3.readthedocs.io/en/latest/advanced-usage.html#tls-warnings
  warnings.warn(
/Users/vincentnie/Library/Python/3.9/lib/python/site-packages/urllib3/connectionpool.py:1097: InsecureRequestWarning: Unverified HTTPS request is being made to host '127.0.0.1'. Adding certificate verification is strongly advised. See: https://urllib3.readthedocs.io/en/latest/advanced-usage.html#tls-warnings
  warnings.warn(
/Users/vincentnie/Library/Python/3.9/lib/python/site-packages/urllib3/connectionpool.py:1097: InsecureRequestWarning: Unverified HTTPS request is being made to host '127.0.0.1'. Adding certificate verification is strongly advised. See: https://urllib3.readthedocs.io/en/latest/advanced-usage.html#tls-warnings
  warnings.warn(
2026-05-09 04:02:18,124 [INFO] [MiniMax] 请求状态: 200, attempt=1
2026-05-09 04:02:18,125 [INFO] [MiniMax] 成功, 输出长度: 2423
2026-05-09 04:02:18,126 [INFO] [generate_podcast_summary] status=SUCCESS, len=2423
2026-05-09 04:02:50,572 [INFO] [MiniMax] 请求状态: 200, attempt=1
2026-05-09 04:02:50,573 [INFO] [MiniMax] 成功, 输出长度: 2075
2026-05-09 04:02:50,575 [INFO] [generate_podcast_summary] status=SUCCESS, len=2075
2026-05-09 04:03:21,826 [INFO] [MiniMax] 请求状态: 200, attempt=1
2026-05-09 04:03:21,828 [INFO] [MiniMax] 成功, 输出长度: 2106
2026-05-09 04:03:21,830 [INFO] [generate_podcast_summary] status=SUCCESS, len=2106
/Users/vincentnie/Library/Python/3.9/lib/python/site-packages/urllib3/__init__.py:35: NotOpenSSLWarning: urllib3 v2 only supports OpenSSL 1.1.1+, currently the 'ssl' module is compiled with 'LibreSSL 2.8.3'. See: https://github.com/urllib3/urllib3/issues/3020
  warnings.warn(
Deprecated Feature: Support for Python version 3.9 has been deprecated. Please update to Python 3.10 or above
WARNING: [youtube] nepKKz-MzFM: Some web client https formats have been skipped as they are missing a url. YouTube is forcing SABR streaming for this client. See  https://github.com/yt-dlp/yt-dlp/issues/12482  for more details
WARNING: [youtube] iKx3gAODybU: Some web client https formats have been skipped as they are missing a url. YouTube is forcing SABR streaming for this client. See  https://github.com/yt-dlp/yt-dlp/issues/12482  for more details
WARNING: [youtube] vif8NQcjVf0: Some web client https formats have been skipped as they are missing a url. YouTube is forcing SABR streaming for this client. See  https://github.com/yt-dlp/yt-dlp/issues/12482  for more details
WARNING: [youtube] H9rF1CSSh-w: Some web client https formats have been skipped as they are missing a url. YouTube is forcing SABR streaming for this client. See  https://github.com/yt-dlp/yt-dlp/issues/12482  for more details
WARNING: [youtube] 1SJiTwbSI58: Some web client https formats have been skipped as they are missing a url. YouTube is forcing SABR streaming for this client. See  https://github.com/yt-dlp/yt-dlp/issues/12482  for more details
Deprecated Feature: Support for Python version 3.9 has been deprecated. Please update to Python 3.10 or above
WARNING: [youtube] X9k53P-2SOg: Some web client https formats have been skipped as they are missing a url. YouTube is forcing SABR streaming for this client. See  https://github.com/yt-dlp/yt-dlp/issues/12482  for more details
WARNING: [youtube] 6cCWrrQp1v4: Some web client https formats have been skipped as they are missing a url. YouTube is forcing SABR streaming for this client. See  https://github.com/yt-dlp/yt-dlp/issues/12482  for more details
WARNING: [youtube] Z4i1adGvD2A: Some web client https formats have been skipped as they are missing a url. YouTube is forcing SABR streaming for this client. See  https://github.com/yt-dlp/yt-dlp/issues/12482  for more details
WARNING: [youtube] fUI0CNg1hCc: Some web client https formats have been skipped as they are missing a url. YouTube is forcing SABR streaming for this client. See  https://github.com/yt-dlp/yt-dlp/issues/12482  for more details
WARNING: [youtube] dvVbA9OcBqs: Some web client https formats have been skipped as they are missing a url. YouTube is forcing SABR streaming for this client. See  https://github.com/yt-dlp/yt-dlp/issues/12482  for more details
Deprecated Feature: Support for Python version 3.9 has been deprecated. Please update to Python 3.10 or above
WARNING: [youtube] fpC4sbawSzQ: Some web client https formats have been skipped as they are missing a url. YouTube is forcing SABR streaming for this client. See  https://github.com/yt-dlp/yt-dlp/issues/12482  for more details
WARNING: [youtube] 9WQu7w1tII0: Some web client https formats have been skipped as they are missing a url. YouTube is forcing SABR streaming for this client. See  https://github.com/yt-dlp/yt-dlp/issues/12482  for more details
WARNING: [youtube] 1bCXCxrDsCs: Some web client https formats have been skipped as they are missing a url. YouTube is forcing SABR streaming for this client. See  https://github.com/yt-dlp/yt-dlp/issues/12482  for more details
WARNING: [youtube] SFdqX7IY7RY: Some web client https formats have been skipped as they are missing a url. YouTube is forcing SABR streaming for this client. See  https://github.com/yt-dlp/yt-dlp/issues/12482  for more details
WARNING: [youtube] DVBJQQCjgXU: Some web client https formats have been skipped as they are missing a url. YouTube is forcing SABR streaming for this client. See  https://github.com/yt-dlp/yt-dlp/issues/12482  for more details
Deprecated Feature: Support for Python version 3.9 has been deprecated. Please update to Python 3.10 or above
WARNING: [youtube] iBBOLjt8haY: Some web client https formats have been skipped as they are missing a url. YouTube is forcing SABR streaming for this client. See  https://github.com/yt-dlp/yt-dlp/issues/12482  for more details
WARNING: [youtube] aTN1I-xBdQI: Some web client https formats have been skipped as they are missing a url. YouTube is forcing SABR streaming for this client. See  https://github.com/yt-dlp/yt-dlp/issues/12482  for more details
WARNING: [youtube] VdcD6qX8Xrc: Some web client https formats have been skipped as they are missing a url. YouTube is forcing SABR streaming for this client. See  https://github.com/yt-dlp/yt-dlp/issues/12482  for more details
WARNING: [youtube] X9GQiouEdJ8: Some web client https formats have been skipped as they are missing a url. YouTube is forcing SABR streaming for this client. See  https://github.com/yt-dlp/yt-dlp/issues/12482  for more details
WARNING: [youtube] 6LkMI6uvqZY: Some web client https formats have been skipped as they are missing a url. YouTube is forcing SABR streaming for this client. See  https://github.com/yt-dlp/yt-dlp/issues/12482  for more details
Deprecated Feature: Support for Python version 3.9 has been deprecated. Please update to Python 3.10 or above
WARNING: [youtube] dgPp34nyg6M: Some web client https formats have been skipped as they are missing a url. YouTube is forcing SABR streaming for this client. See  https://github.com/yt-dlp/yt-dlp/issues/12482  for more details
WARNING: [youtube] ZXFw8EGbX3E: Some web client https formats have been skipped as they are missing a url. YouTube is forcing SABR streaming for this client. See  https://github.com/yt-dlp/yt-dlp/issues/12482  for more details
WARNING: [youtube] MyNrZINd4E8: Some web client https formats have been skipped as they are missing a url. YouTube is forcing SABR streaming for this client. See  https://github.com/yt-dlp/yt-dlp/issues/12482  for more details
WARNING: [youtube] 9E9Nq-jKYtI: Some web client https formats have been skipped as they are missing a url. YouTube is forcing SABR streaming for this client. See  https://github.com/yt-dlp/yt-dlp/issues/12482  for more details
WARNING: [youtube] QNPzWaafsCA: Some web client https formats have been skipped as they are missing a url. YouTube is forcing SABR streaming for this client. See  https://github.com/yt-dlp/yt-dlp/issues/12482  for more details
Deprecated Feature: Support for Python version 3.9 has been deprecated. Please update to Python 3.10 or above
WARNING: [youtube] tJV-vdbZ388: Some web client https formats have been skipped as they are missing a url. YouTube is forcing SABR streaming for this client. See  https://github.com/yt-dlp/yt-dlp/issues/12482  for more details
WARNING: [youtube] FfyMZejIgv8: Some web client https formats have been skipped as they are missing a url. YouTube is forcing SABR streaming for this client. See  https://github.com/yt-dlp/yt-dlp/issues/12482  for more details
WARNING: [youtube] 93I_CRPhKFM: Some web client https formats have been skipped as they are missing a url. YouTube is forcing SABR streaming for this client. See  https://github.com/yt-dlp/yt-dlp/issues/12482  for more details
WARNING: [youtube] kRfg5ZISJZ4: Some web client https formats have been skipped as they are missing a url. YouTube is forcing SABR streaming for this client. See  https://github.com/yt-dlp/yt-dlp/issues/12482  for more details
WARNING: [youtube] oCtLmeo56Jo: Some web client https formats have been skipped as they are missing a url. YouTube is forcing SABR streaming for this client. See  https://github.com/yt-dlp/yt-dlp/issues/12482  for more details
Deprecated Feature: Support for Python version 3.9 has been deprecated. Please update to Python 3.10 or above
WARNING: [youtube] YHKXflgkHak: Some web client https formats have been skipped as they are missing a url. YouTube is forcing SABR streaming for this client. See  https://github.com/yt-dlp/yt-dlp/issues/12482  for more details
WARNING: [youtube] ZrHKwxasXS4: Some web client https formats have been skipped as they are missing a url. YouTube is forcing SABR streaming for this client. See  https://github.com/yt-dlp/yt-dlp/issues/12482  for more details
WARNING: [youtube] EJg67cLfLYo: Some web client https formats have been skipped as they are missing a url. YouTube is forcing SABR streaming for this client. See  https://github.com/yt-dlp/yt-dlp/issues/12482  for more details
WARNING: [youtube] JB2P5Gk23VI: Some web client https formats have been skipped as they are missing a url. YouTube is forcing SABR streaming for this client. See  https://github.com/yt-dlp/yt-dlp/issues/12482  for more details
WARNING: [youtube] g9JIUM0MHgQ: Some web client https formats have been skipped as they are missing a url. YouTube is forcing SABR streaming for this client. See  https://github.com/yt-dlp/yt-dlp/issues/12482  for more details
Deprecated Feature: Support for Python version 3.9 has been deprecated. Please update to Python 3.10 or above
WARNING: [youtube] b6Mxcv1pyBU: Some web client https formats have been skipped as they are missing a url. YouTube is forcing SABR streaming for this client. See  https://github.com/yt-dlp/yt-dlp/issues/12482  for more details
WARNING: [youtube] JOu8v6CBjkE: Some web client https formats have been skipped as they are missing a url. YouTube is forcing SABR streaming for this client. See  https://github.com/yt-dlp/yt-dlp/issues/12482  for more details
WARNING: [youtube] 9cenXVrQZNQ: Some web client https formats have been skipped as they are missing a url. YouTube is forcing SABR streaming for this client. See  https://github.com/yt-dlp/yt-dlp/issues/12482  for more details
WARNING: [youtube] sfkyiXvlYL0: Some web client https formats have been skipped as they are missing a url. YouTube is forcing SABR streaming for this client. See  https://github.com/yt-dlp/yt-dlp/issues/12482  for more details
WARNING: [youtube] TiW96H5HmAw: Some web client https formats have been skipped as they are missing a url. YouTube is forcing SABR streaming for this client. See  https://github.com/yt-dlp/yt-dlp/issues/12482  for more details
Deprecated Feature: Support for Python version 3.9 has been deprecated. Please update to Python 3.10 or above
WARNING: [youtube] Jg2jJH1K0o8: Some web client https formats have been skipped as they are missing a url. YouTube is forcing SABR streaming for this client. See  https://github.com/yt-dlp/yt-dlp/issues/12482  for more details
WARNING: [youtube] RCbJKkG_mZs: Some web client https formats have been skipped as they are missing a url. YouTube is forcing SABR streaming for this client. See  https://github.com/yt-dlp/yt-dlp/issues/12482  for more details
WARNING: [youtube] D8ohmtB8MdI: Some web client https formats have been skipped as they are missing a url. YouTube is forcing SABR streaming for this client. See  https://github.com/yt-dlp/yt-dlp/issues/12482  for more details
WARNING: [youtube] 4IM866W7yGc: Some web client https formats have been skipped as they are missing a url. YouTube is forcing SABR streaming for this client. See  https://github.com/yt-dlp/yt-dlp/issues/12482  for more details
WARNING: [youtube] Bj0i-yvIUQs: Some web client https formats have been skipped as they are missing a url. YouTube is forcing SABR streaming for this client. See  https://github.com/yt-dlp/yt-dlp/issues/12482  for more details
Deprecated Feature: Support for Python version 3.9 has been deprecated. Please update to Python 3.10 or above
WARNING: [youtube] BTJGr78-zyw: Some web client https formats have been skipped as they are missing a url. YouTube is forcing SABR streaming for this client. See  https://github.com/yt-dlp/yt-dlp/issues/12482  for more details
WARNING: [youtube] NdU6UdUKaYc: Some web client https formats have been skipped as they are missing a url. YouTube is forcing SABR streaming for this client. See  https://github.com/yt-dlp/yt-dlp/issues/12482  for more details
WARNING: [youtube] jLFG_FZKbks: Some web client https formats have been skipped as they are missing a url. YouTube is forcing SABR streaming for this client. See  https://github.com/yt-dlp/yt-dlp/issues/12482  for more details
WARNING: [youtube] PnpHwhTWw0c: Some web client https formats have been skipped as they are missing a url. YouTube is forcing SABR streaming for this client. See  https://github.com/yt-dlp/yt-dlp/issues/12482  for more details
WARNING: [youtube] m-nnyNZ0TQ0: Some web client https formats have been skipped as they are missing a url. YouTube is forcing SABR streaming for this client. See  https://github.com/yt-dlp/yt-dlp/issues/12482  for more details
Deprecated Feature: Support for Python version 3.9 has been deprecated. Please update to Python 3.10 or above
WARNING: [youtube] i9TvUGeTltE: Some web client https formats have been skipped as they are missing a url. YouTube is forcing SABR streaming for this client. See  https://github.com/yt-dlp/yt-dlp/issues/12482  for more details
WARNING: [youtube] 7YrdI7h2XoY: Some web client https formats have been skipped as they are missing a url. YouTube is forcing SABR streaming for this client. See  https://github.com/yt-dlp/yt-dlp/issues/12482  for more details
WARNING: [youtube] c347oYQO57A: Some web client https formats have been skipped as they are missing a url. YouTube is forcing SABR streaming for this client. See  https://github.com/yt-dlp/yt-dlp/issues/12482  for more details
WARNING: [youtube] 5aS-8QCRdGE: Some web client https formats have been skipped as they are missing a url. YouTube is forcing SABR streaming for this client. See  https://github.com/yt-dlp/yt-dlp/issues/12482  for more details
WARNING: [youtube] Hc0aqOEU2w8: Some web client https formats have been skipped as they are missing a url. YouTube is forcing SABR streaming for this client. See  https://github.com/yt-dlp/yt-dlp/issues/12482  for more details
Deprecated Feature: Support for Python version 3.9 has been deprecated. Please update to Python 3.10 or above
WARNING: [youtube] i9TvUGeTltE: Some web client https formats have been skipped as they are missing a url. YouTube is forcing SABR streaming for this client. See  https://github.com/yt-dlp/yt-dlp/issues/12482  for more details
WARNING: [youtube] 7YrdI7h2XoY: Some web client https formats have been skipped as they are missing a url. YouTube is forcing SABR streaming for this client. See  https://github.com/yt-dlp/yt-dlp/issues/12482  for more details
WARNING: [youtube] c347oYQO57A: Some web client https formats have been skipped as they are missing a url. YouTube is forcing SABR streaming for this client. See  https://github.com/yt-dlp/yt-dlp/issues/12482  for more details
WARNING: [youtube] 5aS-8QCRdGE: Some web client https formats have been skipped as they are missing a url. YouTube is forcing SABR streaming for this client. See  https://github.com/yt-dlp/yt-dlp/issues/12482  for more details
WARNING: [youtube] Hc0aqOEU2w8: Some web client https formats have been skipped as they are missing a url. YouTube is forcing SABR streaming for this client. See  https://github.com/yt-dlp/yt-dlp/issues/12482  for more details
2026-05-09 04:07:53,565 [INFO] [MiniMax] 请求状态: 200, attempt=1
2026-05-09 04:07:53,566 [INFO] [MiniMax] 成功, 输出长度: 30
2026-05-09 04:07:53,568 [INFO] [translate_to_chinese] status=SUCCESS, len=30
2026-05-09 04:08:23,820 [INFO] [MiniMax] 请求状态: 200, attempt=1
2026-05-09 04:08:23,821 [INFO] [MiniMax] 成功, 输出长度: 1999
2026-05-09 04:08:23,823 [INFO] [generate_youtube_summary] status=SUCCESS, len=1999
2026-05-09 04:08:28,792 [INFO] [MiniMax] 请求状态: 200, attempt=1
2026-05-09 04:08:28,792 [INFO] [MiniMax] 成功, 输出长度: 19
2026-05-09 04:08:28,794 [INFO] [translate_to_chinese] status=SUCCESS, len=19
2026-05-09 04:09:03,451 [INFO] [MiniMax] 请求状态: 200, attempt=1
2026-05-09 04:09:03,452 [INFO] [MiniMax] 成功, 输出长度: 2806
2026-05-09 04:09:03,454 [INFO] [generate_youtube_summary] status=SUCCESS, len=2806
2026-05-09 04:09:12,784 [INFO] [MiniMax] 请求状态: 200, attempt=1
2026-05-09 04:09:12,786 [INFO] [MiniMax] 成功, 输出长度: 23
2026-05-09 04:09:12,788 [INFO] [translate_to_chinese] status=SUCCESS, len=23
2026-05-09 04:09:41,928 [INFO] [MiniMax] 请求状态: 200, attempt=1
2026-05-09 04:09:41,930 [INFO] [MiniMax] 成功, 输出长度: 2844
2026-05-09 04:09:41,932 [INFO] [generate_youtube_summary] status=SUCCESS, len=2844
2026-05-09 04:09:48,868 [INFO] [MiniMax] 请求状态: 200, attempt=1
2026-05-09 04:09:48,869 [INFO] [MiniMax] 成功, 输出长度: 33
2026-05-09 04:09:48,870 [INFO] [translate_to_chinese] status=SUCCESS, len=33
2026-05-09 04:10:29,194 [INFO] [MiniMax] 请求状态: 200, attempt=1
2026-05-09 04:10:29,196 [INFO] [MiniMax] 成功, 输出长度: 1959
2026-05-09 04:10:29,199 [INFO] [generate_youtube_summary] status=SUCCESS, len=1959
2026-05-09 04:10:35,589 [INFO] [MiniMax] 请求状态: 200, attempt=1
2026-05-09 04:10:35,590 [INFO] [MiniMax] 成功, 输出长度: 39
2026-05-09 04:10:35,592 [INFO] [translate_to_chinese] status=SUCCESS, len=39
2026-05-09 04:11:07,456 [INFO] [MiniMax] 请求状态: 200, attempt=1
2026-05-09 04:11:07,458 [INFO] [MiniMax] 成功, 输出长度: 2553
2026-05-09 04:11:07,460 [INFO] [generate_youtube_summary] status=SUCCESS, len=2553
2026-05-09 04:11:15,924 [INFO] [MiniMax] 请求状态: 200, attempt=1
2026-05-09 04:11:15,925 [INFO] [MiniMax] 成功, 输出长度: 41
2026-05-09 04:11:15,926 [INFO] [translate_to_chinese] status=SUCCESS, len=41
2026-05-09 04:11:39,666 [INFO] [MiniMax] 请求状态: 200, attempt=1
2026-05-09 04:11:39,668 [INFO] [MiniMax] 成功, 输出长度: 1564
2026-05-09 04:11:39,670 [INFO] [generate_youtube_summary] status=SUCCESS, len=1564
2026-05-09 04:11:45,482 [INFO] [MiniMax] 请求状态: 200, attempt=1
2026-05-09 04:11:45,482 [INFO] [MiniMax] 成功, 输出长度: 15
2026-05-09 04:11:45,483 [INFO] [translate_to_chinese] status=SUCCESS, len=15
2026-05-09 04:12:23,734 [INFO] [MiniMax] 请求状态: 200, attempt=1
2026-05-09 04:12:23,735 [INFO] [MiniMax] 成功, 输出长度: 3249
2026-05-09 04:12:23,737 [INFO] [generate_youtube_summary] status=SUCCESS, len=3249
2026-05-09 04:12:28,905 [INFO] [MiniMax] 请求状态: 200, attempt=1
2026-05-09 04:12:28,905 [INFO] [MiniMax] 成功, 输出长度: 19
2026-05-09 04:12:28,907 [INFO] [translate_to_chinese] status=SUCCESS, len=19
2026-05-09 04:12:57,730 [INFO] [MiniMax] 请求状态: 200, attempt=1
2026-05-09 04:12:57,731 [INFO] [MiniMax] 成功, 输出长度: 2096
2026-05-09 04:12:57,734 [INFO] [generate_youtube_summary] status=SUCCESS, len=2096
/Users/vincentnie/Library/Python/3.9/lib/python/site-packages/urllib3/__init__.py:35: NotOpenSSLWarning: urllib3 v2 only supports OpenSSL 1.1.1+, currently the 'ssl' module is compiled with 'LibreSSL 2.8.3'. See: https://github.com/urllib3/urllib3/issues/3020
  warnings.warn(
/Users/vincentnie/Library/Python/3.9/lib/python/site-packages/urllib3/__init__.py:35: NotOpenSSLWarning: urllib3 v2 only supports OpenSSL 1.1.1+, currently the 'ssl' module is compiled with 'LibreSSL 2.8.3'. See: https://github.com/urllib3/urllib3/issues/3020
  warnings.warn(
/Users/vincentnie/Library/Python/3.9/lib/python/site-packages/urllib3/connectionpool.py:1097: InsecureRequestWarning: Unverified HTTPS request is being made to host '127.0.0.1'. Adding certificate verification is strongly advised. See: https://urllib3.readthedocs.io/en/latest/advanced-usage.html#tls-warnings
  warnings.warn(
/Users/vincentnie/Library/Python/3.9/lib/python/site-packages/urllib3/connectionpool.py:1097: InsecureRequestWarning: Unverified HTTPS request is being made to host '127.0.0.1'. Adding certificate verification is strongly advised. See: https://urllib3.readthedocs.io/en/latest/advanced-usage.html#tls-warnings
  warnings.warn(
/Users/vincentnie/Library/Python/3.9/lib/python/site-packages/urllib3/connectionpool.py:1097: InsecureRequestWarning: Unverified HTTPS request is being made to host '127.0.0.1'. Adding certificate verification is strongly advised. See: https://urllib3.readthedocs.io/en/latest/advanced-usage.html#tls-warnings
  warnings.warn(
/Users/vincentnie/Library/Python/3.9/lib/python/site-packages/urllib3/connectionpool.py:1097: InsecureRequestWarning: Unverified HTTPS request is being made to host '127.0.0.1'. Adding certificate verification is strongly advised. See: https://urllib3.readthedocs.io/en/latest/advanced-usage.html#tls-warnings
  warnings.warn(
/Users/vincentnie/Library/Python/3.9/lib/python/site-packages/urllib3/connectionpool.py:1097: InsecureRequestWarning: Unverified HTTPS request is being made to host '127.0.0.1'. Adding certificate verification is strongly advised. See: https://urllib3.readthedocs.io/en/latest/advanced-usage.html#tls-warnings
  warnings.warn(
/Users/vincentnie/Library/Python/3.9/lib/python/site-packages/urllib3/connectionpool.py:1097: InsecureRequestWarning: Unverified HTTPS request is being made to host '127.0.0.1'. Adding certificate verification is strongly advised. See: https://urllib3.readthedocs.io/en/latest/advanced-usage.html#tls-warnings
  warnings.warn(
/Users/vincentnie/Library/Python/3.9/lib/python/site-packages/urllib3/connectionpool.py:1097: InsecureRequestWarning: Unverified HTTPS request is being made to host '127.0.0.1'. Adding certificate verification is strongly advised. See: https://urllib3.readthedocs.io/en/latest/advanced-usage.html#tls-warnings
  warnings.warn(
/Users/vincentnie/Library/Python/3.9/lib/python/site-packages/urllib3/connectionpool.py:1097: InsecureRequestWarning: Unverified HTTPS request is being made to host '127.0.0.1'. Adding certificate verification is strongly advised. See: https://urllib3.readthedocs.io/en/latest/advanced-usage.html#tls-warnings
  warnings.warn(
/Users/vincentnie/Library/Python/3.9/lib/python/site-packages/urllib3/connectionpool.py:1097: InsecureRequestWarning: Unverified HTTPS request is being made to host '127.0.0.1'. Adding certificate verification is strongly advised. See: https://urllib3.readthedocs.io/en/latest/advanced-usage.html#tls-warnings
  warnings.warn(
/Users/vincentnie/Library/Python/3.9/lib/python/site-packages/urllib3/connectionpool.py:1097: InsecureRequestWarning: Unverified HTTPS request is being made to host '127.0.0.1'. Adding certificate verification is strongly advised. See: https://urllib3.readthedocs.io/en/latest/advanced-usage.html#tls-warnings
  warnings.warn(
/Users/vincentnie/Library/Python/3.9/lib/python/site-packages/urllib3/connectionpool.py:1097: InsecureRequestWarning: Unverified HTTPS request is being made to host '127.0.0.1'. Adding certificate verification is strongly advised. See: https://urllib3.readthedocs.io/en/latest/advanced-usage.html#tls-warnings
  warnings.warn(
2026-05-10 04:02:43,336 [INFO] [MiniMax] 请求状态: 200, attempt=1
2026-05-10 04:02:43,338 [INFO] [MiniMax] 成功, 输出长度: 3407
2026-05-10 04:02:43,340 [INFO] [generate_podcast_summary] status=SUCCESS, len=3407
2026-05-10 04:03:42,096 [INFO] [MiniMax] 请求状态: 200, attempt=1
2026-05-10 04:03:42,098 [INFO] [MiniMax] 成功, 输出长度: 3640
2026-05-10 04:03:42,100 [INFO] [generate_podcast_summary] status=SUCCESS, len=3640
2026-05-10 04:04:22,721 [INFO] [MiniMax] 请求状态: 200, attempt=1
2026-05-10 04:04:22,724 [INFO] [MiniMax] 成功, 输出长度: 2271
2026-05-10 04:04:22,726 [INFO] [generate_podcast_summary] status=SUCCESS, len=2271
2026-05-10 04:05:05,875 [INFO] [MiniMax] 请求状态: 200, attempt=1
2026-05-10 04:05:05,876 [INFO] [MiniMax] 成功, 输出长度: 2917
2026-05-10 04:05:05,878 [INFO] [generate_podcast_summary] status=SUCCESS, len=2917
/Users/vincentnie/Library/Python/3.9/lib/python/site-packages/urllib3/__init__.py:35: NotOpenSSLWarning: urllib3 v2 only supports OpenSSL 1.1.1+, currently the 'ssl' module is compiled with 'LibreSSL 2.8.3'. See: https://github.com/urllib3/urllib3/issues/3020
  warnings.warn(
Deprecated Feature: Support for Python version 3.9 has been deprecated. Please update to Python 3.10 or above
WARNING: [youtube] nepKKz-MzFM: Some web client https formats have been skipped as they are missing a url. YouTube is forcing SABR streaming for this client. See  https://github.com/yt-dlp/yt-dlp/issues/12482  for more details
WARNING: [youtube] iKx3gAODybU: Some web client https formats have been skipped as they are missing a url. YouTube is forcing SABR streaming for this client. See  https://github.com/yt-dlp/yt-dlp/issues/12482  for more details
WARNING: [youtube] vif8NQcjVf0: Some web client https formats have been skipped as they are missing a url. YouTube is forcing SABR streaming for this client. See  https://github.com/yt-dlp/yt-dlp/issues/12482  for more details
WARNING: [youtube] H9rF1CSSh-w: Some web client https formats have been skipped as they are missing a url. YouTube is forcing SABR streaming for this client. See  https://github.com/yt-dlp/yt-dlp/issues/12482  for more details
WARNING: [youtube] 1SJiTwbSI58: Some web client https formats have been skipped as they are missing a url. YouTube is forcing SABR streaming for this client. See  https://github.com/yt-dlp/yt-dlp/issues/12482  for more details
Deprecated Feature: Support for Python version 3.9 has been deprecated. Please update to Python 3.10 or above
WARNING: [youtube] X9k53P-2SOg: Some web client https formats have been skipped as they are missing a url. YouTube is forcing SABR streaming for this client. See  https://github.com/yt-dlp/yt-dlp/issues/12482  for more details
WARNING: [youtube] 6cCWrrQp1v4: Some web client https formats have been skipped as they are missing a url. YouTube is forcing SABR streaming for this client. See  https://github.com/yt-dlp/yt-dlp/issues/12482  for more details
WARNING: [youtube] Z4i1adGvD2A: Some web client https formats have been skipped as they are missing a url. YouTube is forcing SABR streaming for this client. See  https://github.com/yt-dlp/yt-dlp/issues/12482  for more details
WARNING: [youtube] fUI0CNg1hCc: Some web client https formats have been skipped as they are missing a url. YouTube is forcing SABR streaming for this client. See  https://github.com/yt-dlp/yt-dlp/issues/12482  for more details
WARNING: [youtube] dvVbA9OcBqs: Some web client https formats have been skipped as they are missing a url. YouTube is forcing SABR streaming for this client. See  https://github.com/yt-dlp/yt-dlp/issues/12482  for more details
Deprecated Feature: Support for Python version 3.9 has been deprecated. Please update to Python 3.10 or above
WARNING: [youtube] 10MdOvK-aG4: Some web client https formats have been skipped as they are missing a url. YouTube is forcing SABR streaming for this client. See  https://github.com/yt-dlp/yt-dlp/issues/12482  for more details
WARNING: [youtube] fpC4sbawSzQ: Some web client https formats have been skipped as they are missing a url. YouTube is forcing SABR streaming for this client. See  https://github.com/yt-dlp/yt-dlp/issues/12482  for more details
WARNING: [youtube] 9WQu7w1tII0: Some web client https formats have been skipped as they are missing a url. YouTube is forcing SABR streaming for this client. See  https://github.com/yt-dlp/yt-dlp/issues/12482  for more details
WARNING: [youtube] 1bCXCxrDsCs: Some web client https formats have been skipped as they are missing a url. YouTube is forcing SABR streaming for this client. See  https://github.com/yt-dlp/yt-dlp/issues/12482  for more details
WARNING: [youtube] SFdqX7IY7RY: Some web client https formats have been skipped as they are missing a url. YouTube is forcing SABR streaming for this client. See  https://github.com/yt-dlp/yt-dlp/issues/12482  for more details
Deprecated Feature: Support for Python version 3.9 has been deprecated. Please update to Python 3.10 or above
WARNING: [youtube] iBBOLjt8haY: Some web client https formats have been skipped as they are missing a url. YouTube is forcing SABR streaming for this client. See  https://github.com/yt-dlp/yt-dlp/issues/12482  for more details
WARNING: [youtube] aTN1I-xBdQI: Some web client https formats have been skipped as they are missing a url. YouTube is forcing SABR streaming for this client. See  https://github.com/yt-dlp/yt-dlp/issues/12482  for more details
WARNING: [youtube] VdcD6qX8Xrc: Some web client https formats have been skipped as they are missing a url. YouTube is forcing SABR streaming for this client. See  https://github.com/yt-dlp/yt-dlp/issues/12482  for more details
WARNING: [youtube] X9GQiouEdJ8: Some web client https formats have been skipped as they are missing a url. YouTube is forcing SABR streaming for this client. See  https://github.com/yt-dlp/yt-dlp/issues/12482  for more details
WARNING: [youtube] 6LkMI6uvqZY: Some web client https formats have been skipped as they are missing a url. YouTube is forcing SABR streaming for this client. See  https://github.com/yt-dlp/yt-dlp/issues/12482  for more details
Deprecated Feature: Support for Python version 3.9 has been deprecated. Please update to Python 3.10 or above
WARNING: [youtube] 3vi3IZTbODM: Some web client https formats have been skipped as they are missing a url. YouTube is forcing SABR streaming for this client. See  https://github.com/yt-dlp/yt-dlp/issues/12482  for more details
WARNING: [youtube] RCamHhdWoBE: Some web client https formats have been skipped as they are missing a url. YouTube is forcing SABR streaming for this client. See  https://github.com/yt-dlp/yt-dlp/issues/12482  for more details
WARNING: [youtube] dgPp34nyg6M: Some web client https formats have been skipped as they are missing a url. YouTube is forcing SABR streaming for this client. See  https://github.com/yt-dlp/yt-dlp/issues/12482  for more details
WARNING: [youtube] ZXFw8EGbX3E: Some web client https formats have been skipped as they are missing a url. YouTube is forcing SABR streaming for this client. See  https://github.com/yt-dlp/yt-dlp/issues/12482  for more details
WARNING: [youtube] MyNrZINd4E8: Some web client https formats have been skipped as they are missing a url. YouTube is forcing SABR streaming for this client. See  https://github.com/yt-dlp/yt-dlp/issues/12482  for more details
Deprecated Feature: Support for Python version 3.9 has been deprecated. Please update to Python 3.10 or above
WARNING: [youtube] tJV-vdbZ388: Some web client https formats have been skipped as they are missing a url. YouTube is forcing SABR streaming for this client. See  https://github.com/yt-dlp/yt-dlp/issues/12482  for more details
WARNING: [youtube] FfyMZejIgv8: Some web client https formats have been skipped as they are missing a url. YouTube is forcing SABR streaming for this client. See  https://github.com/yt-dlp/yt-dlp/issues/12482  for more details
WARNING: [youtube] 93I_CRPhKFM: Some web client https formats have been skipped as they are missing a url. YouTube is forcing SABR streaming for this client. See  https://github.com/yt-dlp/yt-dlp/issues/12482  for more details
WARNING: [youtube] kRfg5ZISJZ4: Some web client https formats have been skipped as they are missing a url. YouTube is forcing SABR streaming for this client. See  https://github.com/yt-dlp/yt-dlp/issues/12482  for more details
WARNING: [youtube] oCtLmeo56Jo: Some web client https formats have been skipped as they are missing a url. YouTube is forcing SABR streaming for this client. See  https://github.com/yt-dlp/yt-dlp/issues/12482  for more details
Deprecated Feature: Support for Python version 3.9 has been deprecated. Please update to Python 3.10 or above
WARNING: [youtube] YHKXflgkHak: Some web client https formats have been skipped as they are missing a url. YouTube is forcing SABR streaming for this client. See  https://github.com/yt-dlp/yt-dlp/issues/12482  for more details
WARNING: [youtube] ZrHKwxasXS4: Some web client https formats have been skipped as they are missing a url. YouTube is forcing SABR streaming for this client. See  https://github.com/yt-dlp/yt-dlp/issues/12482  for more details
WARNING: [youtube] EJg67cLfLYo: Some web client https formats have been skipped as they are missing a url. YouTube is forcing SABR streaming for this client. See  https://github.com/yt-dlp/yt-dlp/issues/12482  for more details
WARNING: [youtube] JB2P5Gk23VI: Some web client https formats have been skipped as they are missing a url. YouTube is forcing SABR streaming for this client. See  https://github.com/yt-dlp/yt-dlp/issues/12482  for more details
WARNING: [youtube] g9JIUM0MHgQ: Some web client https formats have been skipped as they are missing a url. YouTube is forcing SABR streaming for this client. See  https://github.com/yt-dlp/yt-dlp/issues/12482  for more details
Deprecated Feature: Support for Python version 3.9 has been deprecated. Please update to Python 3.10 or above
WARNING: [youtube] b6Mxcv1pyBU: Some web client https formats have been skipped as they are missing a url. YouTube is forcing SABR streaming for this client. See  https://github.com/yt-dlp/yt-dlp/issues/12482  for more details
WARNING: [youtube] JOu8v6CBjkE: Some web client https formats have been skipped as they are missing a url. YouTube is forcing SABR streaming for this client. See  https://github.com/yt-dlp/yt-dlp/issues/12482  for more details
WARNING: [youtube] 9cenXVrQZNQ: Some web client https formats have been skipped as they are missing a url. YouTube is forcing SABR streaming for this client. See  https://github.com/yt-dlp/yt-dlp/issues/12482  for more details
WARNING: [youtube] sfkyiXvlYL0: Some web client https formats have been skipped as they are missing a url. YouTube is forcing SABR streaming for this client. See  https://github.com/yt-dlp/yt-dlp/issues/12482  for more details
WARNING: [youtube] TiW96H5HmAw: Some web client https formats have been skipped as they are missing a url. YouTube is forcing SABR streaming for this client. See  https://github.com/yt-dlp/yt-dlp/issues/12482  for more details
Deprecated Feature: Support for Python version 3.9 has been deprecated. Please update to Python 3.10 or above
WARNING: [youtube] zdAqvqhdVgU: Some web client https formats have been skipped as they are missing a url. YouTube is forcing SABR streaming for this client. See  https://github.com/yt-dlp/yt-dlp/issues/12482  for more details
WARNING: [youtube] Jg2jJH1K0o8: Some web client https formats have been skipped as they are missing a url. YouTube is forcing SABR streaming for this client. See  https://github.com/yt-dlp/yt-dlp/issues/12482  for more details
WARNING: [youtube] RCbJKkG_mZs: Some web client https formats have been skipped as they are missing a url. YouTube is forcing SABR streaming for this client. See  https://github.com/yt-dlp/yt-dlp/issues/12482  for more details
WARNING: [youtube] D8ohmtB8MdI: Some web client https formats have been skipped as they are missing a url. YouTube is forcing SABR streaming for this client. See  https://github.com/yt-dlp/yt-dlp/issues/12482  for more details
WARNING: [youtube] 4IM866W7yGc: Some web client https formats have been skipped as they are missing a url. YouTube is forcing SABR streaming for this client. See  https://github.com/yt-dlp/yt-dlp/issues/12482  for more details
Deprecated Feature: Support for Python version 3.9 has been deprecated. Please update to Python 3.10 or above
WARNING: [youtube] BTJGr78-zyw: Some web client https formats have been skipped as they are missing a url. YouTube is forcing SABR streaming for this client. See  https://github.com/yt-dlp/yt-dlp/issues/12482  for more details
WARNING: [youtube] NdU6UdUKaYc: Some web client https formats have been skipped as they are missing a url. YouTube is forcing SABR streaming for this client. See  https://github.com/yt-dlp/yt-dlp/issues/12482  for more details
WARNING: [youtube] jLFG_FZKbks: Some web client https formats have been skipped as they are missing a url. YouTube is forcing SABR streaming for this client. See  https://github.com/yt-dlp/yt-dlp/issues/12482  for more details
WARNING: [youtube] PnpHwhTWw0c: Some web client https formats have been skipped as they are missing a url. YouTube is forcing SABR streaming for this client. See  https://github.com/yt-dlp/yt-dlp/issues/12482  for more details
WARNING: [youtube] m-nnyNZ0TQ0: Some web client https formats have been skipped as they are missing a url. YouTube is forcing SABR streaming for this client. See  https://github.com/yt-dlp/yt-dlp/issues/12482  for more details
Deprecated Feature: Support for Python version 3.9 has been deprecated. Please update to Python 3.10 or above
WARNING: [youtube] i9TvUGeTltE: Some web client https formats have been skipped as they are missing a url. YouTube is forcing SABR streaming for this client. See  https://github.com/yt-dlp/yt-dlp/issues/12482  for more details
WARNING: [youtube] 7YrdI7h2XoY: Some web client https formats have been skipped as they are missing a url. YouTube is forcing SABR streaming for this client. See  https://github.com/yt-dlp/yt-dlp/issues/12482  for more details
WARNING: [youtube] c347oYQO57A: Some web client https formats have been skipped as they are missing a url. YouTube is forcing SABR streaming for this client. See  https://github.com/yt-dlp/yt-dlp/issues/12482  for more details
WARNING: [youtube] 5aS-8QCRdGE: Some web client https formats have been skipped as they are missing a url. YouTube is forcing SABR streaming for this client. See  https://github.com/yt-dlp/yt-dlp/issues/12482  for more details
WARNING: [youtube] Hc0aqOEU2w8: Some web client https formats have been skipped as they are missing a url. YouTube is forcing SABR streaming for this client. See  https://github.com/yt-dlp/yt-dlp/issues/12482  for more details
Deprecated Feature: Support for Python version 3.9 has been deprecated. Please update to Python 3.10 or above
WARNING: [youtube] i9TvUGeTltE: Some web client https formats have been skipped as they are missing a url. YouTube is forcing SABR streaming for this client. See  https://github.com/yt-dlp/yt-dlp/issues/12482  for more details
WARNING: [youtube] 7YrdI7h2XoY: Some web client https formats have been skipped as they are missing a url. YouTube is forcing SABR streaming for this client. See  https://github.com/yt-dlp/yt-dlp/issues/12482  for more details
WARNING: [youtube] c347oYQO57A: Some web client https formats have been skipped as they are missing a url. YouTube is forcing SABR streaming for this client. See  https://github.com/yt-dlp/yt-dlp/issues/12482  for more details
WARNING: [youtube] 5aS-8QCRdGE: Some web client https formats have been skipped as they are missing a url. YouTube is forcing SABR streaming for this client. See  https://github.com/yt-dlp/yt-dlp/issues/12482  for more details
WARNING: [youtube] Hc0aqOEU2w8: Some web client https formats have been skipped as they are missing a url. YouTube is forcing SABR streaming for this client. See  https://github.com/yt-dlp/yt-dlp/issues/12482  for more details
2026-05-10 04:09:37,990 [INFO] [MiniMax] 请求状态: 200, attempt=1
2026-05-10 04:09:37,991 [INFO] [MiniMax] 成功, 输出长度: 36
2026-05-10 04:09:37,993 [INFO] [translate_to_chinese] status=SUCCESS, len=36
2026-05-10 04:10:11,122 [INFO] [MiniMax] 请求状态: 200, attempt=1
2026-05-10 04:10:11,124 [INFO] [MiniMax] 成功, 输出长度: 2851
2026-05-10 04:10:11,128 [INFO] [generate_youtube_summary] status=SUCCESS, len=2851
2026-05-10 04:10:21,035 [INFO] [MiniMax] 请求状态: 200, attempt=1
2026-05-10 04:10:21,036 [INFO] [MiniMax] 成功, 输出长度: 42
2026-05-10 04:10:21,037 [INFO] [translate_to_chinese] status=SUCCESS, len=42
2026-05-10 04:10:54,019 [INFO] [MiniMax] 请求状态: 200, attempt=1
2026-05-10 04:10:54,021 [INFO] [MiniMax] 成功, 输出长度: 2301
2026-05-10 04:10:54,024 [INFO] [generate_youtube_summary] status=SUCCESS, len=2301
2026-05-10 04:11:11,108 [INFO] [MiniMax] 请求状态: 200, attempt=1
2026-05-10 04:11:11,109 [INFO] [MiniMax] 成功, 输出长度: 36
2026-05-10 04:11:11,110 [INFO] [translate_to_chinese] status=SUCCESS, len=36
2026-05-10 04:12:11,249 [ERROR] [MiniMax] 请求异常: HTTPSConnectionPool(host='api.minimax.chat', port=443): Read timed out. (read timeout=60), attempt=1/3
2026-05-10 04:12:47,676 [INFO] [MiniMax] 请求状态: 200, attempt=2
2026-05-10 04:12:47,677 [INFO] [MiniMax] 成功, 输出长度: 2534
2026-05-10 04:12:47,677 [INFO] [generate_youtube_summary] status=SUCCESS, len=2534
2026-05-10 04:13:00,591 [INFO] [MiniMax] 请求状态: 200, attempt=1
2026-05-10 04:13:00,593 [INFO] [MiniMax] 成功, 输出长度: 41
2026-05-10 04:13:00,596 [INFO] [translate_to_chinese] status=SUCCESS, len=41
2026-05-10 04:13:50,360 [INFO] [MiniMax] 请求状态: 200, attempt=1
2026-05-10 04:13:50,362 [INFO] [MiniMax] 成功, 输出长度: 3850
2026-05-10 04:13:50,364 [INFO] [generate_youtube_summary] status=SUCCESS, len=3850
2026-05-10 04:13:58,506 [INFO] [MiniMax] 请求状态: 200, attempt=1
2026-05-10 04:13:58,507 [INFO] [MiniMax] 成功, 输出长度: 20
2026-05-10 04:13:58,509 [INFO] [translate_to_chinese] status=SUCCESS, len=20
2026-05-10 04:14:32,000 [INFO] [MiniMax] 请求状态: 200, attempt=1
2026-05-10 04:14:32,002 [INFO] [MiniMax] 成功, 输出长度: 2573
2026-05-10 04:14:32,004 [INFO] [generate_youtube_summary] status=SUCCESS, len=2573
2026-05-10 04:14:36,472 [INFO] [MiniMax] 请求状态: 200, attempt=1
2026-05-10 04:14:36,473 [INFO] [MiniMax] 成功, 输出长度: 20
2026-05-10 04:14:36,473 [INFO] [translate_to_chinese] status=SUCCESS, len=20
2026-05-10 04:15:00,059 [INFO] [MiniMax] 请求状态: 200, attempt=1
2026-05-10 04:15:00,060 [INFO] [MiniMax] 成功, 输出长度: 1542
2026-05-10 04:15:00,062 [INFO] [generate_youtube_summary] status=SUCCESS, len=1542
2026-05-10 04:15:05,529 [INFO] [MiniMax] 请求状态: 200, attempt=1
2026-05-10 04:15:05,530 [INFO] [MiniMax] 成功, 输出长度: 41
2026-05-10 04:15:05,531 [INFO] [translate_to_chinese] status=SUCCESS, len=41
2026-05-10 04:16:05,680 [ERROR] [MiniMax] 请求异常: HTTPSConnectionPool(host='api.minimax.chat', port=443): Read timed out. (read timeout=60), attempt=1/3
2026-05-10 04:16:35,323 [INFO] [MiniMax] 请求状态: 200, attempt=2
2026-05-10 04:16:35,324 [INFO] [MiniMax] 成功, 输出长度: 2461
2026-05-10 04:16:35,325 [INFO] [generate_youtube_summary] status=SUCCESS, len=2461
2026-05-10 04:16:39,294 [INFO] [MiniMax] 请求状态: 200, attempt=1
2026-05-10 04:16:39,295 [INFO] [MiniMax] 成功, 输出长度: 37
2026-05-10 04:16:39,296 [INFO] [translate_to_chinese] status=SUCCESS, len=37
2026-05-10 04:17:17,134 [INFO] [MiniMax] 请求状态: 200, attempt=1
2026-05-10 04:17:17,137 [INFO] [MiniMax] 成功, 输出长度: 3292
2026-05-10 04:17:17,139 [INFO] [generate_youtube_summary] status=SUCCESS, len=3292
/Users/vincentnie/Library/Python/3.9/lib/python/site-packages/urllib3/__init__.py:35: NotOpenSSLWarning: urllib3 v2 only supports OpenSSL 1.1.1+, currently the 'ssl' module is compiled with 'LibreSSL 2.8.3'. See: https://github.com/urllib3/urllib3/issues/3020
  warnings.warn(
/Users/vincentnie/Library/Python/3.9/lib/python/site-packages/urllib3/__init__.py:35: NotOpenSSLWarning: urllib3 v2 only supports OpenSSL 1.1.1+, currently the 'ssl' module is compiled with 'LibreSSL 2.8.3'. See: https://github.com/urllib3/urllib3/issues/3020
  warnings.warn(
/Users/vincentnie/Library/Python/3.9/lib/python/site-packages/urllib3/connectionpool.py:1097: InsecureRequestWarning: Unverified HTTPS request is being made to host '127.0.0.1'. Adding certificate verification is strongly advised. See: https://urllib3.readthedocs.io/en/latest/advanced-usage.html#tls-warnings
  warnings.warn(
/Users/vincentnie/Library/Python/3.9/lib/python/site-packages/urllib3/connectionpool.py:1097: InsecureRequestWarning: Unverified HTTPS request is being made to host '127.0.0.1'. Adding certificate verification is strongly advised. See: https://urllib3.readthedocs.io/en/latest/advanced-usage.html#tls-warnings
  warnings.warn(
/Users/vincentnie/Library/Python/3.9/lib/python/site-packages/urllib3/connectionpool.py:1097: InsecureRequestWarning: Unverified HTTPS request is being made to host '127.0.0.1'. Adding certificate verification is strongly advised. See: https://urllib3.readthedocs.io/en/latest/advanced-usage.html#tls-warnings
  warnings.warn(
/Users/vincentnie/Library/Python/3.9/lib/python/site-packages/urllib3/connectionpool.py:1097: InsecureRequestWarning: Unverified HTTPS request is being made to host '127.0.0.1'. Adding certificate verification is strongly advised. See: https://urllib3.readthedocs.io/en/latest/advanced-usage.html#tls-warnings
  warnings.warn(
/Users/vincentnie/Library/Python/3.9/lib/python/site-packages/urllib3/connectionpool.py:1097: InsecureRequestWarning: Unverified HTTPS request is being made to host '127.0.0.1'. Adding certificate verification is strongly advised. See: https://urllib3.readthedocs.io/en/latest/advanced-usage.html#tls-warnings
  warnings.warn(
/Users/vincentnie/Library/Python/3.9/lib/python/site-packages/urllib3/connectionpool.py:1097: InsecureRequestWarning: Unverified HTTPS request is being made to host '127.0.0.1'. Adding certificate verification is strongly advised. See: https://urllib3.readthedocs.io/en/latest/advanced-usage.html#tls-warnings
  warnings.warn(
/Users/vincentnie/Library/Python/3.9/lib/python/site-packages/urllib3/connectionpool.py:1097: InsecureRequestWarning: Unverified HTTPS request is being made to host '127.0.0.1'. Adding certificate verification is strongly advised. See: https://urllib3.readthedocs.io/en/latest/advanced-usage.html#tls-warnings
  warnings.warn(
/Users/vincentnie/Library/Python/3.9/lib/python/site-packages/urllib3/connectionpool.py:1097: InsecureRequestWarning: Unverified HTTPS request is being made to host '127.0.0.1'. Adding certificate verification is strongly advised. See: https://urllib3.readthedocs.io/en/latest/advanced-usage.html#tls-warnings
  warnings.warn(
/Users/vincentnie/Library/Python/3.9/lib/python/site-packages/urllib3/__init__.py:35: NotOpenSSLWarning: urllib3 v2 only supports OpenSSL 1.1.1+, currently the 'ssl' module is compiled with 'LibreSSL 2.8.3'. See: https://github.com/urllib3/urllib3/issues/3020
  warnings.warn(
Deprecated Feature: Support for Python version 3.9 has been deprecated. Please update to Python 3.10 or above
WARNING: [youtube] nepKKz-MzFM: Some web client https formats have been skipped as they are missing a url. YouTube is forcing SABR streaming for this client. See  https://github.com/yt-dlp/yt-dlp/issues/12482  for more details
WARNING: [youtube] iKx3gAODybU: Some web client https formats have been skipped as they are missing a url. YouTube is forcing SABR streaming for this client. See  https://github.com/yt-dlp/yt-dlp/issues/12482  for more details
WARNING: [youtube] vif8NQcjVf0: Some web client https formats have been skipped as they are missing a url. YouTube is forcing SABR streaming for this client. See  https://github.com/yt-dlp/yt-dlp/issues/12482  for more details
WARNING: [youtube] H9rF1CSSh-w: Some web client https formats have been skipped as they are missing a url. YouTube is forcing SABR streaming for this client. See  https://github.com/yt-dlp/yt-dlp/issues/12482  for more details
WARNING: [youtube] 1SJiTwbSI58: Some web client https formats have been skipped as they are missing a url. YouTube is forcing SABR streaming for this client. See  https://github.com/yt-dlp/yt-dlp/issues/12482  for more details
Deprecated Feature: Support for Python version 3.9 has been deprecated. Please update to Python 3.10 or above
WARNING: [youtube] X9k53P-2SOg: Some web client https formats have been skipped as they are missing a url. YouTube is forcing SABR streaming for this client. See  https://github.com/yt-dlp/yt-dlp/issues/12482  for more details
WARNING: [youtube] 6cCWrrQp1v4: Some web client https formats have been skipped as they are missing a url. YouTube is forcing SABR streaming for this client. See  https://github.com/yt-dlp/yt-dlp/issues/12482  for more details
WARNING: [youtube] Z4i1adGvD2A: Some web client https formats have been skipped as they are missing a url. YouTube is forcing SABR streaming for this client. See  https://github.com/yt-dlp/yt-dlp/issues/12482  for more details
WARNING: [youtube] fUI0CNg1hCc: Some web client https formats have been skipped as they are missing a url. YouTube is forcing SABR streaming for this client. See  https://github.com/yt-dlp/yt-dlp/issues/12482  for more details
WARNING: [youtube] dvVbA9OcBqs: Some web client https formats have been skipped as they are missing a url. YouTube is forcing SABR streaming for this client. See  https://github.com/yt-dlp/yt-dlp/issues/12482  for more details
Deprecated Feature: Support for Python version 3.9 has been deprecated. Please update to Python 3.10 or above
ERROR: [youtube] GCpjy3TC8Pg: Premieres in 56 minutes
WARNING: [youtube] 10MdOvK-aG4: Some web client https formats have been skipped as they are missing a url. YouTube is forcing SABR streaming for this client. See  https://github.com/yt-dlp/yt-dlp/issues/12482  for more details
WARNING: [youtube] fpC4sbawSzQ: Some web client https formats have been skipped as they are missing a url. YouTube is forcing SABR streaming for this client. See  https://github.com/yt-dlp/yt-dlp/issues/12482  for more details
WARNING: [youtube] 9WQu7w1tII0: Some web client https formats have been skipped as they are missing a url. YouTube is forcing SABR streaming for this client. See  https://github.com/yt-dlp/yt-dlp/issues/12482  for more details
WARNING: [youtube] 1bCXCxrDsCs: Some web client https formats have been skipped as they are missing a url. YouTube is forcing SABR streaming for this client. See  https://github.com/yt-dlp/yt-dlp/issues/12482  for more details
Deprecated Feature: Support for Python version 3.9 has been deprecated. Please update to Python 3.10 or above
WARNING: [youtube] iBBOLjt8haY: Some web client https formats have been skipped as they are missing a url. YouTube is forcing SABR streaming for this client. See  https://github.com/yt-dlp/yt-dlp/issues/12482  for more details
WARNING: [youtube] aTN1I-xBdQI: Some web client https formats have been skipped as they are missing a url. YouTube is forcing SABR streaming for this client. See  https://github.com/yt-dlp/yt-dlp/issues/12482  for more details
WARNING: [youtube] VdcD6qX8Xrc: Some web client https formats have been skipped as they are missing a url. YouTube is forcing SABR streaming for this client. See  https://github.com/yt-dlp/yt-dlp/issues/12482  for more details
WARNING: [youtube] X9GQiouEdJ8: Some web client https formats have been skipped as they are missing a url. YouTube is forcing SABR streaming for this client. See  https://github.com/yt-dlp/yt-dlp/issues/12482  for more details
WARNING: [youtube] 6LkMI6uvqZY: Some web client https formats have been skipped as they are missing a url. YouTube is forcing SABR streaming for this client. See  https://github.com/yt-dlp/yt-dlp/issues/12482  for more details
Deprecated Feature: Support for Python version 3.9 has been deprecated. Please update to Python 3.10 or above
WARNING: [youtube] 69qNX1ahjpQ: Some web client https formats have been skipped as they are missing a url. YouTube is forcing SABR streaming for this client. See  https://github.com/yt-dlp/yt-dlp/issues/12482  for more details
WARNING: [youtube] 3vi3IZTbODM: Some web client https formats have been skipped as they are missing a url. YouTube is forcing SABR streaming for this client. See  https://github.com/yt-dlp/yt-dlp/issues/12482  for more details
WARNING: [youtube] RCamHhdWoBE: Some web client https formats have been skipped as they are missing a url. YouTube is forcing SABR streaming for this client. See  https://github.com/yt-dlp/yt-dlp/issues/12482  for more details
WARNING: [youtube] dgPp34nyg6M: Some web client https formats have been skipped as they are missing a url. YouTube is forcing SABR streaming for this client. See  https://github.com/yt-dlp/yt-dlp/issues/12482  for more details
WARNING: [youtube] ZXFw8EGbX3E: Some web client https formats have been skipped as they are missing a url. YouTube is forcing SABR streaming for this client. See  https://github.com/yt-dlp/yt-dlp/issues/12482  for more details
Deprecated Feature: Support for Python version 3.9 has been deprecated. Please update to Python 3.10 or above
WARNING: [youtube] rweUKs3vBV4: Some web client https formats have been skipped as they are missing a url. YouTube is forcing SABR streaming for this client. See  https://github.com/yt-dlp/yt-dlp/issues/12482  for more details
WARNING: [youtube] tJV-vdbZ388: Some web client https formats have been skipped as they are missing a url. YouTube is forcing SABR streaming for this client. See  https://github.com/yt-dlp/yt-dlp/issues/12482  for more details
WARNING: [youtube] FfyMZejIgv8: Some web client https formats have been skipped as they are missing a url. YouTube is forcing SABR streaming for this client. See  https://github.com/yt-dlp/yt-dlp/issues/12482  for more details
WARNING: [youtube] 93I_CRPhKFM: Some web client https formats have been skipped as they are missing a url. YouTube is forcing SABR streaming for this client. See  https://github.com/yt-dlp/yt-dlp/issues/12482  for more details
WARNING: [youtube] kRfg5ZISJZ4: Some web client https formats have been skipped as they are missing a url. YouTube is forcing SABR streaming for this client. See  https://github.com/yt-dlp/yt-dlp/issues/12482  for more details
Deprecated Feature: Support for Python version 3.9 has been deprecated. Please update to Python 3.10 or above
WARNING: [youtube:tab] ('Unable to connect to proxy', ConnectTimeoutError(<HTTPSConnection(host='127.0.0.1', port=7890) at 0x1080a2dc0>, 'Connection to 127.0.0.1 timed out. (connect timeout=20.0)')). Retrying (1/3)...
WARNING: [youtube] V_qJIrvWyRQ: Some web client https formats have been skipped as they are missing a url. YouTube is forcing SABR streaming for this client. See  https://github.com/yt-dlp/yt-dlp/issues/12482  for more details
WARNING: [youtube] YHKXflgkHak: Some web client https formats have been skipped as they are missing a url. YouTube is forcing SABR streaming for this client. See  https://github.com/yt-dlp/yt-dlp/issues/12482  for more details
WARNING: [youtube] ZrHKwxasXS4: Some web client https formats have been skipped as they are missing a url. YouTube is forcing SABR streaming for this client. See  https://github.com/yt-dlp/yt-dlp/issues/12482  for more details
WARNING: [youtube] EJg67cLfLYo: Some web client https formats have been skipped as they are missing a url. YouTube is forcing SABR streaming for this client. See  https://github.com/yt-dlp/yt-dlp/issues/12482  for more details
WARNING: [youtube] JB2P5Gk23VI: Some web client https formats have been skipped as they are missing a url. YouTube is forcing SABR streaming for this client. See  https://github.com/yt-dlp/yt-dlp/issues/12482  for more details
Deprecated Feature: Support for Python version 3.9 has been deprecated. Please update to Python 3.10 or above
WARNING: [youtube] b6Mxcv1pyBU: Some web client https formats have been skipped as they are missing a url. YouTube is forcing SABR streaming for this client. See  https://github.com/yt-dlp/yt-dlp/issues/12482  for more details
WARNING: [youtube] JOu8v6CBjkE: Some web client https formats have been skipped as they are missing a url. YouTube is forcing SABR streaming for this client. See  https://github.com/yt-dlp/yt-dlp/issues/12482  for more details
WARNING: [youtube] 9cenXVrQZNQ: Some web client https formats have been skipped as they are missing a url. YouTube is forcing SABR streaming for this client. See  https://github.com/yt-dlp/yt-dlp/issues/12482  for more details
WARNING: [youtube] sfkyiXvlYL0: Some web client https formats have been skipped as they are missing a url. YouTube is forcing SABR streaming for this client. See  https://github.com/yt-dlp/yt-dlp/issues/12482  for more details
WARNING: [youtube] TiW96H5HmAw: Some web client https formats have been skipped as they are missing a url. YouTube is forcing SABR streaming for this client. See  https://github.com/yt-dlp/yt-dlp/issues/12482  for more details
Deprecated Feature: Support for Python version 3.9 has been deprecated. Please update to Python 3.10 or above
WARNING: [youtube] zdAqvqhdVgU: Some web client https formats have been skipped as they are missing a url. YouTube is forcing SABR streaming for this client. See  https://github.com/yt-dlp/yt-dlp/issues/12482  for more details
WARNING: [youtube] Jg2jJH1K0o8: Some web client https formats have been skipped as they are missing a url. YouTube is forcing SABR streaming for this client. See  https://github.com/yt-dlp/yt-dlp/issues/12482  for more details
WARNING: [youtube] RCbJKkG_mZs: Some web client https formats have been skipped as they are missing a url. YouTube is forcing SABR streaming for this client. See  https://github.com/yt-dlp/yt-dlp/issues/12482  for more details
WARNING: [youtube] D8ohmtB8MdI: Some web client https formats have been skipped as they are missing a url. YouTube is forcing SABR streaming for this client. See  https://github.com/yt-dlp/yt-dlp/issues/12482  for more details
WARNING: [youtube] 4IM866W7yGc: Some web client https formats have been skipped as they are missing a url. YouTube is forcing SABR streaming for this client. See  https://github.com/yt-dlp/yt-dlp/issues/12482  for more details
Deprecated Feature: Support for Python version 3.9 has been deprecated. Please update to Python 3.10 or above
WARNING: [youtube] BTJGr78-zyw: Some web client https formats have been skipped as they are missing a url. YouTube is forcing SABR streaming for this client. See  https://github.com/yt-dlp/yt-dlp/issues/12482  for more details
WARNING: [youtube] NdU6UdUKaYc: Some web client https formats have been skipped as they are missing a url. YouTube is forcing SABR streaming for this client. See  https://github.com/yt-dlp/yt-dlp/issues/12482  for more details
WARNING: [youtube] jLFG_FZKbks: Some web client https formats have been skipped as they are missing a url. YouTube is forcing SABR streaming for this client. See  https://github.com/yt-dlp/yt-dlp/issues/12482  for more details
WARNING: [youtube] PnpHwhTWw0c: Some web client https formats have been skipped as they are missing a url. YouTube is forcing SABR streaming for this client. See  https://github.com/yt-dlp/yt-dlp/issues/12482  for more details
WARNING: [youtube] m-nnyNZ0TQ0: Some web client https formats have been skipped as they are missing a url. YouTube is forcing SABR streaming for this client. See  https://github.com/yt-dlp/yt-dlp/issues/12482  for more details
Deprecated Feature: Support for Python version 3.9 has been deprecated. Please update to Python 3.10 or above
WARNING: [youtube] i9TvUGeTltE: Some web client https formats have been skipped as they are missing a url. YouTube is forcing SABR streaming for this client. See  https://github.com/yt-dlp/yt-dlp/issues/12482  for more details
WARNING: [youtube] 7YrdI7h2XoY: Some web client https formats have been skipped as they are missing a url. YouTube is forcing SABR streaming for this client. See  https://github.com/yt-dlp/yt-dlp/issues/12482  for more details
WARNING: [youtube] c347oYQO57A: Some web client https formats have been skipped as they are missing a url. YouTube is forcing SABR streaming for this client. See  https://github.com/yt-dlp/yt-dlp/issues/12482  for more details
WARNING: [youtube] 5aS-8QCRdGE: Some web client https formats have been skipped as they are missing a url. YouTube is forcing SABR streaming for this client. See  https://github.com/yt-dlp/yt-dlp/issues/12482  for more details
WARNING: [youtube] Hc0aqOEU2w8: Some web client https formats have been skipped as they are missing a url. YouTube is forcing SABR streaming for this client. See  https://github.com/yt-dlp/yt-dlp/issues/12482  for more details
Deprecated Feature: Support for Python version 3.9 has been deprecated. Please update to Python 3.10 or above
WARNING: [youtube] i9TvUGeTltE: Some web client https formats have been skipped as they are missing a url. YouTube is forcing SABR streaming for this client. See  https://github.com/yt-dlp/yt-dlp/issues/12482  for more details
WARNING: [youtube] 7YrdI7h2XoY: Some web client https formats have been skipped as they are missing a url. YouTube is forcing SABR streaming for this client. See  https://github.com/yt-dlp/yt-dlp/issues/12482  for more details
WARNING: [youtube] c347oYQO57A: Some web client https formats have been skipped as they are missing a url. YouTube is forcing SABR streaming for this client. See  https://github.com/yt-dlp/yt-dlp/issues/12482  for more details
WARNING: [youtube] 5aS-8QCRdGE: Some web client https formats have been skipped as they are missing a url. YouTube is forcing SABR streaming for this client. See  https://github.com/yt-dlp/yt-dlp/issues/12482  for more details
WARNING: [youtube] Hc0aqOEU2w8: Some web client https formats have been skipped as they are missing a url. YouTube is forcing SABR streaming for this client. See  https://github.com/yt-dlp/yt-dlp/issues/12482  for more details
2026-05-11 04:07:48,561 [INFO] [MiniMax] 请求状态: 200, attempt=1
2026-05-11 04:07:48,563 [INFO] [MiniMax] 成功, 输出长度: 36
2026-05-11 04:07:48,564 [INFO] [translate_to_chinese] status=SUCCESS, len=36
2026-05-11 04:08:23,059 [INFO] [MiniMax] 请求状态: 200, attempt=1
2026-05-11 04:08:23,061 [INFO] [MiniMax] 成功, 输出长度: 2756
2026-05-11 04:08:23,062 [INFO] [generate_youtube_summary] status=SUCCESS, len=2756
2026-05-11 04:08:29,720 [INFO] [MiniMax] 请求状态: 200, attempt=1
2026-05-11 04:08:29,721 [INFO] [MiniMax] 成功, 输出长度: 43
2026-05-11 04:08:29,722 [INFO] [translate_to_chinese] status=SUCCESS, len=43
2026-05-11 04:09:00,565 [INFO] [MiniMax] 请求状态: 200, attempt=1
2026-05-11 04:09:00,567 [INFO] [MiniMax] 成功, 输出长度: 2518
2026-05-11 04:09:00,569 [INFO] [generate_youtube_summary] status=SUCCESS, len=2518
2026-05-11 04:09:05,717 [INFO] [MiniMax] 请求状态: 200, attempt=1
2026-05-11 04:09:05,718 [INFO] [MiniMax] 成功, 输出长度: 35
2026-05-11 04:09:05,718 [INFO] [translate_to_chinese] status=SUCCESS, len=35
2026-05-11 04:09:33,725 [INFO] [MiniMax] 请求状态: 200, attempt=1
2026-05-11 04:09:33,726 [INFO] [MiniMax] 成功, 输出长度: 2336
2026-05-11 04:09:33,728 [INFO] [generate_youtube_summary] status=SUCCESS, len=2336
2026-05-11 04:09:41,565 [INFO] [MiniMax] 请求状态: 200, attempt=1
2026-05-11 04:09:41,566 [INFO] [MiniMax] 成功, 输出长度: 18
2026-05-11 04:09:41,568 [INFO] [translate_to_chinese] status=SUCCESS, len=18
2026-05-11 04:10:16,256 [INFO] [MiniMax] 请求状态: 200, attempt=1
2026-05-11 04:10:16,257 [INFO] [MiniMax] 成功, 输出长度: 2394
2026-05-11 04:10:16,259 [INFO] [generate_youtube_summary] status=SUCCESS, len=2394
2026-05-11 04:10:34,279 [INFO] [MiniMax] 请求状态: 200, attempt=1
2026-05-11 04:10:34,280 [INFO] [MiniMax] 成功, 输出长度: 26
2026-05-11 04:10:34,282 [INFO] [translate_to_chinese] status=SUCCESS, len=26
2026-05-11 04:11:07,621 [INFO] [MiniMax] 请求状态: 200, attempt=1
2026-05-11 04:11:07,622 [INFO] [MiniMax] 成功, 输出长度: 1961
2026-05-11 04:11:07,624 [INFO] [generate_youtube_summary] status=SUCCESS, len=1961
2026-05-11 04:11:10,612 [INFO] [MiniMax] 请求状态: 200, attempt=1
2026-05-11 04:11:10,612 [INFO] [MiniMax] 成功, 输出长度: 22
2026-05-11 04:11:10,613 [INFO] [translate_to_chinese] status=SUCCESS, len=22
2026-05-11 04:11:42,708 [INFO] [MiniMax] 请求状态: 200, attempt=1
2026-05-11 04:11:42,709 [INFO] [MiniMax] 成功, 输出长度: 2686
2026-05-11 04:11:42,711 [INFO] [generate_youtube_summary] status=SUCCESS, len=2686
2026-05-11 04:11:54,222 [INFO] [MiniMax] 请求状态: 200, attempt=1
2026-05-11 04:11:54,222 [INFO] [MiniMax] 成功, 输出长度: 23
2026-05-11 04:11:54,223 [INFO] [translate_to_chinese] status=SUCCESS, len=23
2026-05-11 04:12:37,554 [INFO] [MiniMax] 请求状态: 200, attempt=1
2026-05-11 04:12:37,555 [INFO] [MiniMax] 成功, 输出长度: 2662
2026-05-11 04:12:37,557 [INFO] [generate_youtube_summary] status=SUCCESS, len=2662
2026-05-11 04:12:43,447 [INFO] [MiniMax] 请求状态: 200, attempt=1
2026-05-11 04:12:43,448 [INFO] [MiniMax] 成功, 输出长度: 37
2026-05-11 04:12:43,451 [INFO] [translate_to_chinese] status=SUCCESS, len=37
2026-05-11 04:13:28,476 [INFO] [MiniMax] 请求状态: 200, attempt=1
2026-05-11 04:13:28,477 [INFO] [MiniMax] 成功, 输出长度: 3512
2026-05-11 04:13:28,478 [INFO] [generate_youtube_summary] status=SUCCESS, len=3512
2026-05-11 04:13:33,172 [INFO] [MiniMax] 请求状态: 200, attempt=1
2026-05-11 04:13:33,173 [INFO] [MiniMax] 成功, 输出长度: 18
2026-05-11 04:13:33,174 [INFO] [translate_to_chinese] status=SUCCESS, len=18
2026-05-11 04:14:16,533 [INFO] [MiniMax] 请求状态: 200, attempt=1
2026-05-11 04:14:16,534 [INFO] [MiniMax] 成功, 输出长度: 3062
2026-05-11 04:14:16,536 [INFO] [generate_youtube_summary] status=SUCCESS, len=3062
/Users/vincentnie/Library/Python/3.9/lib/python/site-packages/urllib3/__init__.py:35: NotOpenSSLWarning: urllib3 v2 only supports OpenSSL 1.1.1+, currently the 'ssl' module is compiled with 'LibreSSL 2.8.3'. See: https://github.com/urllib3/urllib3/issues/3020
  warnings.warn(
/Users/vincentnie/Library/Python/3.9/lib/python/site-packages/urllib3/__init__.py:35: NotOpenSSLWarning: urllib3 v2 only supports OpenSSL 1.1.1+, currently the 'ssl' module is compiled with 'LibreSSL 2.8.3'. See: https://github.com/urllib3/urllib3/issues/3020
  warnings.warn(
/Users/vincentnie/Library/Python/3.9/lib/python/site-packages/urllib3/connectionpool.py:1097: InsecureRequestWarning: Unverified HTTPS request is being made to host '127.0.0.1'. Adding certificate verification is strongly advised. See: https://urllib3.readthedocs.io/en/latest/advanced-usage.html#tls-warnings
  warnings.warn(
/Users/vincentnie/Library/Python/3.9/lib/python/site-packages/urllib3/connectionpool.py:1097: InsecureRequestWarning: Unverified HTTPS request is being made to host '127.0.0.1'. Adding certificate verification is strongly advised. See: https://urllib3.readthedocs.io/en/latest/advanced-usage.html#tls-warnings
  warnings.warn(
/Users/vincentnie/Library/Python/3.9/lib/python/site-packages/urllib3/connectionpool.py:1097: InsecureRequestWarning: Unverified HTTPS request is being made to host '127.0.0.1'. Adding certificate verification is strongly advised. See: https://urllib3.readthedocs.io/en/latest/advanced-usage.html#tls-warnings
  warnings.warn(
/Users/vincentnie/Library/Python/3.9/lib/python/site-packages/urllib3/connectionpool.py:1097: InsecureRequestWarning: Unverified HTTPS request is being made to host '127.0.0.1'. Adding certificate verification is strongly advised. See: https://urllib3.readthedocs.io/en/latest/advanced-usage.html#tls-warnings
  warnings.warn(
/Users/vincentnie/Library/Python/3.9/lib/python/site-packages/urllib3/connectionpool.py:1097: InsecureRequestWarning: Unverified HTTPS request is being made to host '127.0.0.1'. Adding certificate verification is strongly advised. See: https://urllib3.readthedocs.io/en/latest/advanced-usage.html#tls-warnings
  warnings.warn(
/Users/vincentnie/Library/Python/3.9/lib/python/site-packages/urllib3/connectionpool.py:1097: InsecureRequestWarning: Unverified HTTPS request is being made to host '127.0.0.1'. Adding certificate verification is strongly advised. See: https://urllib3.readthedocs.io/en/latest/advanced-usage.html#tls-warnings
  warnings.warn(
/Users/vincentnie/Library/Python/3.9/lib/python/site-packages/urllib3/connectionpool.py:1097: InsecureRequestWarning: Unverified HTTPS request is being made to host '127.0.0.1'. Adding certificate verification is strongly advised. See: https://urllib3.readthedocs.io/en/latest/advanced-usage.html#tls-warnings
  warnings.warn(
/Users/vincentnie/Library/Python/3.9/lib/python/site-packages/urllib3/connectionpool.py:1097: InsecureRequestWarning: Unverified HTTPS request is being made to host '127.0.0.1'. Adding certificate verification is strongly advised. See: https://urllib3.readthedocs.io/en/latest/advanced-usage.html#tls-warnings
  warnings.warn(
/Users/vincentnie/Library/Python/3.9/lib/python/site-packages/urllib3/connectionpool.py:1097: InsecureRequestWarning: Unverified HTTPS request is being made to host '127.0.0.1'. Adding certificate verification is strongly advised. See: https://urllib3.readthedocs.io/en/latest/advanced-usage.html#tls-warnings
  warnings.warn(
/Users/vincentnie/Library/Python/3.9/lib/python/site-packages/urllib3/connectionpool.py:1097: InsecureRequestWarning: Unverified HTTPS request is being made to host '127.0.0.1'. Adding certificate verification is strongly advised. See: https://urllib3.readthedocs.io/en/latest/advanced-usage.html#tls-warnings
  warnings.warn(
/Users/vincentnie/Library/Python/3.9/lib/python/site-packages/urllib3/connectionpool.py:1097: InsecureRequestWarning: Unverified HTTPS request is being made to host '127.0.0.1'. Adding certificate verification is strongly advised. See: https://urllib3.readthedocs.io/en/latest/advanced-usage.html#tls-warnings
  warnings.warn(
2026-05-12 04:02:19,483 [INFO] [MiniMax] 请求状态: 200, attempt=1
2026-05-12 04:02:19,485 [INFO] [MiniMax] 成功, 输出长度: 3037
2026-05-12 04:02:19,487 [INFO] [generate_podcast_summary] status=SUCCESS, len=3037
2026-05-12 04:02:54,507 [INFO] [MiniMax] 请求状态: 200, attempt=1
2026-05-12 04:02:54,508 [INFO] [MiniMax] 成功, 输出长度: 2424
2026-05-12 04:02:54,510 [INFO] [generate_podcast_summary] status=SUCCESS, len=2424
2026-05-12 04:03:20,795 [INFO] [MiniMax] 请求状态: 200, attempt=1
2026-05-12 04:03:20,795 [INFO] [MiniMax] 成功, 输出长度: 1573
2026-05-12 04:03:20,797 [INFO] [generate_podcast_summary] status=SUCCESS, len=1573
2026-05-12 04:04:05,415 [INFO] [MiniMax] 请求状态: 200, attempt=1
2026-05-12 04:04:05,415 [INFO] [MiniMax] 成功, 输出长度: 2774
2026-05-12 04:04:05,418 [INFO] [generate_podcast_summary] status=SUCCESS, len=2774
/Users/vincentnie/Library/Python/3.9/lib/python/site-packages/urllib3/__init__.py:35: NotOpenSSLWarning: urllib3 v2 only supports OpenSSL 1.1.1+, currently the 'ssl' module is compiled with 'LibreSSL 2.8.3'. See: https://github.com/urllib3/urllib3/issues/3020
  warnings.warn(
Deprecated Feature: Support for Python version 3.9 has been deprecated. Please update to Python 3.10 or above
WARNING: [youtube] nepKKz-MzFM: Some web client https formats have been skipped as they are missing a url. YouTube is forcing SABR streaming for this client. See  https://github.com/yt-dlp/yt-dlp/issues/12482  for more details
WARNING: [youtube] iKx3gAODybU: Some web client https formats have been skipped as they are missing a url. YouTube is forcing SABR streaming for this client. See  https://github.com/yt-dlp/yt-dlp/issues/12482  for more details
WARNING: [youtube] vif8NQcjVf0: Some web client https formats have been skipped as they are missing a url. YouTube is forcing SABR streaming for this client. See  https://github.com/yt-dlp/yt-dlp/issues/12482  for more details
WARNING: [youtube] H9rF1CSSh-w: Some web client https formats have been skipped as they are missing a url. YouTube is forcing SABR streaming for this client. See  https://github.com/yt-dlp/yt-dlp/issues/12482  for more details
WARNING: [youtube] 1SJiTwbSI58: Some web client https formats have been skipped as they are missing a url. YouTube is forcing SABR streaming for this client. See  https://github.com/yt-dlp/yt-dlp/issues/12482  for more details
Deprecated Feature: Support for Python version 3.9 has been deprecated. Please update to Python 3.10 or above
WARNING: [youtube] k1z0e7bGzq0: Some web client https formats have been skipped as they are missing a url. YouTube is forcing SABR streaming for this client. See  https://github.com/yt-dlp/yt-dlp/issues/12482  for more details
WARNING: [youtube] X9k53P-2SOg: Some web client https formats have been skipped as they are missing a url. YouTube is forcing SABR streaming for this client. See  https://github.com/yt-dlp/yt-dlp/issues/12482  for more details
WARNING: [youtube] 6cCWrrQp1v4: Some web client https formats have been skipped as they are missing a url. YouTube is forcing SABR streaming for this client. See  https://github.com/yt-dlp/yt-dlp/issues/12482  for more details
WARNING: [youtube] Z4i1adGvD2A: Some web client https formats have been skipped as they are missing a url. YouTube is forcing SABR streaming for this client. See  https://github.com/yt-dlp/yt-dlp/issues/12482  for more details
WARNING: [youtube] fUI0CNg1hCc: Some web client https formats have been skipped as they are missing a url. YouTube is forcing SABR streaming for this client. See  https://github.com/yt-dlp/yt-dlp/issues/12482  for more details
Deprecated Feature: Support for Python version 3.9 has been deprecated. Please update to Python 3.10 or above
WARNING: [youtube] GCpjy3TC8Pg: Some web client https formats have been skipped as they are missing a url. YouTube is forcing SABR streaming for this client. See  https://github.com/yt-dlp/yt-dlp/issues/12482  for more details
WARNING: [youtube] 10MdOvK-aG4: Some web client https formats have been skipped as they are missing a url. YouTube is forcing SABR streaming for this client. See  https://github.com/yt-dlp/yt-dlp/issues/12482  for more details
WARNING: [youtube] fpC4sbawSzQ: Some web client https formats have been skipped as they are missing a url. YouTube is forcing SABR streaming for this client. See  https://github.com/yt-dlp/yt-dlp/issues/12482  for more details
WARNING: [youtube] 9WQu7w1tII0: Some web client https formats have been skipped as they are missing a url. YouTube is forcing SABR streaming for this client. See  https://github.com/yt-dlp/yt-dlp/issues/12482  for more details
WARNING: [youtube] 1bCXCxrDsCs: Some web client https formats have been skipped as they are missing a url. YouTube is forcing SABR streaming for this client. See  https://github.com/yt-dlp/yt-dlp/issues/12482  for more details
Deprecated Feature: Support for Python version 3.9 has been deprecated. Please update to Python 3.10 or above
WARNING: [youtube] jswwEyp3S5g: Some web client https formats have been skipped as they are missing a url. YouTube is forcing SABR streaming for this client. See  https://github.com/yt-dlp/yt-dlp/issues/12482  for more details
WARNING: [youtube] iBBOLjt8haY: Some web client https formats have been skipped as they are missing a url. YouTube is forcing SABR streaming for this client. See  https://github.com/yt-dlp/yt-dlp/issues/12482  for more details
WARNING: [youtube] aTN1I-xBdQI: Some web client https formats have been skipped as they are missing a url. YouTube is forcing SABR streaming for this client. See  https://github.com/yt-dlp/yt-dlp/issues/12482  for more details
WARNING: [youtube] VdcD6qX8Xrc: Some web client https formats have been skipped as they are missing a url. YouTube is forcing SABR streaming for this client. See  https://github.com/yt-dlp/yt-dlp/issues/12482  for more details
WARNING: [youtube] X9GQiouEdJ8: Some web client https formats have been skipped as they are missing a url. YouTube is forcing SABR streaming for this client. See  https://github.com/yt-dlp/yt-dlp/issues/12482  for more details
Deprecated Feature: Support for Python version 3.9 has been deprecated. Please update to Python 3.10 or above
WARNING: [youtube] 4agDpr9obcs: Some web client https formats have been skipped as they are missing a url. YouTube is forcing SABR streaming for this client. See  https://github.com/yt-dlp/yt-dlp/issues/12482  for more details
WARNING: [youtube] 69qNX1ahjpQ: Some web client https formats have been skipped as they are missing a url. YouTube is forcing SABR streaming for this client. See  https://github.com/yt-dlp/yt-dlp/issues/12482  for more details
WARNING: [youtube] 3vi3IZTbODM: Some web client https formats have been skipped as they are missing a url. YouTube is forcing SABR streaming for this client. See  https://github.com/yt-dlp/yt-dlp/issues/12482  for more details
WARNING: [youtube] RCamHhdWoBE: Some web client https formats have been skipped as they are missing a url. YouTube is forcing SABR streaming for this client. See  https://github.com/yt-dlp/yt-dlp/issues/12482  for more details
WARNING: [youtube] dgPp34nyg6M: Some web client https formats have been skipped as they are missing a url. YouTube is forcing SABR streaming for this client. See  https://github.com/yt-dlp/yt-dlp/issues/12482  for more details
Deprecated Feature: Support for Python version 3.9 has been deprecated. Please update to Python 3.10 or above
WARNING: [youtube] wnM-6D2LGdg: Some web client https formats have been skipped as they are missing a url. YouTube is forcing SABR streaming for this client. See  https://github.com/yt-dlp/yt-dlp/issues/12482  for more details
WARNING: [youtube] rweUKs3vBV4: Some web client https formats have been skipped as they are missing a url. YouTube is forcing SABR streaming for this client. See  https://github.com/yt-dlp/yt-dlp/issues/12482  for more details
ERROR: [youtube] -YwzCOVeLEE: Premieres in 18 hours
WARNING: [youtube] tJV-vdbZ388: Some web client https formats have been skipped as they are missing a url. YouTube is forcing SABR streaming for this client. See  https://github.com/yt-dlp/yt-dlp/issues/12482  for more details
WARNING: [youtube] FfyMZejIgv8: Some web client https formats have been skipped as they are missing a url. YouTube is forcing SABR streaming for this client. See  https://github.com/yt-dlp/yt-dlp/issues/12482  for more details
Deprecated Feature: Support for Python version 3.9 has been deprecated. Please update to Python 3.10 or above
WARNING: [youtube] phOhGqpXss4: Some web client https formats have been skipped as they are missing a url. YouTube is forcing SABR streaming for this client. See  https://github.com/yt-dlp/yt-dlp/issues/12482  for more details
WARNING: [youtube] V_qJIrvWyRQ: Some web client https formats have been skipped as they are missing a url. YouTube is forcing SABR streaming for this client. See  https://github.com/yt-dlp/yt-dlp/issues/12482  for more details
WARNING: [youtube] YHKXflgkHak: Some web client https formats have been skipped as they are missing a url. YouTube is forcing SABR streaming for this client. See  https://github.com/yt-dlp/yt-dlp/issues/12482  for more details
WARNING: [youtube] ZrHKwxasXS4: Some web client https formats have been skipped as they are missing a url. YouTube is forcing SABR streaming for this client. See  https://github.com/yt-dlp/yt-dlp/issues/12482  for more details
WARNING: [youtube] EJg67cLfLYo: Some web client https formats have been skipped as they are missing a url. YouTube is forcing SABR streaming for this client. See  https://github.com/yt-dlp/yt-dlp/issues/12482  for more details
Deprecated Feature: Support for Python version 3.9 has been deprecated. Please update to Python 3.10 or above
WARNING: [youtube] No title found in player responses; falling back to title from initial data. Other metadata may also be missing
ERROR: [youtube] J886DPhhZLg: Sign in to confirm you’re not a bot. Use --cookies-from-browser or --cookies for the authentication. See  https://github.com/yt-dlp/yt-dlp/wiki/FAQ#how-do-i-pass-cookies-to-yt-dlp  for how to manually pass cookies. Also see  https://github.com/yt-dlp/yt-dlp/wiki/Extractors#exporting-youtube-cookies  for tips on effectively exporting YouTube cookies
WARNING: [youtube] No title found in player responses; falling back to title from initial data. Other metadata may also be missing
ERROR: [youtube] b6Mxcv1pyBU: Sign in to confirm you’re not a bot. Use --cookies-from-browser or --cookies for the authentication. See  https://github.com/yt-dlp/yt-dlp/wiki/FAQ#how-do-i-pass-cookies-to-yt-dlp  for how to manually pass cookies. Also see  https://github.com/yt-dlp/yt-dlp/wiki/Extractors#exporting-youtube-cookies  for tips on effectively exporting YouTube cookies
WARNING: [youtube] No title found in player responses; falling back to title from initial data. Other metadata may also be missing
ERROR: [youtube] JOu8v6CBjkE: Sign in to confirm you’re not a bot. Use --cookies-from-browser or --cookies for the authentication. See  https://github.com/yt-dlp/yt-dlp/wiki/FAQ#how-do-i-pass-cookies-to-yt-dlp  for how to manually pass cookies. Also see  https://github.com/yt-dlp/yt-dlp/wiki/Extractors#exporting-youtube-cookies  for tips on effectively exporting YouTube cookies
WARNING: [youtube] No title found in player responses; falling back to title from initial data. Other metadata may also be missing
ERROR: [youtube] 9cenXVrQZNQ: Sign in to confirm you’re not a bot. Use --cookies-from-browser or --cookies for the authentication. See  https://github.com/yt-dlp/yt-dlp/wiki/FAQ#how-do-i-pass-cookies-to-yt-dlp  for how to manually pass cookies. Also see  https://github.com/yt-dlp/yt-dlp/wiki/Extractors#exporting-youtube-cookies  for tips on effectively exporting YouTube cookies
WARNING: [youtube] No title found in player responses; falling back to title from initial data. Other metadata may also be missing
ERROR: [youtube] sfkyiXvlYL0: Sign in to confirm you’re not a bot. Use --cookies-from-browser or --cookies for the authentication. See  https://github.com/yt-dlp/yt-dlp/wiki/FAQ#how-do-i-pass-cookies-to-yt-dlp  for how to manually pass cookies. Also see  https://github.com/yt-dlp/yt-dlp/wiki/Extractors#exporting-youtube-cookies  for tips on effectively exporting YouTube cookies
Deprecated Feature: Support for Python version 3.9 has been deprecated. Please update to Python 3.10 or above
WARNING: [youtube] No title found in player responses; falling back to title from initial data. Other metadata may also be missing
ERROR: [youtube] zdAqvqhdVgU: Sign in to confirm you’re not a bot. Use --cookies-from-browser or --cookies for the authentication. See  https://github.com/yt-dlp/yt-dlp/wiki/FAQ#how-do-i-pass-cookies-to-yt-dlp  for how to manually pass cookies. Also see  https://github.com/yt-dlp/yt-dlp/wiki/Extractors#exporting-youtube-cookies  for tips on effectively exporting YouTube cookies
WARNING: [youtube] No title found in player responses; falling back to title from initial data. Other metadata may also be missing
ERROR: [youtube] Jg2jJH1K0o8: Sign in to confirm you’re not a bot. Use --cookies-from-browser or --cookies for the authentication. See  https://github.com/yt-dlp/yt-dlp/wiki/FAQ#how-do-i-pass-cookies-to-yt-dlp  for how to manually pass cookies. Also see  https://github.com/yt-dlp/yt-dlp/wiki/Extractors#exporting-youtube-cookies  for tips on effectively exporting YouTube cookies
WARNING: [youtube] No title found in player responses; falling back to title from initial data. Other metadata may also be missing
ERROR: [youtube] RCbJKkG_mZs: Sign in to confirm you’re not a bot. Use --cookies-from-browser or --cookies for the authentication. See  https://github.com/yt-dlp/yt-dlp/wiki/FAQ#how-do-i-pass-cookies-to-yt-dlp  for how to manually pass cookies. Also see  https://github.com/yt-dlp/yt-dlp/wiki/Extractors#exporting-youtube-cookies  for tips on effectively exporting YouTube cookies
WARNING: [youtube] No title found in player responses; falling back to title from initial data. Other metadata may also be missing
ERROR: [youtube] D8ohmtB8MdI: Sign in to confirm you’re not a bot. Use --cookies-from-browser or --cookies for the authentication. See  https://github.com/yt-dlp/yt-dlp/wiki/FAQ#how-do-i-pass-cookies-to-yt-dlp  for how to manually pass cookies. Also see  https://github.com/yt-dlp/yt-dlp/wiki/Extractors#exporting-youtube-cookies  for tips on effectively exporting YouTube cookies
WARNING: [youtube] No title found in player responses; falling back to title from initial data. Other metadata may also be missing
ERROR: [youtube] 4IM866W7yGc: Sign in to confirm you’re not a bot. Use --cookies-from-browser or --cookies for the authentication. See  https://github.com/yt-dlp/yt-dlp/wiki/FAQ#how-do-i-pass-cookies-to-yt-dlp  for how to manually pass cookies. Also see  https://github.com/yt-dlp/yt-dlp/wiki/Extractors#exporting-youtube-cookies  for tips on effectively exporting YouTube cookies
Deprecated Feature: Support for Python version 3.9 has been deprecated. Please update to Python 3.10 or above
WARNING: [youtube] No title found in player responses; falling back to title from initial data. Other metadata may also be missing
ERROR: [youtube] kwEtOyaFhCA: Sign in to confirm you’re not a bot. Use --cookies-from-browser or --cookies for the authentication. See  https://github.com/yt-dlp/yt-dlp/wiki/FAQ#how-do-i-pass-cookies-to-yt-dlp  for how to manually pass cookies. Also see  https://github.com/yt-dlp/yt-dlp/wiki/Extractors#exporting-youtube-cookies  for tips on effectively exporting YouTube cookies
WARNING: [youtube] No title found in player responses; falling back to title from initial data. Other metadata may also be missing
ERROR: [youtube] BTJGr78-zyw: Sign in to confirm you’re not a bot. Use --cookies-from-browser or --cookies for the authentication. See  https://github.com/yt-dlp/yt-dlp/wiki/FAQ#how-do-i-pass-cookies-to-yt-dlp  for how to manually pass cookies. Also see  https://github.com/yt-dlp/yt-dlp/wiki/Extractors#exporting-youtube-cookies  for tips on effectively exporting YouTube cookies
WARNING: [youtube] No title found in player responses; falling back to title from initial data. Other metadata may also be missing
ERROR: [youtube] NdU6UdUKaYc: Sign in to confirm you’re not a bot. Use --cookies-from-browser or --cookies for the authentication. See  https://github.com/yt-dlp/yt-dlp/wiki/FAQ#how-do-i-pass-cookies-to-yt-dlp  for how to manually pass cookies. Also see  https://github.com/yt-dlp/yt-dlp/wiki/Extractors#exporting-youtube-cookies  for tips on effectively exporting YouTube cookies
WARNING: [youtube] No title found in player responses; falling back to title from initial data. Other metadata may also be missing
ERROR: [youtube] jLFG_FZKbks: Sign in to confirm you’re not a bot. Use --cookies-from-browser or --cookies for the authentication. See  https://github.com/yt-dlp/yt-dlp/wiki/FAQ#how-do-i-pass-cookies-to-yt-dlp  for how to manually pass cookies. Also see  https://github.com/yt-dlp/yt-dlp/wiki/Extractors#exporting-youtube-cookies  for tips on effectively exporting YouTube cookies
WARNING: [youtube] No title found in player responses; falling back to title from initial data. Other metadata may also be missing
ERROR: [youtube] PnpHwhTWw0c: Sign in to confirm you’re not a bot. Use --cookies-from-browser or --cookies for the authentication. See  https://github.com/yt-dlp/yt-dlp/wiki/FAQ#how-do-i-pass-cookies-to-yt-dlp  for how to manually pass cookies. Also see  https://github.com/yt-dlp/yt-dlp/wiki/Extractors#exporting-youtube-cookies  for tips on effectively exporting YouTube cookies
Deprecated Feature: Support for Python version 3.9 has been deprecated. Please update to Python 3.10 or above
WARNING: [youtube] No title found in player responses; falling back to title from initial data. Other metadata may also be missing
ERROR: [youtube] i9TvUGeTltE: Sign in to confirm you’re not a bot. Use --cookies-from-browser or --cookies for the authentication. See  https://github.com/yt-dlp/yt-dlp/wiki/FAQ#how-do-i-pass-cookies-to-yt-dlp  for how to manually pass cookies. Also see  https://github.com/yt-dlp/yt-dlp/wiki/Extractors#exporting-youtube-cookies  for tips on effectively exporting YouTube cookies
WARNING: [youtube] No title found in player responses; falling back to title from initial data. Other metadata may also be missing
ERROR: [youtube] 7YrdI7h2XoY: Sign in to confirm you’re not a bot. Use --cookies-from-browser or --cookies for the authentication. See  https://github.com/yt-dlp/yt-dlp/wiki/FAQ#how-do-i-pass-cookies-to-yt-dlp  for how to manually pass cookies. Also see  https://github.com/yt-dlp/yt-dlp/wiki/Extractors#exporting-youtube-cookies  for tips on effectively exporting YouTube cookies
WARNING: [youtube] No title found in player responses; falling back to title from initial data. Other metadata may also be missing
ERROR: [youtube] c347oYQO57A: Sign in to confirm you’re not a bot. Use --cookies-from-browser or --cookies for the authentication. See  https://github.com/yt-dlp/yt-dlp/wiki/FAQ#how-do-i-pass-cookies-to-yt-dlp  for how to manually pass cookies. Also see  https://github.com/yt-dlp/yt-dlp/wiki/Extractors#exporting-youtube-cookies  for tips on effectively exporting YouTube cookies
WARNING: [youtube] No title found in player responses; falling back to title from initial data. Other metadata may also be missing
ERROR: [youtube] 5aS-8QCRdGE: Sign in to confirm you’re not a bot. Use --cookies-from-browser or --cookies for the authentication. See  https://github.com/yt-dlp/yt-dlp/wiki/FAQ#how-do-i-pass-cookies-to-yt-dlp  for how to manually pass cookies. Also see  https://github.com/yt-dlp/yt-dlp/wiki/Extractors#exporting-youtube-cookies  for tips on effectively exporting YouTube cookies
WARNING: [youtube] No title found in player responses; falling back to title from initial data. Other metadata may also be missing
ERROR: [youtube] Hc0aqOEU2w8: Sign in to confirm you’re not a bot. Use --cookies-from-browser or --cookies for the authentication. See  https://github.com/yt-dlp/yt-dlp/wiki/FAQ#how-do-i-pass-cookies-to-yt-dlp  for how to manually pass cookies. Also see  https://github.com/yt-dlp/yt-dlp/wiki/Extractors#exporting-youtube-cookies  for tips on effectively exporting YouTube cookies
Deprecated Feature: Support for Python version 3.9 has been deprecated. Please update to Python 3.10 or above
WARNING: [youtube] No title found in player responses; falling back to title from initial data. Other metadata may also be missing
ERROR: [youtube] i9TvUGeTltE: Sign in to confirm you’re not a bot. Use --cookies-from-browser or --cookies for the authentication. See  https://github.com/yt-dlp/yt-dlp/wiki/FAQ#how-do-i-pass-cookies-to-yt-dlp  for how to manually pass cookies. Also see  https://github.com/yt-dlp/yt-dlp/wiki/Extractors#exporting-youtube-cookies  for tips on effectively exporting YouTube cookies
WARNING: [youtube] No title found in player responses; falling back to title from initial data. Other metadata may also be missing
ERROR: [youtube] 7YrdI7h2XoY: Sign in to confirm you’re not a bot. Use --cookies-from-browser or --cookies for the authentication. See  https://github.com/yt-dlp/yt-dlp/wiki/FAQ#how-do-i-pass-cookies-to-yt-dlp  for how to manually pass cookies. Also see  https://github.com/yt-dlp/yt-dlp/wiki/Extractors#exporting-youtube-cookies  for tips on effectively exporting YouTube cookies
WARNING: [youtube] No title found in player responses; falling back to title from initial data. Other metadata may also be missing
ERROR: [youtube] c347oYQO57A: Sign in to confirm you’re not a bot. Use --cookies-from-browser or --cookies for the authentication. See  https://github.com/yt-dlp/yt-dlp/wiki/FAQ#how-do-i-pass-cookies-to-yt-dlp  for how to manually pass cookies. Also see  https://github.com/yt-dlp/yt-dlp/wiki/Extractors#exporting-youtube-cookies  for tips on effectively exporting YouTube cookies
WARNING: [youtube] No title found in player responses; falling back to title from initial data. Other metadata may also be missing
ERROR: [youtube] 5aS-8QCRdGE: Sign in to confirm you’re not a bot. Use --cookies-from-browser or --cookies for the authentication. See  https://github.com/yt-dlp/yt-dlp/wiki/FAQ#how-do-i-pass-cookies-to-yt-dlp  for how to manually pass cookies. Also see  https://github.com/yt-dlp/yt-dlp/wiki/Extractors#exporting-youtube-cookies  for tips on effectively exporting YouTube cookies
WARNING: [youtube] No title found in player responses; falling back to title from initial data. Other metadata may also be missing
ERROR: [youtube] Hc0aqOEU2w8: Sign in to confirm you’re not a bot. Use --cookies-from-browser or --cookies for the authentication. See  https://github.com/yt-dlp/yt-dlp/wiki/FAQ#how-do-i-pass-cookies-to-yt-dlp  for how to manually pass cookies. Also see  https://github.com/yt-dlp/yt-dlp/wiki/Extractors#exporting-youtube-cookies  for tips on effectively exporting YouTube cookies
2026-05-12 04:07:36,068 [INFO] [MiniMax] 请求状态: 200, attempt=1
2026-05-12 04:07:36,069 [INFO] [MiniMax] 成功, 输出长度: 18
2026-05-12 04:07:36,071 [INFO] [translate_to_chinese] status=SUCCESS, len=18
2026-05-12 04:08:05,184 [INFO] [MiniMax] 请求状态: 200, attempt=1
2026-05-12 04:08:05,184 [INFO] [MiniMax] 成功, 输出长度: 2141
2026-05-12 04:08:05,186 [INFO] [generate_youtube_summary] status=SUCCESS, len=2141
2026-05-12 04:08:09,587 [INFO] [MiniMax] 请求状态: 200, attempt=1
2026-05-12 04:08:09,588 [INFO] [MiniMax] 成功, 输出长度: 42
2026-05-12 04:08:09,590 [INFO] [translate_to_chinese] status=SUCCESS, len=42
2026-05-12 04:08:30,890 [INFO] [MiniMax] 请求状态: 200, attempt=1
2026-05-12 04:08:30,891 [INFO] [MiniMax] 成功, 输出长度: 1774
2026-05-12 04:08:30,893 [INFO] [generate_youtube_summary] status=SUCCESS, len=1774
2026-05-12 04:08:39,854 [INFO] [MiniMax] 请求状态: 200, attempt=1
2026-05-12 04:08:39,854 [INFO] [MiniMax] 成功, 输出长度: 39
2026-05-12 04:08:39,856 [INFO] [translate_to_chinese] status=SUCCESS, len=39
2026-05-12 04:09:17,582 [INFO] [MiniMax] 请求状态: 200, attempt=1
2026-05-12 04:09:17,583 [INFO] [MiniMax] 成功, 输出长度: 2490
2026-05-12 04:09:17,585 [INFO] [generate_youtube_summary] status=SUCCESS, len=2490
2026-05-12 04:09:26,735 [INFO] [MiniMax] 请求状态: 200, attempt=1
2026-05-12 04:09:26,736 [INFO] [MiniMax] 成功, 输出长度: 32
2026-05-12 04:09:26,738 [INFO] [translate_to_chinese] status=SUCCESS, len=32
2026-05-12 04:10:17,853 [INFO] [MiniMax] 请求状态: 200, attempt=1
2026-05-12 04:10:17,854 [INFO] [MiniMax] 成功, 输出长度: 3065
2026-05-12 04:10:17,856 [INFO] [generate_youtube_summary] status=SUCCESS, len=3065
2026-05-12 04:10:23,995 [INFO] [MiniMax] 请求状态: 200, attempt=1
2026-05-12 04:10:23,996 [INFO] [MiniMax] 成功, 输出长度: 26
2026-05-12 04:10:23,998 [INFO] [translate_to_chinese] status=SUCCESS, len=26
2026-05-12 04:10:52,814 [INFO] [MiniMax] 请求状态: 200, attempt=1
2026-05-12 04:10:52,814 [INFO] [MiniMax] 成功, 输出长度: 2049
2026-05-12 04:10:52,816 [INFO] [generate_youtube_summary] status=SUCCESS, len=2049
2026-05-12 04:10:57,728 [INFO] [MiniMax] 请求状态: 200, attempt=1
2026-05-12 04:10:57,728 [INFO] [MiniMax] 成功, 输出长度: 31
2026-05-12 04:10:57,731 [INFO] [translate_to_chinese] status=SUCCESS, len=31
2026-05-12 04:11:30,090 [INFO] [MiniMax] 请求状态: 200, attempt=1
2026-05-12 04:11:30,091 [INFO] [MiniMax] 成功, 输出长度: 1857
2026-05-12 04:11:30,093 [INFO] [generate_youtube_summary] status=SUCCESS, len=1857
2026-05-12 04:11:35,880 [INFO] [MiniMax] 请求状态: 200, attempt=1
2026-05-12 04:11:35,881 [INFO] [MiniMax] 成功, 输出长度: 27
2026-05-12 04:11:35,883 [INFO] [translate_to_chinese] status=SUCCESS, len=27
2026-05-12 04:12:18,993 [INFO] [MiniMax] 请求状态: 200, attempt=1
2026-05-12 04:12:18,994 [INFO] [MiniMax] 成功, 输出长度: 1560
2026-05-12 04:12:18,996 [INFO] [generate_youtube_summary] status=SUCCESS, len=1560
2026-05-12 04:12:22,925 [INFO] [MiniMax] 请求状态: 200, attempt=1
2026-05-12 04:12:22,926 [INFO] [MiniMax] 成功, 输出长度: 21
2026-05-12 04:12:22,928 [INFO] [translate_to_chinese] status=SUCCESS, len=21
2026-05-12 04:13:17,016 [INFO] [MiniMax] 请求状态: 200, attempt=1
2026-05-12 04:13:17,018 [INFO] [MiniMax] 成功, 输出长度: 3448
2026-05-12 04:13:17,020 [INFO] [generate_youtube_summary] status=SUCCESS, len=3448
/Users/vincentnie/Library/Python/3.9/lib/python/site-packages/urllib3/__init__.py:35: NotOpenSSLWarning: urllib3 v2 only supports OpenSSL 1.1.1+, currently the 'ssl' module is compiled with 'LibreSSL 2.8.3'. See: https://github.com/urllib3/urllib3/issues/3020
  warnings.warn(
/Users/vincentnie/Library/Python/3.9/lib/python/site-packages/urllib3/__init__.py:35: NotOpenSSLWarning: urllib3 v2 only supports OpenSSL 1.1.1+, currently the 'ssl' module is compiled with 'LibreSSL 2.8.3'. See: https://github.com/urllib3/urllib3/issues/3020
  warnings.warn(
/Users/vincentnie/Library/Python/3.9/lib/python/site-packages/urllib3/connectionpool.py:1097: InsecureRequestWarning: Unverified HTTPS request is being made to host '127.0.0.1'. Adding certificate verification is strongly advised. See: https://urllib3.readthedocs.io/en/latest/advanced-usage.html#tls-warnings
  warnings.warn(
/Users/vincentnie/Library/Python/3.9/lib/python/site-packages/urllib3/connectionpool.py:1097: InsecureRequestWarning: Unverified HTTPS request is being made to host '127.0.0.1'. Adding certificate verification is strongly advised. See: https://urllib3.readthedocs.io/en/latest/advanced-usage.html#tls-warnings
  warnings.warn(
/Users/vincentnie/Library/Python/3.9/lib/python/site-packages/urllib3/connectionpool.py:1097: InsecureRequestWarning: Unverified HTTPS request is being made to host '127.0.0.1'. Adding certificate verification is strongly advised. See: https://urllib3.readthedocs.io/en/latest/advanced-usage.html#tls-warnings
  warnings.warn(
/Users/vincentnie/Library/Python/3.9/lib/python/site-packages/urllib3/connectionpool.py:1097: InsecureRequestWarning: Unverified HTTPS request is being made to host '127.0.0.1'. Adding certificate verification is strongly advised. See: https://urllib3.readthedocs.io/en/latest/advanced-usage.html#tls-warnings
  warnings.warn(
/Users/vincentnie/Library/Python/3.9/lib/python/site-packages/urllib3/connectionpool.py:1097: InsecureRequestWarning: Unverified HTTPS request is being made to host '127.0.0.1'. Adding certificate verification is strongly advised. See: https://urllib3.readthedocs.io/en/latest/advanced-usage.html#tls-warnings
  warnings.warn(
/Users/vincentnie/Library/Python/3.9/lib/python/site-packages/urllib3/connectionpool.py:1097: InsecureRequestWarning: Unverified HTTPS request is being made to host '127.0.0.1'. Adding certificate verification is strongly advised. See: https://urllib3.readthedocs.io/en/latest/advanced-usage.html#tls-warnings
  warnings.warn(
/Users/vincentnie/Library/Python/3.9/lib/python/site-packages/urllib3/connectionpool.py:1097: InsecureRequestWarning: Unverified HTTPS request is being made to host '127.0.0.1'. Adding certificate verification is strongly advised. See: https://urllib3.readthedocs.io/en/latest/advanced-usage.html#tls-warnings
  warnings.warn(
/Users/vincentnie/Library/Python/3.9/lib/python/site-packages/urllib3/connectionpool.py:1097: InsecureRequestWarning: Unverified HTTPS request is being made to host '127.0.0.1'. Adding certificate verification is strongly advised. See: https://urllib3.readthedocs.io/en/latest/advanced-usage.html#tls-warnings
  warnings.warn(
/Users/vincentnie/Library/Python/3.9/lib/python/site-packages/urllib3/connectionpool.py:1097: InsecureRequestWarning: Unverified HTTPS request is being made to host '127.0.0.1'. Adding certificate verification is strongly advised. See: https://urllib3.readthedocs.io/en/latest/advanced-usage.html#tls-warnings
  warnings.warn(
/Users/vincentnie/Library/Python/3.9/lib/python/site-packages/urllib3/connectionpool.py:1097: InsecureRequestWarning: Unverified HTTPS request is being made to host '127.0.0.1'. Adding certificate verification is strongly advised. See: https://urllib3.readthedocs.io/en/latest/advanced-usage.html#tls-warnings
  warnings.warn(
/Users/vincentnie/Library/Python/3.9/lib/python/site-packages/urllib3/connectionpool.py:1097: InsecureRequestWarning: Unverified HTTPS request is being made to host '127.0.0.1'. Adding certificate verification is strongly advised. See: https://urllib3.readthedocs.io/en/latest/advanced-usage.html#tls-warnings
  warnings.warn(
2026-05-13 04:02:13,753 [INFO] [MiniMax] 请求状态: 200, attempt=1
2026-05-13 04:02:13,754 [INFO] [MiniMax] 成功, 输出长度: 2165
2026-05-13 04:02:13,756 [INFO] [generate_podcast_summary] status=SUCCESS, len=2165
2026-05-13 04:02:58,045 [INFO] [MiniMax] 请求状态: 200, attempt=1
2026-05-13 04:02:58,046 [INFO] [MiniMax] 成功, 输出长度: 2405
2026-05-13 04:02:58,048 [INFO] [generate_podcast_summary] status=SUCCESS, len=2405
2026-05-13 04:03:34,135 [INFO] [MiniMax] 请求状态: 200, attempt=1
2026-05-13 04:03:34,136 [INFO] [MiniMax] 成功, 输出长度: 2101
2026-05-13 04:03:34,138 [INFO] [generate_podcast_summary] status=SUCCESS, len=2101
2026-05-13 04:04:29,228 [INFO] [MiniMax] 请求状态: 200, attempt=1
2026-05-13 04:04:29,229 [INFO] [MiniMax] 成功, 输出长度: 3610
2026-05-13 04:04:29,231 [INFO] [generate_podcast_summary] status=SUCCESS, len=3610
/Users/vincentnie/Library/Python/3.9/lib/python/site-packages/urllib3/__init__.py:35: NotOpenSSLWarning: urllib3 v2 only supports OpenSSL 1.1.1+, currently the 'ssl' module is compiled with 'LibreSSL 2.8.3'. See: https://github.com/urllib3/urllib3/issues/3020
  warnings.warn(
Deprecated Feature: Support for Python version 3.9 has been deprecated. Please update to Python 3.10 or above
WARNING: [youtube] nepKKz-MzFM: Some web client https formats have been skipped as they are missing a url. YouTube is forcing SABR streaming for this client. See  https://github.com/yt-dlp/yt-dlp/issues/12482  for more details
WARNING: [youtube] iKx3gAODybU: Some web client https formats have been skipped as they are missing a url. YouTube is forcing SABR streaming for this client. See  https://github.com/yt-dlp/yt-dlp/issues/12482  for more details
WARNING: [youtube] vif8NQcjVf0: Some web client https formats have been skipped as they are missing a url. YouTube is forcing SABR streaming for this client. See  https://github.com/yt-dlp/yt-dlp/issues/12482  for more details
WARNING: [youtube] H9rF1CSSh-w: Some web client https formats have been skipped as they are missing a url. YouTube is forcing SABR streaming for this client. See  https://github.com/yt-dlp/yt-dlp/issues/12482  for more details
WARNING: [youtube] 1SJiTwbSI58: Some web client https formats have been skipped as they are missing a url. YouTube is forcing SABR streaming for this client. See  https://github.com/yt-dlp/yt-dlp/issues/12482  for more details
Deprecated Feature: Support for Python version 3.9 has been deprecated. Please update to Python 3.10 or above
WARNING: [youtube] 9qqLihL4AWk: Some web client https formats have been skipped as they are missing a url. YouTube is forcing SABR streaming for this client. See  https://github.com/yt-dlp/yt-dlp/issues/12482  for more details
WARNING: [youtube] k1z0e7bGzq0: Some web client https formats have been skipped as they are missing a url. YouTube is forcing SABR streaming for this client. See  https://github.com/yt-dlp/yt-dlp/issues/12482  for more details
WARNING: [youtube] X9k53P-2SOg: Some web client https formats have been skipped as they are missing a url. YouTube is forcing SABR streaming for this client. See  https://github.com/yt-dlp/yt-dlp/issues/12482  for more details
WARNING: [youtube] 6cCWrrQp1v4: Some web client https formats have been skipped as they are missing a url. YouTube is forcing SABR streaming for this client. See  https://github.com/yt-dlp/yt-dlp/issues/12482  for more details
WARNING: [youtube] Z4i1adGvD2A: Some web client https formats have been skipped as they are missing a url. YouTube is forcing SABR streaming for this client. See  https://github.com/yt-dlp/yt-dlp/issues/12482  for more details
Deprecated Feature: Support for Python version 3.9 has been deprecated. Please update to Python 3.10 or above
WARNING: [youtube] GCpjy3TC8Pg: Some web client https formats have been skipped as they are missing a url. YouTube is forcing SABR streaming for this client. See  https://github.com/yt-dlp/yt-dlp/issues/12482  for more details
WARNING: [youtube] 10MdOvK-aG4: Some web client https formats have been skipped as they are missing a url. YouTube is forcing SABR streaming for this client. See  https://github.com/yt-dlp/yt-dlp/issues/12482  for more details
WARNING: [youtube] fpC4sbawSzQ: Some web client https formats have been skipped as they are missing a url. YouTube is forcing SABR streaming for this client. See  https://github.com/yt-dlp/yt-dlp/issues/12482  for more details
WARNING: [youtube] 9WQu7w1tII0: Some web client https formats have been skipped as they are missing a url. YouTube is forcing SABR streaming for this client. See  https://github.com/yt-dlp/yt-dlp/issues/12482  for more details
WARNING: [youtube] 1bCXCxrDsCs: Some web client https formats have been skipped as they are missing a url. YouTube is forcing SABR streaming for this client. See  https://github.com/yt-dlp/yt-dlp/issues/12482  for more details
Deprecated Feature: Support for Python version 3.9 has been deprecated. Please update to Python 3.10 or above
WARNING: [youtube] jswwEyp3S5g: Some web client https formats have been skipped as they are missing a url. YouTube is forcing SABR streaming for this client. See  https://github.com/yt-dlp/yt-dlp/issues/12482  for more details
WARNING: [youtube] iBBOLjt8haY: Some web client https formats have been skipped as they are missing a url. YouTube is forcing SABR streaming for this client. See  https://github.com/yt-dlp/yt-dlp/issues/12482  for more details
WARNING: [youtube] aTN1I-xBdQI: Some web client https formats have been skipped as they are missing a url. YouTube is forcing SABR streaming for this client. See  https://github.com/yt-dlp/yt-dlp/issues/12482  for more details
WARNING: [youtube] VdcD6qX8Xrc: Some web client https formats have been skipped as they are missing a url. YouTube is forcing SABR streaming for this client. See  https://github.com/yt-dlp/yt-dlp/issues/12482  for more details
WARNING: [youtube] X9GQiouEdJ8: Some web client https formats have been skipped as they are missing a url. YouTube is forcing SABR streaming for this client. See  https://github.com/yt-dlp/yt-dlp/issues/12482  for more details
Deprecated Feature: Support for Python version 3.9 has been deprecated. Please update to Python 3.10 or above
WARNING: [youtube] 4agDpr9obcs: Some web client https formats have been skipped as they are missing a url. YouTube is forcing SABR streaming for this client. See  https://github.com/yt-dlp/yt-dlp/issues/12482  for more details
WARNING: [youtube] 69qNX1ahjpQ: Some web client https formats have been skipped as they are missing a url. YouTube is forcing SABR streaming for this client. See  https://github.com/yt-dlp/yt-dlp/issues/12482  for more details
WARNING: [youtube] 3vi3IZTbODM: Some web client https formats have been skipped as they are missing a url. YouTube is forcing SABR streaming for this client. See  https://github.com/yt-dlp/yt-dlp/issues/12482  for more details
WARNING: [youtube] RCamHhdWoBE: Some web client https formats have been skipped as they are missing a url. YouTube is forcing SABR streaming for this client. See  https://github.com/yt-dlp/yt-dlp/issues/12482  for more details
WARNING: [youtube] dgPp34nyg6M: Some web client https formats have been skipped as they are missing a url. YouTube is forcing SABR streaming for this client. See  https://github.com/yt-dlp/yt-dlp/issues/12482  for more details
Deprecated Feature: Support for Python version 3.9 has been deprecated. Please update to Python 3.10 or above
WARNING: [youtube] -YwzCOVeLEE: Some web client https formats have been skipped as they are missing a url. YouTube is forcing SABR streaming for this client. See  https://github.com/yt-dlp/yt-dlp/issues/12482  for more details
WARNING: [youtube] wnM-6D2LGdg: Some web client https formats have been skipped as they are missing a url. YouTube is forcing SABR streaming for this client. See  https://github.com/yt-dlp/yt-dlp/issues/12482  for more details
WARNING: [youtube] rweUKs3vBV4: Some web client https formats have been skipped as they are missing a url. YouTube is forcing SABR streaming for this client. See  https://github.com/yt-dlp/yt-dlp/issues/12482  for more details
WARNING: [youtube] tJV-vdbZ388: Some web client https formats have been skipped as they are missing a url. YouTube is forcing SABR streaming for this client. See  https://github.com/yt-dlp/yt-dlp/issues/12482  for more details
WARNING: [youtube] FfyMZejIgv8: Some web client https formats have been skipped as they are missing a url. YouTube is forcing SABR streaming for this client. See  https://github.com/yt-dlp/yt-dlp/issues/12482  for more details
Deprecated Feature: Support for Python version 3.9 has been deprecated. Please update to Python 3.10 or above
WARNING: [youtube] IVGjBxqygmI: Some web client https formats have been skipped as they are missing a url. YouTube is forcing SABR streaming for this client. See  https://github.com/yt-dlp/yt-dlp/issues/12482  for more details
WARNING: [youtube] phOhGqpXss4: Some web client https formats have been skipped as they are missing a url. YouTube is forcing SABR streaming for this client. See  https://github.com/yt-dlp/yt-dlp/issues/12482  for more details
WARNING: [youtube] V_qJIrvWyRQ: Some web client https formats have been skipped as they are missing a url. YouTube is forcing SABR streaming for this client. See  https://github.com/yt-dlp/yt-dlp/issues/12482  for more details
WARNING: [youtube] YHKXflgkHak: Some web client https formats have been skipped as they are missing a url. YouTube is forcing SABR streaming for this client. See  https://github.com/yt-dlp/yt-dlp/issues/12482  for more details
WARNING: [youtube] ZrHKwxasXS4: Some web client https formats have been skipped as they are missing a url. YouTube is forcing SABR streaming for this client. See  https://github.com/yt-dlp/yt-dlp/issues/12482  for more details
Deprecated Feature: Support for Python version 3.9 has been deprecated. Please update to Python 3.10 or above
WARNING: [youtube] J886DPhhZLg: Some web client https formats have been skipped as they are missing a url. YouTube is forcing SABR streaming for this client. See  https://github.com/yt-dlp/yt-dlp/issues/12482  for more details
WARNING: [youtube] b6Mxcv1pyBU: Some web client https formats have been skipped as they are missing a url. YouTube is forcing SABR streaming for this client. See  https://github.com/yt-dlp/yt-dlp/issues/12482  for more details
WARNING: [youtube] JOu8v6CBjkE: Some web client https formats have been skipped as they are missing a url. YouTube is forcing SABR streaming for this client. See  https://github.com/yt-dlp/yt-dlp/issues/12482  for more details
WARNING: [youtube] 9cenXVrQZNQ: Some web client https formats have been skipped as they are missing a url. YouTube is forcing SABR streaming for this client. See  https://github.com/yt-dlp/yt-dlp/issues/12482  for more details
WARNING: [youtube] sfkyiXvlYL0: Some web client https formats have been skipped as they are missing a url. YouTube is forcing SABR streaming for this client. See  https://github.com/yt-dlp/yt-dlp/issues/12482  for more details
Deprecated Feature: Support for Python version 3.9 has been deprecated. Please update to Python 3.10 or above
WARNING: [youtube] zdAqvqhdVgU: Some web client https formats have been skipped as they are missing a url. YouTube is forcing SABR streaming for this client. See  https://github.com/yt-dlp/yt-dlp/issues/12482  for more details
WARNING: [youtube] Jg2jJH1K0o8: Some web client https formats have been skipped as they are missing a url. YouTube is forcing SABR streaming for this client. See  https://github.com/yt-dlp/yt-dlp/issues/12482  for more details
WARNING: [youtube] RCbJKkG_mZs: Some web client https formats have been skipped as they are missing a url. YouTube is forcing SABR streaming for this client. See  https://github.com/yt-dlp/yt-dlp/issues/12482  for more details
WARNING: [youtube] D8ohmtB8MdI: Some web client https formats have been skipped as they are missing a url. YouTube is forcing SABR streaming for this client. See  https://github.com/yt-dlp/yt-dlp/issues/12482  for more details
WARNING: [youtube] 4IM866W7yGc: Some web client https formats have been skipped as they are missing a url. YouTube is forcing SABR streaming for this client. See  https://github.com/yt-dlp/yt-dlp/issues/12482  for more details
Deprecated Feature: Support for Python version 3.9 has been deprecated. Please update to Python 3.10 or above
WARNING: [youtube] kwEtOyaFhCA: Some web client https formats have been skipped as they are missing a url. YouTube is forcing SABR streaming for this client. See  https://github.com/yt-dlp/yt-dlp/issues/12482  for more details
WARNING: [youtube] BTJGr78-zyw: Some web client https formats have been skipped as they are missing a url. YouTube is forcing SABR streaming for this client. See  https://github.com/yt-dlp/yt-dlp/issues/12482  for more details
WARNING: [youtube] NdU6UdUKaYc: Some web client https formats have been skipped as they are missing a url. YouTube is forcing SABR streaming for this client. See  https://github.com/yt-dlp/yt-dlp/issues/12482  for more details
WARNING: [youtube] jLFG_FZKbks: Some web client https formats have been skipped as they are missing a url. YouTube is forcing SABR streaming for this client. See  https://github.com/yt-dlp/yt-dlp/issues/12482  for more details
WARNING: [youtube] PnpHwhTWw0c: Some web client https formats have been skipped as they are missing a url. YouTube is forcing SABR streaming for this client. See  https://github.com/yt-dlp/yt-dlp/issues/12482  for more details
Deprecated Feature: Support for Python version 3.9 has been deprecated. Please update to Python 3.10 or above
WARNING: [youtube] coX4duwUCpw: Some web client https formats have been skipped as they are missing a url. YouTube is forcing SABR streaming for this client. See  https://github.com/yt-dlp/yt-dlp/issues/12482  for more details
WARNING: [youtube] i9TvUGeTltE: Some web client https formats have been skipped as they are missing a url. YouTube is forcing SABR streaming for this client. See  https://github.com/yt-dlp/yt-dlp/issues/12482  for more details
WARNING: [youtube] 7YrdI7h2XoY: Some web client https formats have been skipped as they are missing a url. YouTube is forcing SABR streaming for this client. See  https://github.com/yt-dlp/yt-dlp/issues/12482  for more details
WARNING: [youtube] c347oYQO57A: Some web client https formats have been skipped as they are missing a url. YouTube is forcing SABR streaming for this client. See  https://github.com/yt-dlp/yt-dlp/issues/12482  for more details
WARNING: [youtube] 5aS-8QCRdGE: Some web client https formats have been skipped as they are missing a url. YouTube is forcing SABR streaming for this client. See  https://github.com/yt-dlp/yt-dlp/issues/12482  for more details
Deprecated Feature: Support for Python version 3.9 has been deprecated. Please update to Python 3.10 or above
WARNING: [youtube] coX4duwUCpw: Some web client https formats have been skipped as they are missing a url. YouTube is forcing SABR streaming for this client. See  https://github.com/yt-dlp/yt-dlp/issues/12482  for more details
WARNING: [youtube] i9TvUGeTltE: Some web client https formats have been skipped as they are missing a url. YouTube is forcing SABR streaming for this client. See  https://github.com/yt-dlp/yt-dlp/issues/12482  for more details
WARNING: [youtube] 7YrdI7h2XoY: Some web client https formats have been skipped as they are missing a url. YouTube is forcing SABR streaming for this client. See  https://github.com/yt-dlp/yt-dlp/issues/12482  for more details
WARNING: [youtube] c347oYQO57A: Some web client https formats have been skipped as they are missing a url. YouTube is forcing SABR streaming for this client. See  https://github.com/yt-dlp/yt-dlp/issues/12482  for more details
WARNING: [youtube] 5aS-8QCRdGE: Some web client https formats have been skipped as they are missing a url. YouTube is forcing SABR streaming for this client. See  https://github.com/yt-dlp/yt-dlp/issues/12482  for more details
2026-05-13 04:08:36,011 [INFO] [MiniMax] 请求状态: 200, attempt=1
2026-05-13 04:08:36,012 [INFO] [MiniMax] 成功, 输出长度: 25
2026-05-13 04:08:36,014 [INFO] [translate_to_chinese] status=SUCCESS, len=25
2026-05-13 04:09:37,231 [ERROR] [MiniMax] 请求异常: HTTPSConnectionPool(host='api.minimax.chat', port=443): Read timed out. (read timeout=60), attempt=1/3
2026-05-13 04:10:39,440 [ERROR] [MiniMax] 请求异常: HTTPSConnectionPool(host='api.minimax.chat', port=443): Read timed out. (read timeout=60), attempt=2/3
2026-05-13 04:11:22,470 [INFO] [MiniMax] 请求状态: 200, attempt=3
2026-05-13 04:11:22,470 [INFO] [MiniMax] 成功, 输出长度: 2384
2026-05-13 04:11:22,470 [INFO] [generate_youtube_summary] status=SUCCESS, len=2384
2026-05-13 04:11:26,565 [INFO] [MiniMax] 请求状态: 200, attempt=1
2026-05-13 04:11:26,566 [INFO] [MiniMax] 成功, 输出长度: 18
2026-05-13 04:11:26,568 [INFO] [translate_to_chinese] status=SUCCESS, len=18
2026-05-13 04:11:56,951 [INFO] [MiniMax] 请求状态: 200, attempt=1
2026-05-13 04:11:56,952 [INFO] [MiniMax] 成功, 输出长度: 1870
2026-05-13 04:11:56,954 [INFO] [generate_youtube_summary] status=SUCCESS, len=1870
2026-05-13 04:12:07,572 [INFO] [MiniMax] 请求状态: 200, attempt=1
2026-05-13 04:12:07,572 [INFO] [MiniMax] 成功, 输出长度: 40
2026-05-13 04:12:07,574 [INFO] [translate_to_chinese] status=SUCCESS, len=40
2026-05-13 04:12:43,260 [INFO] [MiniMax] 请求状态: 200, attempt=1
2026-05-13 04:12:43,260 [INFO] [MiniMax] 成功, 输出长度: 2406
2026-05-13 04:12:43,262 [INFO] [generate_youtube_summary] status=SUCCESS, len=2406
2026-05-13 04:12:48,819 [INFO] [MiniMax] 请求状态: 200, attempt=1
2026-05-13 04:12:48,820 [INFO] [MiniMax] 成功, 输出长度: 12
2026-05-13 04:12:48,822 [INFO] [translate_to_chinese] status=SUCCESS, len=12
2026-05-13 04:13:21,400 [INFO] [MiniMax] 请求状态: 200, attempt=1
2026-05-13 04:13:21,400 [INFO] [MiniMax] 成功, 输出长度: 1903
2026-05-13 04:13:21,402 [INFO] [generate_youtube_summary] status=SUCCESS, len=1903
2026-05-13 04:13:26,739 [INFO] [MiniMax] 请求状态: 200, attempt=1
2026-05-13 04:13:26,740 [INFO] [MiniMax] 成功, 输出长度: 20
2026-05-13 04:13:26,741 [INFO] [translate_to_chinese] status=SUCCESS, len=20
2026-05-13 04:14:08,872 [INFO] [MiniMax] 请求状态: 200, attempt=1
2026-05-13 04:14:08,872 [INFO] [MiniMax] 成功, 输出长度: 2429
2026-05-13 04:14:08,875 [INFO] [generate_youtube_summary] status=SUCCESS, len=2429
2026-05-13 04:14:23,864 [INFO] [MiniMax] 请求状态: 200, attempt=1
2026-05-13 04:14:23,864 [INFO] [MiniMax] 成功, 输出长度: 28
2026-05-13 04:14:23,867 [INFO] [translate_to_chinese] status=SUCCESS, len=28
2026-05-13 04:15:09,472 [INFO] [MiniMax] 请求状态: 200, attempt=1
2026-05-13 04:15:09,473 [INFO] [MiniMax] 成功, 输出长度: 3379
2026-05-13 04:15:09,475 [INFO] [generate_youtube_summary] status=SUCCESS, len=3379
2026-05-13 04:15:15,409 [INFO] [MiniMax] 请求状态: 200, attempt=1
2026-05-13 04:15:15,409 [INFO] [MiniMax] 成功, 输出长度: 36
2026-05-13 04:15:15,411 [INFO] [translate_to_chinese] status=SUCCESS, len=36
2026-05-13 04:15:56,646 [INFO] [MiniMax] 请求状态: 200, attempt=1
2026-05-13 04:15:56,646 [INFO] [MiniMax] 成功, 输出长度: 3016
2026-05-13 04:15:56,648 [INFO] [generate_youtube_summary] status=SUCCESS, len=3016
2026-05-13 04:16:02,470 [INFO] [MiniMax] 请求状态: 200, attempt=1
2026-05-13 04:16:02,471 [INFO] [MiniMax] 成功, 输出长度: 17
2026-05-13 04:16:02,473 [INFO] [translate_to_chinese] status=SUCCESS, len=17
2026-05-13 04:16:41,771 [INFO] [MiniMax] 请求状态: 200, attempt=1
2026-05-13 04:16:41,772 [INFO] [MiniMax] 成功, 输出长度: 2887
2026-05-13 04:16:41,774 [INFO] [generate_youtube_summary] status=SUCCESS, len=2887
2026-05-13 04:16:49,701 [INFO] [MiniMax] 请求状态: 200, attempt=1
2026-05-13 04:16:49,701 [INFO] [MiniMax] 成功, 输出长度: 23
2026-05-13 04:16:49,703 [INFO] [translate_to_chinese] status=SUCCESS, len=23
2026-05-13 04:17:14,257 [INFO] [MiniMax] 请求状态: 200, attempt=1
2026-05-13 04:17:14,258 [INFO] [MiniMax] 成功, 输出长度: 2096
2026-05-13 04:17:14,259 [INFO] [generate_youtube_summary] status=SUCCESS, len=2096
2026-05-13 04:17:20,148 [INFO] [MiniMax] 请求状态: 200, attempt=1
2026-05-13 04:17:20,149 [INFO] [MiniMax] 成功, 输出长度: 29
2026-05-13 04:17:20,151 [INFO] [translate_to_chinese] status=SUCCESS, len=29
2026-05-13 04:17:46,276 [INFO] [MiniMax] 请求状态: 200, attempt=1
2026-05-13 04:17:46,276 [INFO] [MiniMax] 成功, 输出长度: 1850
2026-05-13 04:17:46,277 [INFO] [generate_youtube_summary] status=SUCCESS, len=1850
2026-05-13 04:17:53,130 [INFO] [MiniMax] 请求状态: 200, attempt=1
2026-05-13 04:17:53,130 [INFO] [MiniMax] 成功, 输出长度: 22
2026-05-13 04:17:53,132 [INFO] [translate_to_chinese] status=SUCCESS, len=22
2026-05-13 04:18:24,684 [INFO] [MiniMax] 请求状态: 200, attempt=1
2026-05-13 04:18:24,684 [INFO] [MiniMax] 成功, 输出长度: 2394
2026-05-13 04:18:24,685 [INFO] [generate_youtube_summary] status=SUCCESS, len=2394
2026-05-13 04:18:30,853 [INFO] [MiniMax] 请求状态: 200, attempt=1
2026-05-13 04:18:30,854 [INFO] [MiniMax] 成功, 输出长度: 26
2026-05-13 04:18:30,856 [INFO] [translate_to_chinese] status=SUCCESS, len=26
2026-05-13 04:19:07,352 [INFO] [MiniMax] 请求状态: 200, attempt=1
2026-05-13 04:19:07,352 [INFO] [MiniMax] 成功, 输出长度: 2603
2026-05-13 04:19:07,354 [INFO] [generate_youtube_summary] status=SUCCESS, len=2603
2026-05-13 04:19:15,830 [INFO] [MiniMax] 请求状态: 200, attempt=1
2026-05-13 04:19:15,830 [INFO] [MiniMax] 成功, 输出长度: 17
2026-05-13 04:19:15,833 [INFO] [translate_to_chinese] status=SUCCESS, len=17
2026-05-13 04:20:06,014 [INFO] [MiniMax] 请求状态: 200, attempt=1
2026-05-13 04:20:06,015 [INFO] [MiniMax] 成功, 输出长度: 3669
2026-05-13 04:20:06,017 [INFO] [generate_youtube_summary] status=SUCCESS, len=3669
2026-05-13 04:20:12,534 [INFO] [MiniMax] 请求状态: 200, attempt=1
2026-05-13 04:20:12,534 [INFO] [MiniMax] 成功, 输出长度: 16
2026-05-13 04:20:12,536 [INFO] [translate_to_chinese] status=SUCCESS, len=16
2026-05-13 04:20:42,543 [INFO] [MiniMax] 请求状态: 200, attempt=1
2026-05-13 04:20:42,543 [INFO] [MiniMax] 成功, 输出长度: 2081
2026-05-13 04:20:42,546 [INFO] [generate_youtube_summary] status=SUCCESS, len=2081
/Users/vincentnie/Library/Python/3.9/lib/python/site-packages/urllib3/__init__.py:35: NotOpenSSLWarning: urllib3 v2 only supports OpenSSL 1.1.1+, currently the 'ssl' module is compiled with 'LibreSSL 2.8.3'. See: https://github.com/urllib3/urllib3/issues/3020
  warnings.warn(
/Users/vincentnie/Library/Python/3.9/lib/python/site-packages/urllib3/__init__.py:35: NotOpenSSLWarning: urllib3 v2 only supports OpenSSL 1.1.1+, currently the 'ssl' module is compiled with 'LibreSSL 2.8.3'. See: https://github.com/urllib3/urllib3/issues/3020
  warnings.warn(
/Users/vincentnie/Library/Python/3.9/lib/python/site-packages/urllib3/connectionpool.py:1097: InsecureRequestWarning: Unverified HTTPS request is being made to host '127.0.0.1'. Adding certificate verification is strongly advised. See: https://urllib3.readthedocs.io/en/latest/advanced-usage.html#tls-warnings
  warnings.warn(
/Users/vincentnie/Library/Python/3.9/lib/python/site-packages/urllib3/connectionpool.py:1097: InsecureRequestWarning: Unverified HTTPS request is being made to host '127.0.0.1'. Adding certificate verification is strongly advised. See: https://urllib3.readthedocs.io/en/latest/advanced-usage.html#tls-warnings
  warnings.warn(
/Users/vincentnie/Library/Python/3.9/lib/python/site-packages/urllib3/connectionpool.py:1097: InsecureRequestWarning: Unverified HTTPS request is being made to host '127.0.0.1'. Adding certificate verification is strongly advised. See: https://urllib3.readthedocs.io/en/latest/advanced-usage.html#tls-warnings
  warnings.warn(
/Users/vincentnie/Library/Python/3.9/lib/python/site-packages/urllib3/connectionpool.py:1097: InsecureRequestWarning: Unverified HTTPS request is being made to host '127.0.0.1'. Adding certificate verification is strongly advised. See: https://urllib3.readthedocs.io/en/latest/advanced-usage.html#tls-warnings
  warnings.warn(
/Users/vincentnie/Library/Python/3.9/lib/python/site-packages/urllib3/connectionpool.py:1097: InsecureRequestWarning: Unverified HTTPS request is being made to host '127.0.0.1'. Adding certificate verification is strongly advised. See: https://urllib3.readthedocs.io/en/latest/advanced-usage.html#tls-warnings
  warnings.warn(
/Users/vincentnie/Library/Python/3.9/lib/python/site-packages/urllib3/connectionpool.py:1097: InsecureRequestWarning: Unverified HTTPS request is being made to host '127.0.0.1'. Adding certificate verification is strongly advised. See: https://urllib3.readthedocs.io/en/latest/advanced-usage.html#tls-warnings
  warnings.warn(
/Users/vincentnie/Library/Python/3.9/lib/python/site-packages/urllib3/connectionpool.py:1097: InsecureRequestWarning: Unverified HTTPS request is being made to host '127.0.0.1'. Adding certificate verification is strongly advised. See: https://urllib3.readthedocs.io/en/latest/advanced-usage.html#tls-warnings
  warnings.warn(
/Users/vincentnie/Library/Python/3.9/lib/python/site-packages/urllib3/connectionpool.py:1097: InsecureRequestWarning: Unverified HTTPS request is being made to host '127.0.0.1'. Adding certificate verification is strongly advised. See: https://urllib3.readthedocs.io/en/latest/advanced-usage.html#tls-warnings
  warnings.warn(
/Users/vincentnie/Library/Python/3.9/lib/python/site-packages/urllib3/connectionpool.py:1097: InsecureRequestWarning: Unverified HTTPS request is being made to host '127.0.0.1'. Adding certificate verification is strongly advised. See: https://urllib3.readthedocs.io/en/latest/advanced-usage.html#tls-warnings
  warnings.warn(
/Users/vincentnie/Library/Python/3.9/lib/python/site-packages/urllib3/connectionpool.py:1097: InsecureRequestWarning: Unverified HTTPS request is being made to host '127.0.0.1'. Adding certificate verification is strongly advised. See: https://urllib3.readthedocs.io/en/latest/advanced-usage.html#tls-warnings
  warnings.warn(
/Users/vincentnie/Library/Python/3.9/lib/python/site-packages/urllib3/connectionpool.py:1097: InsecureRequestWarning: Unverified HTTPS request is being made to host '127.0.0.1'. Adding certificate verification is strongly advised. See: https://urllib3.readthedocs.io/en/latest/advanced-usage.html#tls-warnings
  warnings.warn(
2026-05-14 04:02:24,774 [INFO] [MiniMax] 请求状态: 200, attempt=1
2026-05-14 04:02:24,776 [INFO] [MiniMax] 成功, 输出长度: 1783
2026-05-14 04:02:24,778 [INFO] [generate_podcast_summary] status=SUCCESS, len=1783
2026-05-14 04:03:11,376 [INFO] [MiniMax] 请求状态: 200, attempt=1
2026-05-14 04:03:11,377 [INFO] [MiniMax] 成功, 输出长度: 3054
2026-05-14 04:03:11,379 [INFO] [generate_podcast_summary] status=SUCCESS, len=3054
2026-05-14 04:04:10,541 [INFO] [MiniMax] 请求状态: 200, attempt=1
2026-05-14 04:04:10,542 [INFO] [MiniMax] 成功, 输出长度: 4331
2026-05-14 04:04:10,544 [INFO] [generate_podcast_summary] status=SUCCESS, len=4331
/Users/vincentnie/Library/Python/3.9/lib/python/site-packages/urllib3/__init__.py:35: NotOpenSSLWarning: urllib3 v2 only supports OpenSSL 1.1.1+, currently the 'ssl' module is compiled with 'LibreSSL 2.8.3'. See: https://github.com/urllib3/urllib3/issues/3020
  warnings.warn(
Deprecated Feature: Support for Python version 3.9 has been deprecated. Please update to Python 3.10 or above
WARNING: [youtube] nepKKz-MzFM: Some web client https formats have been skipped as they are missing a url. YouTube is forcing SABR streaming for this client. See  https://github.com/yt-dlp/yt-dlp/issues/12482  for more details
WARNING: [youtube] iKx3gAODybU: Some web client https formats have been skipped as they are missing a url. YouTube is forcing SABR streaming for this client. See  https://github.com/yt-dlp/yt-dlp/issues/12482  for more details
WARNING: [youtube] vif8NQcjVf0: Some web client https formats have been skipped as they are missing a url. YouTube is forcing SABR streaming for this client. See  https://github.com/yt-dlp/yt-dlp/issues/12482  for more details
WARNING: [youtube] H9rF1CSSh-w: Some web client https formats have been skipped as they are missing a url. YouTube is forcing SABR streaming for this client. See  https://github.com/yt-dlp/yt-dlp/issues/12482  for more details
WARNING: [youtube] 1SJiTwbSI58: Some web client https formats have been skipped as they are missing a url. YouTube is forcing SABR streaming for this client. See  https://github.com/yt-dlp/yt-dlp/issues/12482  for more details
Deprecated Feature: Support for Python version 3.9 has been deprecated. Please update to Python 3.10 or above
WARNING: [youtube] FnJaDj5zUhY: Some web client https formats have been skipped as they are missing a url. YouTube is forcing SABR streaming for this client. See  https://github.com/yt-dlp/yt-dlp/issues/12482  for more details
WARNING: [youtube] 9qqLihL4AWk: Some web client https formats have been skipped as they are missing a url. YouTube is forcing SABR streaming for this client. See  https://github.com/yt-dlp/yt-dlp/issues/12482  for more details
WARNING: [youtube] k1z0e7bGzq0: Some web client https formats have been skipped as they are missing a url. YouTube is forcing SABR streaming for this client. See  https://github.com/yt-dlp/yt-dlp/issues/12482  for more details
WARNING: [youtube] X9k53P-2SOg: Some web client https formats have been skipped as they are missing a url. YouTube is forcing SABR streaming for this client. See  https://github.com/yt-dlp/yt-dlp/issues/12482  for more details
WARNING: [youtube] 6cCWrrQp1v4: Some web client https formats have been skipped as they are missing a url. YouTube is forcing SABR streaming for this client. See  https://github.com/yt-dlp/yt-dlp/issues/12482  for more details
Deprecated Feature: Support for Python version 3.9 has been deprecated. Please update to Python 3.10 or above
WARNING: [youtube] EIo3AuyvV84: Some web client https formats have been skipped as they are missing a url. YouTube is forcing SABR streaming for this client. See  https://github.com/yt-dlp/yt-dlp/issues/12482  for more details
WARNING: [youtube] GCpjy3TC8Pg: Some web client https formats have been skipped as they are missing a url. YouTube is forcing SABR streaming for this client. See  https://github.com/yt-dlp/yt-dlp/issues/12482  for more details
WARNING: [youtube] 10MdOvK-aG4: Some web client https formats have been skipped as they are missing a url. YouTube is forcing SABR streaming for this client. See  https://github.com/yt-dlp/yt-dlp/issues/12482  for more details
WARNING: [youtube] fpC4sbawSzQ: Some web client https formats have been skipped as they are missing a url. YouTube is forcing SABR streaming for this client. See  https://github.com/yt-dlp/yt-dlp/issues/12482  for more details
WARNING: [youtube] 9WQu7w1tII0: Some web client https formats have been skipped as they are missing a url. YouTube is forcing SABR streaming for this client. See  https://github.com/yt-dlp/yt-dlp/issues/12482  for more details
Deprecated Feature: Support for Python version 3.9 has been deprecated. Please update to Python 3.10 or above
WARNING: [youtube] rkCg7wR3_hI: Some web client https formats have been skipped as they are missing a url. YouTube is forcing SABR streaming for this client. See  https://github.com/yt-dlp/yt-dlp/issues/12482  for more details
WARNING: [youtube] jswwEyp3S5g: Some web client https formats have been skipped as they are missing a url. YouTube is forcing SABR streaming for this client. See  https://github.com/yt-dlp/yt-dlp/issues/12482  for more details
WARNING: [youtube] iBBOLjt8haY: Some web client https formats have been skipped as they are missing a url. YouTube is forcing SABR streaming for this client. See  https://github.com/yt-dlp/yt-dlp/issues/12482  for more details
WARNING: [youtube] aTN1I-xBdQI: Some web client https formats have been skipped as they are missing a url. YouTube is forcing SABR streaming for this client. See  https://github.com/yt-dlp/yt-dlp/issues/12482  for more details
WARNING: [youtube] VdcD6qX8Xrc: Some web client https formats have been skipped as they are missing a url. YouTube is forcing SABR streaming for this client. See  https://github.com/yt-dlp/yt-dlp/issues/12482  for more details
Deprecated Feature: Support for Python version 3.9 has been deprecated. Please update to Python 3.10 or above
WARNING: [youtube] c4sRc5NhFjw: Some web client https formats have been skipped as they are missing a url. YouTube is forcing SABR streaming for this client. See  https://github.com/yt-dlp/yt-dlp/issues/12482  for more details
WARNING: [youtube] 4agDpr9obcs: Some web client https formats have been skipped as they are missing a url. YouTube is forcing SABR streaming for this client. See  https://github.com/yt-dlp/yt-dlp/issues/12482  for more details
WARNING: [youtube] 69qNX1ahjpQ: Some web client https formats have been skipped as they are missing a url. YouTube is forcing SABR streaming for this client. See  https://github.com/yt-dlp/yt-dlp/issues/12482  for more details
WARNING: [youtube] 3vi3IZTbODM: Some web client https formats have been skipped as they are missing a url. YouTube is forcing SABR streaming for this client. See  https://github.com/yt-dlp/yt-dlp/issues/12482  for more details
WARNING: [youtube] RCamHhdWoBE: Some web client https formats have been skipped as they are missing a url. YouTube is forcing SABR streaming for this client. See  https://github.com/yt-dlp/yt-dlp/issues/12482  for more details
Deprecated Feature: Support for Python version 3.9 has been deprecated. Please update to Python 3.10 or above
WARNING: [youtube] -YwzCOVeLEE: Some web client https formats have been skipped as they are missing a url. YouTube is forcing SABR streaming for this client. See  https://github.com/yt-dlp/yt-dlp/issues/12482  for more details
WARNING: [youtube] wnM-6D2LGdg: Some web client https formats have been skipped as they are missing a url. YouTube is forcing SABR streaming for this client. See  https://github.com/yt-dlp/yt-dlp/issues/12482  for more details
WARNING: [youtube] rweUKs3vBV4: Some web client https formats have been skipped as they are missing a url. YouTube is forcing SABR streaming for this client. See  https://github.com/yt-dlp/yt-dlp/issues/12482  for more details
WARNING: [youtube] tJV-vdbZ388: Some web client https formats have been skipped as they are missing a url. YouTube is forcing SABR streaming for this client. See  https://github.com/yt-dlp/yt-dlp/issues/12482  for more details
WARNING: [youtube] FfyMZejIgv8: Some web client https formats have been skipped as they are missing a url. YouTube is forcing SABR streaming for this client. See  https://github.com/yt-dlp/yt-dlp/issues/12482  for more details
Deprecated Feature: Support for Python version 3.9 has been deprecated. Please update to Python 3.10 or above
WARNING: [youtube] oRZK7fcBQIg: Some web client https formats have been skipped as they are missing a url. YouTube is forcing SABR streaming for this client. See  https://github.com/yt-dlp/yt-dlp/issues/12482  for more details
WARNING: [youtube] IVGjBxqygmI: Some web client https formats have been skipped as they are missing a url. YouTube is forcing SABR streaming for this client. See  https://github.com/yt-dlp/yt-dlp/issues/12482  for more details
WARNING: [youtube] phOhGqpXss4: Some web client https formats have been skipped as they are missing a url. YouTube is forcing SABR streaming for this client. See  https://github.com/yt-dlp/yt-dlp/issues/12482  for more details
WARNING: [youtube] V_qJIrvWyRQ: Some web client https formats have been skipped as they are missing a url. YouTube is forcing SABR streaming for this client. See  https://github.com/yt-dlp/yt-dlp/issues/12482  for more details
WARNING: [youtube] YHKXflgkHak: Some web client https formats have been skipped as they are missing a url. YouTube is forcing SABR streaming for this client. See  https://github.com/yt-dlp/yt-dlp/issues/12482  for more details
Deprecated Feature: Support for Python version 3.9 has been deprecated. Please update to Python 3.10 or above
WARNING: [youtube] bMmEEa8-6fU: Some web client https formats have been skipped as they are missing a url. YouTube is forcing SABR streaming for this client. See  https://github.com/yt-dlp/yt-dlp/issues/12482  for more details
WARNING: [youtube] D_FCYsshMI4: Some web client https formats have been skipped as they are missing a url. YouTube is forcing SABR streaming for this client. See  https://github.com/yt-dlp/yt-dlp/issues/12482  for more details
WARNING: [youtube] J886DPhhZLg: Some web client https formats have been skipped as they are missing a url. YouTube is forcing SABR streaming for this client. See  https://github.com/yt-dlp/yt-dlp/issues/12482  for more details
WARNING: [youtube] b6Mxcv1pyBU: Some web client https formats have been skipped as they are missing a url. YouTube is forcing SABR streaming for this client. See  https://github.com/yt-dlp/yt-dlp/issues/12482  for more details
WARNING: [youtube] JOu8v6CBjkE: Some web client https formats have been skipped as they are missing a url. YouTube is forcing SABR streaming for this client. See  https://github.com/yt-dlp/yt-dlp/issues/12482  for more details
Deprecated Feature: Support for Python version 3.9 has been deprecated. Please update to Python 3.10 or above
WARNING: [youtube] zdAqvqhdVgU: Some web client https formats have been skipped as they are missing a url. YouTube is forcing SABR streaming for this client. See  https://github.com/yt-dlp/yt-dlp/issues/12482  for more details
WARNING: [youtube] Jg2jJH1K0o8: Some web client https formats have been skipped as they are missing a url. YouTube is forcing SABR streaming for this client. See  https://github.com/yt-dlp/yt-dlp/issues/12482  for more details
WARNING: [youtube] RCbJKkG_mZs: Some web client https formats have been skipped as they are missing a url. YouTube is forcing SABR streaming for this client. See  https://github.com/yt-dlp/yt-dlp/issues/12482  for more details
WARNING: [youtube] D8ohmtB8MdI: Some web client https formats have been skipped as they are missing a url. YouTube is forcing SABR streaming for this client. See  https://github.com/yt-dlp/yt-dlp/issues/12482  for more details
WARNING: [youtube] 4IM866W7yGc: Some web client https formats have been skipped as they are missing a url. YouTube is forcing SABR streaming for this client. See  https://github.com/yt-dlp/yt-dlp/issues/12482  for more details
Deprecated Feature: Support for Python version 3.9 has been deprecated. Please update to Python 3.10 or above
WARNING: [youtube] kwEtOyaFhCA: Some web client https formats have been skipped as they are missing a url. YouTube is forcing SABR streaming for this client. See  https://github.com/yt-dlp/yt-dlp/issues/12482  for more details
WARNING: [youtube] BTJGr78-zyw: Some web client https formats have been skipped as they are missing a url. YouTube is forcing SABR streaming for this client. See  https://github.com/yt-dlp/yt-dlp/issues/12482  for more details
WARNING: [youtube] NdU6UdUKaYc: Some web client https formats have been skipped as they are missing a url. YouTube is forcing SABR streaming for this client. See  https://github.com/yt-dlp/yt-dlp/issues/12482  for more details
WARNING: [youtube] jLFG_FZKbks: Some web client https formats have been skipped as they are missing a url. YouTube is forcing SABR streaming for this client. See  https://github.com/yt-dlp/yt-dlp/issues/12482  for more details
WARNING: [youtube] PnpHwhTWw0c: Some web client https formats have been skipped as they are missing a url. YouTube is forcing SABR streaming for this client. See  https://github.com/yt-dlp/yt-dlp/issues/12482  for more details
Deprecated Feature: Support for Python version 3.9 has been deprecated. Please update to Python 3.10 or above
WARNING: [youtube] coX4duwUCpw: Some web client https formats have been skipped as they are missing a url. YouTube is forcing SABR streaming for this client. See  https://github.com/yt-dlp/yt-dlp/issues/12482  for more details
WARNING: [youtube] i9TvUGeTltE: Some web client https formats have been skipped as they are missing a url. YouTube is forcing SABR streaming for this client. See  https://github.com/yt-dlp/yt-dlp/issues/12482  for more details
WARNING: [youtube] 7YrdI7h2XoY: Some web client https formats have been skipped as they are missing a url. YouTube is forcing SABR streaming for this client. See  https://github.com/yt-dlp/yt-dlp/issues/12482  for more details
WARNING: [youtube] c347oYQO57A: Some web client https formats have been skipped as they are missing a url. YouTube is forcing SABR streaming for this client. See  https://github.com/yt-dlp/yt-dlp/issues/12482  for more details
WARNING: [youtube] 5aS-8QCRdGE: Some web client https formats have been skipped as they are missing a url. YouTube is forcing SABR streaming for this client. See  https://github.com/yt-dlp/yt-dlp/issues/12482  for more details
Deprecated Feature: Support for Python version 3.9 has been deprecated. Please update to Python 3.10 or above
WARNING: [youtube] coX4duwUCpw: Some web client https formats have been skipped as they are missing a url. YouTube is forcing SABR streaming for this client. See  https://github.com/yt-dlp/yt-dlp/issues/12482  for more details
WARNING: [youtube] i9TvUGeTltE: Some web client https formats have been skipped as they are missing a url. YouTube is forcing SABR streaming for this client. See  https://github.com/yt-dlp/yt-dlp/issues/12482  for more details
WARNING: [youtube] 7YrdI7h2XoY: Some web client https formats have been skipped as they are missing a url. YouTube is forcing SABR streaming for this client. See  https://github.com/yt-dlp/yt-dlp/issues/12482  for more details
WARNING: [youtube] c347oYQO57A: Some web client https formats have been skipped as they are missing a url. YouTube is forcing SABR streaming for this client. See  https://github.com/yt-dlp/yt-dlp/issues/12482  for more details
WARNING: [youtube] 5aS-8QCRdGE: Some web client https formats have been skipped as they are missing a url. YouTube is forcing SABR streaming for this client. See  https://github.com/yt-dlp/yt-dlp/issues/12482  for more details
2026-05-14 04:08:10,637 [INFO] [MiniMax] 请求状态: 200, attempt=1
2026-05-14 04:08:10,637 [INFO] [MiniMax] 成功, 输出长度: 20
2026-05-14 04:08:10,639 [INFO] [translate_to_chinese] status=SUCCESS, len=20
2026-05-14 04:08:40,407 [INFO] [MiniMax] 请求状态: 200, attempt=1
2026-05-14 04:08:40,407 [INFO] [MiniMax] 成功, 输出长度: 2183
2026-05-14 04:08:40,409 [INFO] [generate_youtube_summary] status=SUCCESS, len=2183
2026-05-14 04:08:44,757 [INFO] [MiniMax] 请求状态: 200, attempt=1
2026-05-14 04:08:44,758 [INFO] [MiniMax] 成功, 输出长度: 25
2026-05-14 04:08:44,760 [INFO] [translate_to_chinese] status=SUCCESS, len=25
2026-05-14 04:09:42,334 [INFO] [MiniMax] 请求状态: 200, attempt=1
2026-05-14 04:09:42,335 [INFO] [MiniMax] 成功, 输出长度: 4624
2026-05-14 04:09:42,337 [INFO] [generate_youtube_summary] status=SUCCESS, len=4624
2026-05-14 04:09:51,959 [INFO] [MiniMax] 请求状态: 200, attempt=1
2026-05-14 04:09:51,960 [INFO] [MiniMax] 成功, 输出长度: 20
2026-05-14 04:09:51,961 [INFO] [translate_to_chinese] status=SUCCESS, len=20
2026-05-14 04:10:31,586 [INFO] [MiniMax] 请求状态: 200, attempt=1
2026-05-14 04:10:31,586 [INFO] [MiniMax] 成功, 输出长度: 2606
2026-05-14 04:10:31,588 [INFO] [generate_youtube_summary] status=SUCCESS, len=2606
2026-05-14 04:10:40,240 [INFO] [MiniMax] 请求状态: 200, attempt=1
2026-05-14 04:10:40,241 [INFO] [MiniMax] 成功, 输出长度: 37
2026-05-14 04:10:40,241 [INFO] [translate_to_chinese] status=SUCCESS, len=37
2026-05-14 04:11:38,175 [INFO] [MiniMax] 请求状态: 200, attempt=1
2026-05-14 04:11:38,176 [INFO] [MiniMax] 成功, 输出长度: 1637
2026-05-14 04:11:38,178 [INFO] [generate_youtube_summary] status=SUCCESS, len=1637
2026-05-14 04:11:41,974 [INFO] [MiniMax] 请求状态: 200, attempt=1
2026-05-14 04:11:41,975 [INFO] [MiniMax] 成功, 输出长度: 19
2026-05-14 04:11:41,977 [INFO] [translate_to_chinese] status=SUCCESS, len=19
2026-05-14 04:12:12,729 [INFO] [MiniMax] 请求状态: 200, attempt=1
2026-05-14 04:12:12,729 [INFO] [MiniMax] 成功, 输出长度: 2273
2026-05-14 04:12:12,731 [INFO] [generate_youtube_summary] status=SUCCESS, len=2273
2026-05-14 04:12:18,058 [INFO] [MiniMax] 请求状态: 200, attempt=1
2026-05-14 04:12:18,058 [INFO] [MiniMax] 成功, 输出长度: 12
2026-05-14 04:12:18,060 [INFO] [translate_to_chinese] status=SUCCESS, len=12
2026-05-14 04:12:47,060 [INFO] [MiniMax] 请求状态: 200, attempt=1
2026-05-14 04:12:47,061 [INFO] [MiniMax] 成功, 输出长度: 2138
2026-05-14 04:12:47,063 [INFO] [generate_youtube_summary] status=SUCCESS, len=2138
2026-05-14 04:12:52,346 [INFO] [MiniMax] 请求状态: 200, attempt=1
2026-05-14 04:12:52,347 [INFO] [MiniMax] 成功, 输出长度: 25
2026-05-14 04:12:52,349 [INFO] [translate_to_chinese] status=SUCCESS, len=25
2026-05-14 04:13:24,040 [INFO] [MiniMax] 请求状态: 200, attempt=1
2026-05-14 04:13:24,040 [INFO] [MiniMax] 成功, 输出长度: 2331
2026-05-14 04:13:24,043 [INFO] [generate_youtube_summary] status=SUCCESS, len=2331
2026-05-14 04:13:31,195 [INFO] [MiniMax] 请求状态: 200, attempt=1
2026-05-14 04:13:31,196 [INFO] [MiniMax] 成功, 输出长度: 31
2026-05-14 04:13:31,198 [INFO] [translate_to_chinese] status=SUCCESS, len=31
2026-05-14 04:13:56,939 [INFO] [MiniMax] 请求状态: 200, attempt=1
2026-05-14 04:13:56,939 [INFO] [MiniMax] 成功, 输出长度: 2281
2026-05-14 04:13:56,941 [INFO] [generate_youtube_summary] status=SUCCESS, len=2281
2026-05-14 04:14:02,528 [INFO] [MiniMax] 请求状态: 200, attempt=1
2026-05-14 04:14:02,529 [INFO] [MiniMax] 成功, 输出长度: 21
2026-05-14 04:14:02,530 [INFO] [translate_to_chinese] status=SUCCESS, len=21
2026-05-14 04:14:12,357 [INFO] [MiniMax] 请求状态: 200, attempt=1
2026-05-14 04:14:12,357 [INFO] [MiniMax] 成功, 输出长度: 464
2026-05-14 04:14:12,359 [INFO] [generate_youtube_summary] status=SUCCESS, len=464
2026-05-14 04:14:17,788 [INFO] [MiniMax] 请求状态: 200, attempt=1
2026-05-14 04:14:17,788 [INFO] [MiniMax] 成功, 输出长度: 13
2026-05-14 04:14:17,790 [INFO] [translate_to_chinese] status=SUCCESS, len=13
2026-05-14 04:14:51,211 [INFO] [MiniMax] 请求状态: 200, attempt=1
2026-05-14 04:14:51,211 [INFO] [MiniMax] 成功, 输出长度: 3174
2026-05-14 04:14:51,214 [INFO] [generate_youtube_summary] status=SUCCESS, len=3174
/Users/vincentnie/Library/Python/3.9/lib/python/site-packages/urllib3/__init__.py:35: NotOpenSSLWarning: urllib3 v2 only supports OpenSSL 1.1.1+, currently the 'ssl' module is compiled with 'LibreSSL 2.8.3'. See: https://github.com/urllib3/urllib3/issues/3020
  warnings.warn(
/Users/vincentnie/Library/Python/3.9/lib/python/site-packages/urllib3/__init__.py:35: NotOpenSSLWarning: urllib3 v2 only supports OpenSSL 1.1.1+, currently the 'ssl' module is compiled with 'LibreSSL 2.8.3'. See: https://github.com/urllib3/urllib3/issues/3020
  warnings.warn(
/Users/vincentnie/Library/Python/3.9/lib/python/site-packages/urllib3/connectionpool.py:1097: InsecureRequestWarning: Unverified HTTPS request is being made to host '127.0.0.1'. Adding certificate verification is strongly advised. See: https://urllib3.readthedocs.io/en/latest/advanced-usage.html#tls-warnings
  warnings.warn(
/Users/vincentnie/Library/Python/3.9/lib/python/site-packages/urllib3/connectionpool.py:1097: InsecureRequestWarning: Unverified HTTPS request is being made to host '127.0.0.1'. Adding certificate verification is strongly advised. See: https://urllib3.readthedocs.io/en/latest/advanced-usage.html#tls-warnings
  warnings.warn(
/Users/vincentnie/Library/Python/3.9/lib/python/site-packages/urllib3/connectionpool.py:1097: InsecureRequestWarning: Unverified HTTPS request is being made to host '127.0.0.1'. Adding certificate verification is strongly advised. See: https://urllib3.readthedocs.io/en/latest/advanced-usage.html#tls-warnings
  warnings.warn(
/Users/vincentnie/Library/Python/3.9/lib/python/site-packages/urllib3/connectionpool.py:1097: InsecureRequestWarning: Unverified HTTPS request is being made to host '127.0.0.1'. Adding certificate verification is strongly advised. See: https://urllib3.readthedocs.io/en/latest/advanced-usage.html#tls-warnings
  warnings.warn(
/Users/vincentnie/Library/Python/3.9/lib/python/site-packages/urllib3/connectionpool.py:1097: InsecureRequestWarning: Unverified HTTPS request is being made to host '127.0.0.1'. Adding certificate verification is strongly advised. See: https://urllib3.readthedocs.io/en/latest/advanced-usage.html#tls-warnings
  warnings.warn(
/Users/vincentnie/Library/Python/3.9/lib/python/site-packages/urllib3/connectionpool.py:1097: InsecureRequestWarning: Unverified HTTPS request is being made to host '127.0.0.1'. Adding certificate verification is strongly advised. See: https://urllib3.readthedocs.io/en/latest/advanced-usage.html#tls-warnings
  warnings.warn(
/Users/vincentnie/Library/Python/3.9/lib/python/site-packages/urllib3/connectionpool.py:1097: InsecureRequestWarning: Unverified HTTPS request is being made to host '127.0.0.1'. Adding certificate verification is strongly advised. See: https://urllib3.readthedocs.io/en/latest/advanced-usage.html#tls-warnings
  warnings.warn(
/Users/vincentnie/Library/Python/3.9/lib/python/site-packages/urllib3/connectionpool.py:1097: InsecureRequestWarning: Unverified HTTPS request is being made to host '127.0.0.1'. Adding certificate verification is strongly advised. See: https://urllib3.readthedocs.io/en/latest/advanced-usage.html#tls-warnings
  warnings.warn(
/Users/vincentnie/Library/Python/3.9/lib/python/site-packages/urllib3/connectionpool.py:1097: InsecureRequestWarning: Unverified HTTPS request is being made to host '127.0.0.1'. Adding certificate verification is strongly advised. See: https://urllib3.readthedocs.io/en/latest/advanced-usage.html#tls-warnings
  warnings.warn(
/Users/vincentnie/Library/Python/3.9/lib/python/site-packages/urllib3/connectionpool.py:1097: InsecureRequestWarning: Unverified HTTPS request is being made to host '127.0.0.1'. Adding certificate verification is strongly advised. See: https://urllib3.readthedocs.io/en/latest/advanced-usage.html#tls-warnings
  warnings.warn(
/Users/vincentnie/Library/Python/3.9/lib/python/site-packages/urllib3/connectionpool.py:1097: InsecureRequestWarning: Unverified HTTPS request is being made to host '127.0.0.1'. Adding certificate verification is strongly advised. See: https://urllib3.readthedocs.io/en/latest/advanced-usage.html#tls-warnings
  warnings.warn(
2026-05-15 04:01:53,932 [INFO] [MiniMax] 请求状态: 200, attempt=1
2026-05-15 04:01:53,934 [INFO] [MiniMax] 成功, 输出长度: 1589
2026-05-15 04:01:53,936 [INFO] [generate_podcast_summary] status=SUCCESS, len=1589
2026-05-15 04:02:27,800 [INFO] [MiniMax] 请求状态: 200, attempt=1
2026-05-15 04:02:27,801 [INFO] [MiniMax] 成功, 输出长度: 2164
2026-05-15 04:02:27,802 [INFO] [generate_podcast_summary] status=SUCCESS, len=2164
/Users/vincentnie/Library/Python/3.9/lib/python/site-packages/urllib3/__init__.py:35: NotOpenSSLWarning: urllib3 v2 only supports OpenSSL 1.1.1+, currently the 'ssl' module is compiled with 'LibreSSL 2.8.3'. See: https://github.com/urllib3/urllib3/issues/3020
  warnings.warn(
Deprecated Feature: Support for Python version 3.9 has been deprecated. Please update to Python 3.10 or above
WARNING: [youtube] nepKKz-MzFM: Some web client https formats have been skipped as they are missing a url. YouTube is forcing SABR streaming for this client. See  https://github.com/yt-dlp/yt-dlp/issues/12482  for more details
WARNING: [youtube] iKx3gAODybU: Some web client https formats have been skipped as they are missing a url. YouTube is forcing SABR streaming for this client. See  https://github.com/yt-dlp/yt-dlp/issues/12482  for more details
WARNING: [youtube] vif8NQcjVf0: Some web client https formats have been skipped as they are missing a url. YouTube is forcing SABR streaming for this client. See  https://github.com/yt-dlp/yt-dlp/issues/12482  for more details
WARNING: [youtube] H9rF1CSSh-w: Some web client https formats have been skipped as they are missing a url. YouTube is forcing SABR streaming for this client. See  https://github.com/yt-dlp/yt-dlp/issues/12482  for more details
WARNING: [youtube] 1SJiTwbSI58: Some web client https formats have been skipped as they are missing a url. YouTube is forcing SABR streaming for this client. See  https://github.com/yt-dlp/yt-dlp/issues/12482  for more details
Deprecated Feature: Support for Python version 3.9 has been deprecated. Please update to Python 3.10 or above
WARNING: [youtube] FnJaDj5zUhY: Some web client https formats have been skipped as they are missing a url. YouTube is forcing SABR streaming for this client. See  https://github.com/yt-dlp/yt-dlp/issues/12482  for more details
WARNING: [youtube] 9qqLihL4AWk: Some web client https formats have been skipped as they are missing a url. YouTube is forcing SABR streaming for this client. See  https://github.com/yt-dlp/yt-dlp/issues/12482  for more details
WARNING: [youtube] k1z0e7bGzq0: Some web client https formats have been skipped as they are missing a url. YouTube is forcing SABR streaming for this client. See  https://github.com/yt-dlp/yt-dlp/issues/12482  for more details
WARNING: [youtube] X9k53P-2SOg: Some web client https formats have been skipped as they are missing a url. YouTube is forcing SABR streaming for this client. See  https://github.com/yt-dlp/yt-dlp/issues/12482  for more details
WARNING: [youtube] 6cCWrrQp1v4: Some web client https formats have been skipped as they are missing a url. YouTube is forcing SABR streaming for this client. See  https://github.com/yt-dlp/yt-dlp/issues/12482  for more details
Deprecated Feature: Support for Python version 3.9 has been deprecated. Please update to Python 3.10 or above
WARNING: [youtube] EIo3AuyvV84: Some web client https formats have been skipped as they are missing a url. YouTube is forcing SABR streaming for this client. See  https://github.com/yt-dlp/yt-dlp/issues/12482  for more details
WARNING: [youtube] GCpjy3TC8Pg: Some web client https formats have been skipped as they are missing a url. YouTube is forcing SABR streaming for this client. See  https://github.com/yt-dlp/yt-dlp/issues/12482  for more details
WARNING: [youtube] 10MdOvK-aG4: Some web client https formats have been skipped as they are missing a url. YouTube is forcing SABR streaming for this client. See  https://github.com/yt-dlp/yt-dlp/issues/12482  for more details
WARNING: [youtube] fpC4sbawSzQ: Some web client https formats have been skipped as they are missing a url. YouTube is forcing SABR streaming for this client. See  https://github.com/yt-dlp/yt-dlp/issues/12482  for more details
WARNING: [youtube] 9WQu7w1tII0: Some web client https formats have been skipped as they are missing a url. YouTube is forcing SABR streaming for this client. See  https://github.com/yt-dlp/yt-dlp/issues/12482  for more details
Deprecated Feature: Support for Python version 3.9 has been deprecated. Please update to Python 3.10 or above
WARNING: [youtube] _2LfgJq-1j0: Some web client https formats have been skipped as they are missing a url. YouTube is forcing SABR streaming for this client. See  https://github.com/yt-dlp/yt-dlp/issues/12482  for more details
WARNING: [youtube] rkCg7wR3_hI: Some web client https formats have been skipped as they are missing a url. YouTube is forcing SABR streaming for this client. See  https://github.com/yt-dlp/yt-dlp/issues/12482  for more details
WARNING: [youtube] jswwEyp3S5g: Some web client https formats have been skipped as they are missing a url. YouTube is forcing SABR streaming for this client. See  https://github.com/yt-dlp/yt-dlp/issues/12482  for more details
WARNING: [youtube] iBBOLjt8haY: Some web client https formats have been skipped as they are missing a url. YouTube is forcing SABR streaming for this client. See  https://github.com/yt-dlp/yt-dlp/issues/12482  for more details
WARNING: [youtube] aTN1I-xBdQI: Some web client https formats have been skipped as they are missing a url. YouTube is forcing SABR streaming for this client. See  https://github.com/yt-dlp/yt-dlp/issues/12482  for more details
Deprecated Feature: Support for Python version 3.9 has been deprecated. Please update to Python 3.10 or above
WARNING: [youtube] yUPJYuH19YM: Some web client https formats have been skipped as they are missing a url. YouTube is forcing SABR streaming for this client. See  https://github.com/yt-dlp/yt-dlp/issues/12482  for more details
WARNING: [youtube] mfwntOIhK_c: Some web client https formats have been skipped as they are missing a url. YouTube is forcing SABR streaming for this client. See  https://github.com/yt-dlp/yt-dlp/issues/12482  for more details
WARNING: [youtube] c4sRc5NhFjw: Some web client https formats have been skipped as they are missing a url. YouTube is forcing SABR streaming for this client. See  https://github.com/yt-dlp/yt-dlp/issues/12482  for more details
WARNING: [youtube] 4agDpr9obcs: Some web client https formats have been skipped as they are missing a url. YouTube is forcing SABR streaming for this client. See  https://github.com/yt-dlp/yt-dlp/issues/12482  for more details
WARNING: [youtube] 69qNX1ahjpQ: Some web client https formats have been skipped as they are missing a url. YouTube is forcing SABR streaming for this client. See  https://github.com/yt-dlp/yt-dlp/issues/12482  for more details
Deprecated Feature: Support for Python version 3.9 has been deprecated. Please update to Python 3.10 or above
WARNING: [youtube] g3M3WaixeOw: Some web client https formats have been skipped as they are missing a url. YouTube is forcing SABR streaming for this client. See  https://github.com/yt-dlp/yt-dlp/issues/12482  for more details
WARNING: [youtube] -YwzCOVeLEE: Some web client https formats have been skipped as they are missing a url. YouTube is forcing SABR streaming for this client. See  https://github.com/yt-dlp/yt-dlp/issues/12482  for more details
WARNING: [youtube] wnM-6D2LGdg: Some web client https formats have been skipped as they are missing a url. YouTube is forcing SABR streaming for this client. See  https://github.com/yt-dlp/yt-dlp/issues/12482  for more details
WARNING: [youtube] rweUKs3vBV4: Some web client https formats have been skipped as they are missing a url. YouTube is forcing SABR streaming for this client. See  https://github.com/yt-dlp/yt-dlp/issues/12482  for more details
WARNING: [youtube] tJV-vdbZ388: Some web client https formats have been skipped as they are missing a url. YouTube is forcing SABR streaming for this client. See  https://github.com/yt-dlp/yt-dlp/issues/12482  for more details
Deprecated Feature: Support for Python version 3.9 has been deprecated. Please update to Python 3.10 or above
WARNING: [youtube] D37Ijn2o5U0: Some web client https formats have been skipped as they are missing a url. YouTube is forcing SABR streaming for this client. See  https://github.com/yt-dlp/yt-dlp/issues/12482  for more details
WARNING: [youtube] oRZK7fcBQIg: Some web client https formats have been skipped as they are missing a url. YouTube is forcing SABR streaming for this client. See  https://github.com/yt-dlp/yt-dlp/issues/12482  for more details
WARNING: [youtube] IVGjBxqygmI: Some web client https formats have been skipped as they are missing a url. YouTube is forcing SABR streaming for this client. See  https://github.com/yt-dlp/yt-dlp/issues/12482  for more details
WARNING: [youtube] phOhGqpXss4: Some web client https formats have been skipped as they are missing a url. YouTube is forcing SABR streaming for this client. See  https://github.com/yt-dlp/yt-dlp/issues/12482  for more details
WARNING: [youtube] V_qJIrvWyRQ: Some web client https formats have been skipped as they are missing a url. YouTube is forcing SABR streaming for this client. See  https://github.com/yt-dlp/yt-dlp/issues/12482  for more details
Deprecated Feature: Support for Python version 3.9 has been deprecated. Please update to Python 3.10 or above
WARNING: [youtube] bH2nP-aCFjk: Some web client https formats have been skipped as they are missing a url. YouTube is forcing SABR streaming for this client. See  https://github.com/yt-dlp/yt-dlp/issues/12482  for more details
WARNING: [youtube] qGS9Ghnq1RU: Some web client https formats have been skipped as they are missing a url. YouTube is forcing SABR streaming for this client. See  https://github.com/yt-dlp/yt-dlp/issues/12482  for more details
WARNING: [youtube] bMmEEa8-6fU: Some web client https formats have been skipped as they are missing a url. YouTube is forcing SABR streaming for this client. See  https://github.com/yt-dlp/yt-dlp/issues/12482  for more details
WARNING: [youtube] D_FCYsshMI4: Some web client https formats have been skipped as they are missing a url. YouTube is forcing SABR streaming for this client. See  https://github.com/yt-dlp/yt-dlp/issues/12482  for more details
WARNING: [youtube] J886DPhhZLg: Some web client https formats have been skipped as they are missing a url. YouTube is forcing SABR streaming for this client. See  https://github.com/yt-dlp/yt-dlp/issues/12482  for more details
Deprecated Feature: Support for Python version 3.9 has been deprecated. Please update to Python 3.10 or above
WARNING: [youtube] zdAqvqhdVgU: Some web client https formats have been skipped as they are missing a url. YouTube is forcing SABR streaming for this client. See  https://github.com/yt-dlp/yt-dlp/issues/12482  for more details
WARNING: [youtube] Jg2jJH1K0o8: Some web client https formats have been skipped as they are missing a url. YouTube is forcing SABR streaming for this client. See  https://github.com/yt-dlp/yt-dlp/issues/12482  for more details
WARNING: [youtube] RCbJKkG_mZs: Some web client https formats have been skipped as they are missing a url. YouTube is forcing SABR streaming for this client. See  https://github.com/yt-dlp/yt-dlp/issues/12482  for more details
WARNING: [youtube] D8ohmtB8MdI: Some web client https formats have been skipped as they are missing a url. YouTube is forcing SABR streaming for this client. See  https://github.com/yt-dlp/yt-dlp/issues/12482  for more details
WARNING: [youtube] 4IM866W7yGc: Some web client https formats have been skipped as they are missing a url. YouTube is forcing SABR streaming for this client. See  https://github.com/yt-dlp/yt-dlp/issues/12482  for more details
Deprecated Feature: Support for Python version 3.9 has been deprecated. Please update to Python 3.10 or above
WARNING: [youtube] V-z0k5xu1hM: Some web client https formats have been skipped as they are missing a url. YouTube is forcing SABR streaming for this client. See  https://github.com/yt-dlp/yt-dlp/issues/12482  for more details
WARNING: [youtube] kwEtOyaFhCA: Some web client https formats have been skipped as they are missing a url. YouTube is forcing SABR streaming for this client. See  https://github.com/yt-dlp/yt-dlp/issues/12482  for more details
WARNING: [youtube] BTJGr78-zyw: Some web client https formats have been skipped as they are missing a url. YouTube is forcing SABR streaming for this client. See  https://github.com/yt-dlp/yt-dlp/issues/12482  for more details
WARNING: [youtube] NdU6UdUKaYc: Some web client https formats have been skipped as they are missing a url. YouTube is forcing SABR streaming for this client. See  https://github.com/yt-dlp/yt-dlp/issues/12482  for more details
WARNING: [youtube] jLFG_FZKbks: Some web client https formats have been skipped as they are missing a url. YouTube is forcing SABR streaming for this client. See  https://github.com/yt-dlp/yt-dlp/issues/12482  for more details
Deprecated Feature: Support for Python version 3.9 has been deprecated. Please update to Python 3.10 or above
WARNING: [youtube] eFeDpUVEy48: Some web client https formats have been skipped as they are missing a url. YouTube is forcing SABR streaming for this client. See  https://github.com/yt-dlp/yt-dlp/issues/12482  for more details
WARNING: [youtube] coX4duwUCpw: Some web client https formats have been skipped as they are missing a url. YouTube is forcing SABR streaming for this client. See  https://github.com/yt-dlp/yt-dlp/issues/12482  for more details
WARNING: [youtube] i9TvUGeTltE: Some web client https formats have been skipped as they are missing a url. YouTube is forcing SABR streaming for this client. See  https://github.com/yt-dlp/yt-dlp/issues/12482  for more details
WARNING: [youtube] 7YrdI7h2XoY: Some web client https formats have been skipped as they are missing a url. YouTube is forcing SABR streaming for this client. See  https://github.com/yt-dlp/yt-dlp/issues/12482  for more details
WARNING: [youtube] c347oYQO57A: Some web client https formats have been skipped as they are missing a url. YouTube is forcing SABR streaming for this client. See  https://github.com/yt-dlp/yt-dlp/issues/12482  for more details
Deprecated Feature: Support for Python version 3.9 has been deprecated. Please update to Python 3.10 or above
WARNING: [youtube] eFeDpUVEy48: Some web client https formats have been skipped as they are missing a url. YouTube is forcing SABR streaming for this client. See  https://github.com/yt-dlp/yt-dlp/issues/12482  for more details
WARNING: [youtube] coX4duwUCpw: Some web client https formats have been skipped as they are missing a url. YouTube is forcing SABR streaming for this client. See  https://github.com/yt-dlp/yt-dlp/issues/12482  for more details
WARNING: [youtube] i9TvUGeTltE: Some web client https formats have been skipped as they are missing a url. YouTube is forcing SABR streaming for this client. See  https://github.com/yt-dlp/yt-dlp/issues/12482  for more details
WARNING: [youtube] 7YrdI7h2XoY: Some web client https formats have been skipped as they are missing a url. YouTube is forcing SABR streaming for this client. See  https://github.com/yt-dlp/yt-dlp/issues/12482  for more details
WARNING: [youtube] c347oYQO57A: Some web client https formats have been skipped as they are missing a url. YouTube is forcing SABR streaming for this client. See  https://github.com/yt-dlp/yt-dlp/issues/12482  for more details
2026-05-15 04:06:18,736 [INFO] [MiniMax] 请求状态: 200, attempt=1
2026-05-15 04:06:18,737 [INFO] [MiniMax] 成功, 输出长度: 21
2026-05-15 04:06:18,738 [INFO] [translate_to_chinese] status=SUCCESS, len=21
2026-05-15 04:07:02,957 [INFO] [MiniMax] 请求状态: 200, attempt=1
2026-05-15 04:07:02,960 [INFO] [MiniMax] 成功, 输出长度: 3393
2026-05-15 04:07:02,961 [INFO] [generate_youtube_summary] status=SUCCESS, len=3393
2026-05-15 04:07:13,882 [INFO] [MiniMax] 请求状态: 200, attempt=1
2026-05-15 04:07:13,884 [INFO] [MiniMax] 成功, 输出长度: 23
2026-05-15 04:07:13,885 [INFO] [translate_to_chinese] status=SUCCESS, len=23
2026-05-15 04:08:01,381 [INFO] [MiniMax] 请求状态: 200, attempt=1
2026-05-15 04:08:01,384 [INFO] [MiniMax] 成功, 输出长度: 2734
2026-05-15 04:08:01,385 [INFO] [generate_youtube_summary] status=SUCCESS, len=2734
2026-05-15 04:08:06,699 [INFO] [MiniMax] 请求状态: 200, attempt=1
2026-05-15 04:08:06,700 [INFO] [MiniMax] 成功, 输出长度: 18
2026-05-15 04:08:06,702 [INFO] [translate_to_chinese] status=SUCCESS, len=18
2026-05-15 04:08:31,853 [INFO] [MiniMax] 请求状态: 200, attempt=1
2026-05-15 04:08:31,855 [INFO] [MiniMax] 成功, 输出长度: 2001
2026-05-15 04:08:31,856 [INFO] [generate_youtube_summary] status=SUCCESS, len=2001
2026-05-15 04:08:38,275 [INFO] [MiniMax] 请求状态: 200, attempt=1
2026-05-15 04:08:38,276 [INFO] [MiniMax] 成功, 输出长度: 36
2026-05-15 04:08:38,277 [INFO] [translate_to_chinese] status=SUCCESS, len=36
2026-05-15 04:09:00,472 [INFO] [MiniMax] 请求状态: 200, attempt=1
2026-05-15 04:09:00,474 [INFO] [MiniMax] 成功, 输出长度: 1406
2026-05-15 04:09:00,475 [INFO] [generate_youtube_summary] status=SUCCESS, len=1406
2026-05-15 04:09:09,826 [INFO] [MiniMax] 请求状态: 200, attempt=1
2026-05-15 04:09:09,827 [INFO] [MiniMax] 成功, 输出长度: 27
2026-05-15 04:09:09,828 [INFO] [translate_to_chinese] status=SUCCESS, len=27
2026-05-15 04:09:54,189 [INFO] [MiniMax] 请求状态: 200, attempt=1
2026-05-15 04:09:54,192 [INFO] [MiniMax] 成功, 输出长度: 3579
2026-05-15 04:09:54,194 [INFO] [generate_youtube_summary] status=SUCCESS, len=3579
2026-05-15 04:10:00,864 [INFO] [MiniMax] 请求状态: 200, attempt=1
2026-05-15 04:10:00,864 [INFO] [MiniMax] 成功, 输出长度: 14
2026-05-15 04:10:00,866 [INFO] [translate_to_chinese] status=SUCCESS, len=14
2026-05-15 04:10:26,494 [INFO] [MiniMax] 请求状态: 200, attempt=1
2026-05-15 04:10:26,496 [INFO] [MiniMax] 成功, 输出长度: 2115
2026-05-15 04:10:26,498 [INFO] [generate_youtube_summary] status=SUCCESS, len=2115
2026-05-15 04:10:34,862 [INFO] [MiniMax] 请求状态: 200, attempt=1
2026-05-15 04:10:34,863 [INFO] [MiniMax] 成功, 输出长度: 22
2026-05-15 04:10:34,864 [INFO] [translate_to_chinese] status=SUCCESS, len=22
2026-05-15 04:11:07,710 [INFO] [MiniMax] 请求状态: 200, attempt=1
2026-05-15 04:11:07,711 [INFO] [MiniMax] 成功, 输出长度: 2705
2026-05-15 04:11:07,713 [INFO] [generate_youtube_summary] status=SUCCESS, len=2705
2026-05-15 04:11:19,064 [INFO] [MiniMax] 请求状态: 200, attempt=1
2026-05-15 04:11:19,065 [INFO] [MiniMax] 成功, 输出长度: 48
2026-05-15 04:11:19,067 [INFO] [translate_to_chinese] status=SUCCESS, len=48
2026-05-15 04:11:58,337 [INFO] [MiniMax] 请求状态: 200, attempt=1
2026-05-15 04:11:58,338 [INFO] [MiniMax] 成功, 输出长度: 2814
2026-05-15 04:11:58,339 [INFO] [generate_youtube_summary] status=SUCCESS, len=2814
2026-05-15 04:12:02,324 [INFO] [MiniMax] 请求状态: 200, attempt=1
2026-05-15 04:12:02,325 [INFO] [MiniMax] 成功, 输出长度: 23
2026-05-15 04:12:02,326 [INFO] [translate_to_chinese] status=SUCCESS, len=23
2026-05-15 04:12:25,630 [INFO] [MiniMax] 请求状态: 200, attempt=1
2026-05-15 04:12:25,631 [INFO] [MiniMax] 成功, 输出长度: 1818
2026-05-15 04:12:25,631 [INFO] [generate_youtube_summary] status=SUCCESS, len=1818
2026-05-15 04:12:33,304 [INFO] [MiniMax] 请求状态: 200, attempt=1
2026-05-15 04:12:33,305 [INFO] [MiniMax] 成功, 输出长度: 29
2026-05-15 04:12:33,307 [INFO] [translate_to_chinese] status=SUCCESS, len=29
2026-05-15 04:13:20,086 [INFO] [MiniMax] 请求状态: 200, attempt=1
2026-05-15 04:13:20,088 [INFO] [MiniMax] 成功, 输出长度: 3880
2026-05-15 04:13:20,090 [INFO] [generate_youtube_summary] status=SUCCESS, len=3880
2026-05-15 04:13:24,492 [INFO] [MiniMax] 请求状态: 200, attempt=1
2026-05-15 04:13:24,493 [INFO] [MiniMax] 成功, 输出长度: 19
2026-05-15 04:13:24,494 [INFO] [translate_to_chinese] status=SUCCESS, len=19
2026-05-15 04:14:22,725 [INFO] [MiniMax] 请求状态: 200, attempt=1
2026-05-15 04:14:22,727 [INFO] [MiniMax] 成功, 输出长度: 5921
2026-05-15 04:14:22,729 [INFO] [generate_youtube_summary] status=SUCCESS, len=5921
2026-05-15 04:14:25,941 [INFO] [MiniMax] 请求状态: 200, attempt=1
2026-05-15 04:14:25,941 [INFO] [MiniMax] 成功, 输出长度: 23
2026-05-15 04:14:25,942 [INFO] [translate_to_chinese] status=SUCCESS, len=23
2026-05-15 04:14:33,409 [INFO] [MiniMax] 请求状态: 200, attempt=1
2026-05-15 04:14:33,410 [INFO] [MiniMax] 成功, 输出长度: 201
2026-05-15 04:14:33,411 [INFO] [generate_youtube_summary] status=SUCCESS, len=201
2026-05-15 04:14:43,682 [INFO] [MiniMax] 请求状态: 200, attempt=1
2026-05-15 04:14:43,683 [INFO] [MiniMax] 成功, 输出长度: 25
2026-05-15 04:14:43,685 [INFO] [translate_to_chinese] status=SUCCESS, len=25
2026-05-15 04:15:32,246 [INFO] [MiniMax] 请求状态: 200, attempt=1
2026-05-15 04:15:32,248 [INFO] [MiniMax] 成功, 输出长度: 3850
2026-05-15 04:15:32,250 [INFO] [generate_youtube_summary] status=SUCCESS, len=3850
2026-05-15 04:15:36,010 [INFO] [MiniMax] 请求状态: 200, attempt=1
2026-05-15 04:15:36,011 [INFO] [MiniMax] 成功, 输出长度: 16
2026-05-15 04:15:36,012 [INFO] [translate_to_chinese] status=SUCCESS, len=16
2026-05-15 04:16:07,062 [INFO] [MiniMax] 请求状态: 200, attempt=1
2026-05-15 04:16:07,063 [INFO] [MiniMax] 成功, 输出长度: 2624
2026-05-15 04:16:07,064 [INFO] [generate_youtube_summary] status=SUCCESS, len=2624
2026-05-15 04:16:09,631 [INFO] [MiniMax] 请求状态: 200, attempt=1
2026-05-15 04:16:09,631 [INFO] [MiniMax] 成功, 输出长度: 9
2026-05-15 04:16:09,633 [INFO] [translate_to_chinese] status=SUCCESS, len=9
2026-05-15 04:16:21,146 [INFO] [MiniMax] 请求状态: 200, attempt=1
2026-05-15 04:16:21,147 [INFO] [MiniMax] 成功, 输出长度: 411
2026-05-15 04:16:21,148 [INFO] [generate_youtube_summary] status=SUCCESS, len=411
/Users/vincentnie/Library/Python/3.9/lib/python/site-packages/urllib3/__init__.py:35: NotOpenSSLWarning: urllib3 v2 only supports OpenSSL 1.1.1+, currently the 'ssl' module is compiled with 'LibreSSL 2.8.3'. See: https://github.com/urllib3/urllib3/issues/3020
  warnings.warn(
/Users/vincentnie/Library/Python/3.9/lib/python/site-packages/urllib3/__init__.py:35: NotOpenSSLWarning: urllib3 v2 only supports OpenSSL 1.1.1+, currently the 'ssl' module is compiled with 'LibreSSL 2.8.3'. See: https://github.com/urllib3/urllib3/issues/3020
  warnings.warn(
/Users/vincentnie/Library/Python/3.9/lib/python/site-packages/urllib3/connectionpool.py:1097: InsecureRequestWarning: Unverified HTTPS request is being made to host '127.0.0.1'. Adding certificate verification is strongly advised. See: https://urllib3.readthedocs.io/en/latest/advanced-usage.html#tls-warnings
  warnings.warn(
/Users/vincentnie/Library/Python/3.9/lib/python/site-packages/urllib3/connectionpool.py:1097: InsecureRequestWarning: Unverified HTTPS request is being made to host '127.0.0.1'. Adding certificate verification is strongly advised. See: https://urllib3.readthedocs.io/en/latest/advanced-usage.html#tls-warnings
  warnings.warn(
/Users/vincentnie/Library/Python/3.9/lib/python/site-packages/urllib3/connectionpool.py:1097: InsecureRequestWarning: Unverified HTTPS request is being made to host '127.0.0.1'. Adding certificate verification is strongly advised. See: https://urllib3.readthedocs.io/en/latest/advanced-usage.html#tls-warnings
  warnings.warn(
/Users/vincentnie/Library/Python/3.9/lib/python/site-packages/urllib3/connectionpool.py:1097: InsecureRequestWarning: Unverified HTTPS request is being made to host '127.0.0.1'. Adding certificate verification is strongly advised. See: https://urllib3.readthedocs.io/en/latest/advanced-usage.html#tls-warnings
  warnings.warn(
/Users/vincentnie/Library/Python/3.9/lib/python/site-packages/urllib3/connectionpool.py:1097: InsecureRequestWarning: Unverified HTTPS request is being made to host '127.0.0.1'. Adding certificate verification is strongly advised. See: https://urllib3.readthedocs.io/en/latest/advanced-usage.html#tls-warnings
  warnings.warn(
/Users/vincentnie/Library/Python/3.9/lib/python/site-packages/urllib3/connectionpool.py:1097: InsecureRequestWarning: Unverified HTTPS request is being made to host '127.0.0.1'. Adding certificate verification is strongly advised. See: https://urllib3.readthedocs.io/en/latest/advanced-usage.html#tls-warnings
  warnings.warn(
/Users/vincentnie/Library/Python/3.9/lib/python/site-packages/urllib3/connectionpool.py:1097: InsecureRequestWarning: Unverified HTTPS request is being made to host '127.0.0.1'. Adding certificate verification is strongly advised. See: https://urllib3.readthedocs.io/en/latest/advanced-usage.html#tls-warnings
  warnings.warn(
/Users/vincentnie/Library/Python/3.9/lib/python/site-packages/urllib3/connectionpool.py:1097: InsecureRequestWarning: Unverified HTTPS request is being made to host '127.0.0.1'. Adding certificate verification is strongly advised. See: https://urllib3.readthedocs.io/en/latest/advanced-usage.html#tls-warnings
  warnings.warn(
/Users/vincentnie/Library/Python/3.9/lib/python/site-packages/urllib3/connectionpool.py:1097: InsecureRequestWarning: Unverified HTTPS request is being made to host '127.0.0.1'. Adding certificate verification is strongly advised. See: https://urllib3.readthedocs.io/en/latest/advanced-usage.html#tls-warnings
  warnings.warn(
/Users/vincentnie/Library/Python/3.9/lib/python/site-packages/urllib3/connectionpool.py:1097: InsecureRequestWarning: Unverified HTTPS request is being made to host '127.0.0.1'. Adding certificate verification is strongly advised. See: https://urllib3.readthedocs.io/en/latest/advanced-usage.html#tls-warnings
  warnings.warn(
/Users/vincentnie/Library/Python/3.9/lib/python/site-packages/urllib3/connectionpool.py:1097: InsecureRequestWarning: Unverified HTTPS request is being made to host '127.0.0.1'. Adding certificate verification is strongly advised. See: https://urllib3.readthedocs.io/en/latest/advanced-usage.html#tls-warnings
  warnings.warn(
2026-05-16 04:02:28,340 [ERROR] [MiniMax] 请求异常: HTTPSConnectionPool(host='api.minimax.chat', port=443): Read timed out. (read timeout=60), attempt=1/3
2026-05-16 04:03:07,738 [INFO] [MiniMax] 请求状态: 200, attempt=2
2026-05-16 04:03:07,738 [INFO] [MiniMax] 成功, 输出长度: 2244
2026-05-16 04:03:07,738 [INFO] [generate_podcast_summary] status=SUCCESS, len=2244
/Users/vincentnie/Library/Python/3.9/lib/python/site-packages/urllib3/__init__.py:35: NotOpenSSLWarning: urllib3 v2 only supports OpenSSL 1.1.1+, currently the 'ssl' module is compiled with 'LibreSSL 2.8.3'. See: https://github.com/urllib3/urllib3/issues/3020
  warnings.warn(
Deprecated Feature: Support for Python version 3.9 has been deprecated. Please update to Python 3.10 or above
WARNING: [youtube] nepKKz-MzFM: Some web client https formats have been skipped as they are missing a url. YouTube is forcing SABR streaming for this client. See  https://github.com/yt-dlp/yt-dlp/issues/12482  for more details
WARNING: [youtube] iKx3gAODybU: Some web client https formats have been skipped as they are missing a url. YouTube is forcing SABR streaming for this client. See  https://github.com/yt-dlp/yt-dlp/issues/12482  for more details
WARNING: [youtube] vif8NQcjVf0: Some web client https formats have been skipped as they are missing a url. YouTube is forcing SABR streaming for this client. See  https://github.com/yt-dlp/yt-dlp/issues/12482  for more details
WARNING: [youtube] H9rF1CSSh-w: Some web client https formats have been skipped as they are missing a url. YouTube is forcing SABR streaming for this client. See  https://github.com/yt-dlp/yt-dlp/issues/12482  for more details
WARNING: [youtube] 1SJiTwbSI58: Some web client https formats have been skipped as they are missing a url. YouTube is forcing SABR streaming for this client. See  https://github.com/yt-dlp/yt-dlp/issues/12482  for more details
Deprecated Feature: Support for Python version 3.9 has been deprecated. Please update to Python 3.10 or above
WARNING: [youtube] FnJaDj5zUhY: Some web client https formats have been skipped as they are missing a url. YouTube is forcing SABR streaming for this client. See  https://github.com/yt-dlp/yt-dlp/issues/12482  for more details
WARNING: [youtube] 9qqLihL4AWk: Some web client https formats have been skipped as they are missing a url. YouTube is forcing SABR streaming for this client. See  https://github.com/yt-dlp/yt-dlp/issues/12482  for more details
WARNING: [youtube] k1z0e7bGzq0: Some web client https formats have been skipped as they are missing a url. YouTube is forcing SABR streaming for this client. See  https://github.com/yt-dlp/yt-dlp/issues/12482  for more details
WARNING: [youtube] X9k53P-2SOg: Some web client https formats have been skipped as they are missing a url. YouTube is forcing SABR streaming for this client. See  https://github.com/yt-dlp/yt-dlp/issues/12482  for more details
WARNING: [youtube] 6cCWrrQp1v4: Some web client https formats have been skipped as they are missing a url. YouTube is forcing SABR streaming for this client. See  https://github.com/yt-dlp/yt-dlp/issues/12482  for more details
Deprecated Feature: Support for Python version 3.9 has been deprecated. Please update to Python 3.10 or above
WARNING: [youtube] EIo3AuyvV84: Some web client https formats have been skipped as they are missing a url. YouTube is forcing SABR streaming for this client. See  https://github.com/yt-dlp/yt-dlp/issues/12482  for more details
WARNING: [youtube] GCpjy3TC8Pg: Some web client https formats have been skipped as they are missing a url. YouTube is forcing SABR streaming for this client. See  https://github.com/yt-dlp/yt-dlp/issues/12482  for more details
WARNING: [youtube] 10MdOvK-aG4: Some web client https formats have been skipped as they are missing a url. YouTube is forcing SABR streaming for this client. See  https://github.com/yt-dlp/yt-dlp/issues/12482  for more details
WARNING: [youtube] fpC4sbawSzQ: Some web client https formats have been skipped as they are missing a url. YouTube is forcing SABR streaming for this client. See  https://github.com/yt-dlp/yt-dlp/issues/12482  for more details
WARNING: [youtube] 9WQu7w1tII0: Some web client https formats have been skipped as they are missing a url. YouTube is forcing SABR streaming for this client. See  https://github.com/yt-dlp/yt-dlp/issues/12482  for more details
Deprecated Feature: Support for Python version 3.9 has been deprecated. Please update to Python 3.10 or above
WARNING: [youtube] d2dgJGkw5p0: Some web client https formats have been skipped as they are missing a url. YouTube is forcing SABR streaming for this client. See  https://github.com/yt-dlp/yt-dlp/issues/12482  for more details
WARNING: [youtube] _2LfgJq-1j0: Some web client https formats have been skipped as they are missing a url. YouTube is forcing SABR streaming for this client. See  https://github.com/yt-dlp/yt-dlp/issues/12482  for more details
WARNING: [youtube] rkCg7wR3_hI: Some web client https formats have been skipped as they are missing a url. YouTube is forcing SABR streaming for this client. See  https://github.com/yt-dlp/yt-dlp/issues/12482  for more details
WARNING: [youtube] jswwEyp3S5g: Some web client https formats have been skipped as they are missing a url. YouTube is forcing SABR streaming for this client. See  https://github.com/yt-dlp/yt-dlp/issues/12482  for more details
WARNING: [youtube] iBBOLjt8haY: Some web client https formats have been skipped as they are missing a url. YouTube is forcing SABR streaming for this client. See  https://github.com/yt-dlp/yt-dlp/issues/12482  for more details
Deprecated Feature: Support for Python version 3.9 has been deprecated. Please update to Python 3.10 or above
WARNING: [youtube] G9_2A8ahrKE: Some web client https formats have been skipped as they are missing a url. YouTube is forcing SABR streaming for this client. See  https://github.com/yt-dlp/yt-dlp/issues/12482  for more details
WARNING: [youtube] yUPJYuH19YM: Some web client https formats have been skipped as they are missing a url. YouTube is forcing SABR streaming for this client. See  https://github.com/yt-dlp/yt-dlp/issues/12482  for more details
WARNING: [youtube] mfwntOIhK_c: Some web client https formats have been skipped as they are missing a url. YouTube is forcing SABR streaming for this client. See  https://github.com/yt-dlp/yt-dlp/issues/12482  for more details
WARNING: [youtube] c4sRc5NhFjw: Some web client https formats have been skipped as they are missing a url. YouTube is forcing SABR streaming for this client. See  https://github.com/yt-dlp/yt-dlp/issues/12482  for more details
WARNING: [youtube] 4agDpr9obcs: Some web client https formats have been skipped as they are missing a url. YouTube is forcing SABR streaming for this client. See  https://github.com/yt-dlp/yt-dlp/issues/12482  for more details
Deprecated Feature: Support for Python version 3.9 has been deprecated. Please update to Python 3.10 or above
WARNING: [youtube] a4sq1CKPl0E: Some web client https formats have been skipped as they are missing a url. YouTube is forcing SABR streaming for this client. See  https://github.com/yt-dlp/yt-dlp/issues/12482  for more details
WARNING: [youtube] g3M3WaixeOw: Some web client https formats have been skipped as they are missing a url. YouTube is forcing SABR streaming for this client. See  https://github.com/yt-dlp/yt-dlp/issues/12482  for more details
WARNING: [youtube] -YwzCOVeLEE: Some web client https formats have been skipped as they are missing a url. YouTube is forcing SABR streaming for this client. See  https://github.com/yt-dlp/yt-dlp/issues/12482  for more details
WARNING: [youtube] wnM-6D2LGdg: Some web client https formats have been skipped as they are missing a url. YouTube is forcing SABR streaming for this client. See  https://github.com/yt-dlp/yt-dlp/issues/12482  for more details
WARNING: [youtube] rweUKs3vBV4: Some web client https formats have been skipped as they are missing a url. YouTube is forcing SABR streaming for this client. See  https://github.com/yt-dlp/yt-dlp/issues/12482  for more details
Deprecated Feature: Support for Python version 3.9 has been deprecated. Please update to Python 3.10 or above
WARNING: [youtube] YCWwh70FZtQ: Some web client https formats have been skipped as they are missing a url. YouTube is forcing SABR streaming for this client. See  https://github.com/yt-dlp/yt-dlp/issues/12482  for more details
WARNING: [youtube] D37Ijn2o5U0: Some web client https formats have been skipped as they are missing a url. YouTube is forcing SABR streaming for this client. See  https://github.com/yt-dlp/yt-dlp/issues/12482  for more details
WARNING: [youtube] oRZK7fcBQIg: Some web client https formats have been skipped as they are missing a url. YouTube is forcing SABR streaming for this client. See  https://github.com/yt-dlp/yt-dlp/issues/12482  for more details
WARNING: [youtube] IVGjBxqygmI: Some web client https formats have been skipped as they are missing a url. YouTube is forcing SABR streaming for this client. See  https://github.com/yt-dlp/yt-dlp/issues/12482  for more details
WARNING: [youtube] phOhGqpXss4: Some web client https formats have been skipped as they are missing a url. YouTube is forcing SABR streaming for this client. See  https://github.com/yt-dlp/yt-dlp/issues/12482  for more details
Deprecated Feature: Support for Python version 3.9 has been deprecated. Please update to Python 3.10 or above
WARNING: [youtube] DLP9CagE3dU: Some web client https formats have been skipped as they are missing a url. YouTube is forcing SABR streaming for this client. See  https://github.com/yt-dlp/yt-dlp/issues/12482  for more details
WARNING: [youtube] bH2nP-aCFjk: Some web client https formats have been skipped as they are missing a url. YouTube is forcing SABR streaming for this client. See  https://github.com/yt-dlp/yt-dlp/issues/12482  for more details
WARNING: [youtube] qGS9Ghnq1RU: Some web client https formats have been skipped as they are missing a url. YouTube is forcing SABR streaming for this client. See  https://github.com/yt-dlp/yt-dlp/issues/12482  for more details
WARNING: [youtube] bMmEEa8-6fU: Some web client https formats have been skipped as they are missing a url. YouTube is forcing SABR streaming for this client. See  https://github.com/yt-dlp/yt-dlp/issues/12482  for more details
WARNING: [youtube] D_FCYsshMI4: Some web client https formats have been skipped as they are missing a url. YouTube is forcing SABR streaming for this client. See  https://github.com/yt-dlp/yt-dlp/issues/12482  for more details
Deprecated Feature: Support for Python version 3.9 has been deprecated. Please update to Python 3.10 or above
WARNING: [youtube] zdAqvqhdVgU: Some web client https formats have been skipped as they are missing a url. YouTube is forcing SABR streaming for this client. See  https://github.com/yt-dlp/yt-dlp/issues/12482  for more details
WARNING: [youtube] Jg2jJH1K0o8: Some web client https formats have been skipped as they are missing a url. YouTube is forcing SABR streaming for this client. See  https://github.com/yt-dlp/yt-dlp/issues/12482  for more details
WARNING: [youtube] RCbJKkG_mZs: Some web client https formats have been skipped as they are missing a url. YouTube is forcing SABR streaming for this client. See  https://github.com/yt-dlp/yt-dlp/issues/12482  for more details
WARNING: [youtube] D8ohmtB8MdI: Some web client https formats have been skipped as they are missing a url. YouTube is forcing SABR streaming for this client. See  https://github.com/yt-dlp/yt-dlp/issues/12482  for more details
WARNING: [youtube] 4IM866W7yGc: Some web client https formats have been skipped as they are missing a url. YouTube is forcing SABR streaming for this client. See  https://github.com/yt-dlp/yt-dlp/issues/12482  for more details
Deprecated Feature: Support for Python version 3.9 has been deprecated. Please update to Python 3.10 or above
WARNING: [youtube] V-z0k5xu1hM: Some web client https formats have been skipped as they are missing a url. YouTube is forcing SABR streaming for this client. See  https://github.com/yt-dlp/yt-dlp/issues/12482  for more details
WARNING: [youtube] kwEtOyaFhCA: Some web client https formats have been skipped as they are missing a url. YouTube is forcing SABR streaming for this client. See  https://github.com/yt-dlp/yt-dlp/issues/12482  for more details
WARNING: [youtube] BTJGr78-zyw: Some web client https formats have been skipped as they are missing a url. YouTube is forcing SABR streaming for this client. See  https://github.com/yt-dlp/yt-dlp/issues/12482  for more details
WARNING: [youtube] NdU6UdUKaYc: Some web client https formats have been skipped as they are missing a url. YouTube is forcing SABR streaming for this client. See  https://github.com/yt-dlp/yt-dlp/issues/12482  for more details
WARNING: [youtube] jLFG_FZKbks: Some web client https formats have been skipped as they are missing a url. YouTube is forcing SABR streaming for this client. See  https://github.com/yt-dlp/yt-dlp/issues/12482  for more details
Deprecated Feature: Support for Python version 3.9 has been deprecated. Please update to Python 3.10 or above
WARNING: [youtube] eFeDpUVEy48: Some web client https formats have been skipped as they are missing a url. YouTube is forcing SABR streaming for this client. See  https://github.com/yt-dlp/yt-dlp/issues/12482  for more details
WARNING: [youtube] coX4duwUCpw: Some web client https formats have been skipped as they are missing a url. YouTube is forcing SABR streaming for this client. See  https://github.com/yt-dlp/yt-dlp/issues/12482  for more details
WARNING: [youtube] i9TvUGeTltE: Some web client https formats have been skipped as they are missing a url. YouTube is forcing SABR streaming for this client. See  https://github.com/yt-dlp/yt-dlp/issues/12482  for more details
WARNING: [youtube] 7YrdI7h2XoY: Some web client https formats have been skipped as they are missing a url. YouTube is forcing SABR streaming for this client. See  https://github.com/yt-dlp/yt-dlp/issues/12482  for more details
WARNING: [youtube] c347oYQO57A: Some web client https formats have been skipped as they are missing a url. YouTube is forcing SABR streaming for this client. See  https://github.com/yt-dlp/yt-dlp/issues/12482  for more details
Deprecated Feature: Support for Python version 3.9 has been deprecated. Please update to Python 3.10 or above
WARNING: [youtube] eFeDpUVEy48: Some web client https formats have been skipped as they are missing a url. YouTube is forcing SABR streaming for this client. See  https://github.com/yt-dlp/yt-dlp/issues/12482  for more details
WARNING: [youtube] coX4duwUCpw: Some web client https formats have been skipped as they are missing a url. YouTube is forcing SABR streaming for this client. See  https://github.com/yt-dlp/yt-dlp/issues/12482  for more details
WARNING: [youtube] i9TvUGeTltE: Some web client https formats have been skipped as they are missing a url. YouTube is forcing SABR streaming for this client. See  https://github.com/yt-dlp/yt-dlp/issues/12482  for more details
WARNING: [youtube] 7YrdI7h2XoY: Some web client https formats have been skipped as they are missing a url. YouTube is forcing SABR streaming for this client. See  https://github.com/yt-dlp/yt-dlp/issues/12482  for more details
WARNING: [youtube] c347oYQO57A: Some web client https formats have been skipped as they are missing a url. YouTube is forcing SABR streaming for this client. See  https://github.com/yt-dlp/yt-dlp/issues/12482  for more details
2026-05-16 04:07:08,962 [INFO] [MiniMax] 请求状态: 200, attempt=1
2026-05-16 04:07:08,964 [INFO] [MiniMax] 成功, 输出长度: 23
2026-05-16 04:07:08,966 [INFO] [translate_to_chinese] status=SUCCESS, len=23
2026-05-16 04:07:44,274 [INFO] [MiniMax] 请求状态: 200, attempt=1
2026-05-16 04:07:44,275 [INFO] [MiniMax] 成功, 输出长度: 3362
2026-05-16 04:07:44,277 [INFO] [generate_youtube_summary] status=SUCCESS, len=3362
2026-05-16 04:07:53,560 [INFO] [MiniMax] 请求状态: 200, attempt=1
2026-05-16 04:07:53,561 [INFO] [MiniMax] 成功, 输出长度: 32
2026-05-16 04:07:53,563 [INFO] [translate_to_chinese] status=SUCCESS, len=32
2026-05-16 04:08:51,119 [INFO] [MiniMax] 请求状态: 200, attempt=1
2026-05-16 04:08:51,119 [INFO] [MiniMax] 成功, 输出长度: 4401
2026-05-16 04:08:51,122 [INFO] [generate_youtube_summary] status=SUCCESS, len=4401
2026-05-16 04:09:00,160 [INFO] [MiniMax] 请求状态: 200, attempt=1
2026-05-16 04:09:00,161 [INFO] [MiniMax] 成功, 输出长度: 37
2026-05-16 04:09:00,164 [INFO] [translate_to_chinese] status=SUCCESS, len=37
2026-05-16 04:09:45,177 [INFO] [MiniMax] 请求状态: 200, attempt=1
2026-05-16 04:09:45,177 [INFO] [MiniMax] 成功, 输出长度: 2267
2026-05-16 04:09:45,180 [INFO] [generate_youtube_summary] status=SUCCESS, len=2267
2026-05-16 04:09:54,680 [INFO] [MiniMax] 请求状态: 200, attempt=1
2026-05-16 04:09:54,680 [INFO] [MiniMax] 成功, 输出长度: 18
2026-05-16 04:09:54,683 [INFO] [translate_to_chinese] status=SUCCESS, len=18
2026-05-16 04:10:33,265 [INFO] [MiniMax] 请求状态: 200, attempt=1
2026-05-16 04:10:33,265 [INFO] [MiniMax] 成功, 输出长度: 2565
2026-05-16 04:10:33,267 [INFO] [generate_youtube_summary] status=SUCCESS, len=2565
2026-05-16 04:10:51,881 [INFO] [MiniMax] 请求状态: 200, attempt=1
2026-05-16 04:10:51,881 [INFO] [MiniMax] 成功, 输出长度: 31
2026-05-16 04:10:51,882 [INFO] [translate_to_chinese] status=SUCCESS, len=31
2026-05-16 04:11:42,230 [INFO] [MiniMax] 请求状态: 200, attempt=1
2026-05-16 04:11:42,231 [INFO] [MiniMax] 成功, 输出长度: 3230
2026-05-16 04:11:42,233 [INFO] [generate_youtube_summary] status=SUCCESS, len=3230
2026-05-16 04:11:48,356 [INFO] [MiniMax] 请求状态: 200, attempt=1
2026-05-16 04:11:48,357 [INFO] [MiniMax] 成功, 输出长度: 35
2026-05-16 04:11:48,359 [INFO] [translate_to_chinese] status=SUCCESS, len=35
2026-05-16 04:12:13,789 [INFO] [MiniMax] 请求状态: 200, attempt=1
2026-05-16 04:12:13,791 [INFO] [MiniMax] 成功, 输出长度: 1895
2026-05-16 04:12:13,792 [INFO] [generate_youtube_summary] status=SUCCESS, len=1895
2026-05-16 04:12:20,206 [INFO] [MiniMax] 请求状态: 200, attempt=1
2026-05-16 04:12:20,207 [INFO] [MiniMax] 成功, 输出长度: 14
2026-05-16 04:12:20,209 [INFO] [translate_to_chinese] status=SUCCESS, len=14
2026-05-16 04:12:47,551 [INFO] [MiniMax] 请求状态: 200, attempt=1
2026-05-16 04:12:47,552 [INFO] [MiniMax] 成功, 输出长度: 1834
2026-05-16 04:12:47,555 [INFO] [generate_youtube_summary] status=SUCCESS, len=1834
2026-05-16 04:12:51,587 [INFO] [MiniMax] 请求状态: 200, attempt=1
2026-05-16 04:12:51,587 [INFO] [MiniMax] 成功, 输出长度: 26
2026-05-16 04:12:51,588 [INFO] [translate_to_chinese] status=SUCCESS, len=26
2026-05-16 04:13:32,118 [INFO] [MiniMax] 请求状态: 200, attempt=1
2026-05-16 04:13:32,120 [INFO] [MiniMax] 成功, 输出长度: 2763
2026-05-16 04:13:32,122 [INFO] [generate_youtube_summary] status=SUCCESS, len=2763
2026-05-16 04:13:44,139 [INFO] [MiniMax] 请求状态: 200, attempt=1
2026-05-16 04:13:44,141 [INFO] [MiniMax] 成功, 输出长度: 25
2026-05-16 04:13:44,143 [INFO] [translate_to_chinese] status=SUCCESS, len=25
2026-05-16 04:14:15,082 [INFO] [MiniMax] 请求状态: 200, attempt=1
2026-05-16 04:14:15,083 [INFO] [MiniMax] 成功, 输出长度: 2876
2026-05-16 04:14:15,085 [INFO] [generate_youtube_summary] status=SUCCESS, len=2876
2026-05-16 04:14:21,721 [INFO] [MiniMax] 请求状态: 200, attempt=1
2026-05-16 04:14:21,722 [INFO] [MiniMax] 成功, 输出长度: 17
2026-05-16 04:14:21,724 [INFO] [translate_to_chinese] status=SUCCESS, len=17
2026-05-16 04:14:47,451 [INFO] [MiniMax] 请求状态: 200, attempt=1
2026-05-16 04:14:47,451 [INFO] [MiniMax] 成功, 输出长度: 2209
2026-05-16 04:14:47,454 [INFO] [generate_youtube_summary] status=SUCCESS, len=2209
2026-05-16 04:14:55,358 [INFO] [MiniMax] 请求状态: 200, attempt=1
2026-05-16 04:14:55,359 [INFO] [MiniMax] 成功, 输出长度: 29
2026-05-16 04:14:55,360 [INFO] [translate_to_chinese] status=SUCCESS, len=29
2026-05-16 04:15:30,153 [INFO] [MiniMax] 请求状态: 200, attempt=1
2026-05-16 04:15:30,154 [INFO] [MiniMax] 成功, 输出长度: 2708
2026-05-16 04:15:30,155 [INFO] [generate_youtube_summary] status=SUCCESS, len=2708
2026-05-16 04:15:35,011 [INFO] [MiniMax] 请求状态: 200, attempt=1
2026-05-16 04:15:35,012 [INFO] [MiniMax] 成功, 输出长度: 19
2026-05-16 04:15:35,014 [INFO] [translate_to_chinese] status=SUCCESS, len=19
2026-05-16 04:16:29,729 [INFO] [MiniMax] 请求状态: 200, attempt=1
2026-05-16 04:16:29,730 [INFO] [MiniMax] 成功, 输出长度: 4094
2026-05-16 04:16:29,732 [INFO] [generate_youtube_summary] status=SUCCESS, len=4094
/Users/vincentnie/Library/Python/3.9/lib/python/site-packages/urllib3/__init__.py:35: NotOpenSSLWarning: urllib3 v2 only supports OpenSSL 1.1.1+, currently the 'ssl' module is compiled with 'LibreSSL 2.8.3'. See: https://github.com/urllib3/urllib3/issues/3020
  warnings.warn(
/Users/vincentnie/Library/Python/3.9/lib/python/site-packages/urllib3/__init__.py:35: NotOpenSSLWarning: urllib3 v2 only supports OpenSSL 1.1.1+, currently the 'ssl' module is compiled with 'LibreSSL 2.8.3'. See: https://github.com/urllib3/urllib3/issues/3020
  warnings.warn(
/Users/vincentnie/Library/Python/3.9/lib/python/site-packages/urllib3/connectionpool.py:1097: InsecureRequestWarning: Unverified HTTPS request is being made to host '127.0.0.1'. Adding certificate verification is strongly advised. See: https://urllib3.readthedocs.io/en/latest/advanced-usage.html#tls-warnings
  warnings.warn(
/Users/vincentnie/Library/Python/3.9/lib/python/site-packages/urllib3/connectionpool.py:1097: InsecureRequestWarning: Unverified HTTPS request is being made to host '127.0.0.1'. Adding certificate verification is strongly advised. See: https://urllib3.readthedocs.io/en/latest/advanced-usage.html#tls-warnings
  warnings.warn(
/Users/vincentnie/Library/Python/3.9/lib/python/site-packages/urllib3/connectionpool.py:1097: InsecureRequestWarning: Unverified HTTPS request is being made to host '127.0.0.1'. Adding certificate verification is strongly advised. See: https://urllib3.readthedocs.io/en/latest/advanced-usage.html#tls-warnings
  warnings.warn(
/Users/vincentnie/Library/Python/3.9/lib/python/site-packages/urllib3/connectionpool.py:1097: InsecureRequestWarning: Unverified HTTPS request is being made to host '127.0.0.1'. Adding certificate verification is strongly advised. See: https://urllib3.readthedocs.io/en/latest/advanced-usage.html#tls-warnings
  warnings.warn(
/Users/vincentnie/Library/Python/3.9/lib/python/site-packages/urllib3/connectionpool.py:1097: InsecureRequestWarning: Unverified HTTPS request is being made to host '127.0.0.1'. Adding certificate verification is strongly advised. See: https://urllib3.readthedocs.io/en/latest/advanced-usage.html#tls-warnings
  warnings.warn(
/Users/vincentnie/Library/Python/3.9/lib/python/site-packages/urllib3/connectionpool.py:1097: InsecureRequestWarning: Unverified HTTPS request is being made to host '127.0.0.1'. Adding certificate verification is strongly advised. See: https://urllib3.readthedocs.io/en/latest/advanced-usage.html#tls-warnings
  warnings.warn(
/Users/vincentnie/Library/Python/3.9/lib/python/site-packages/urllib3/connectionpool.py:1097: InsecureRequestWarning: Unverified HTTPS request is being made to host '127.0.0.1'. Adding certificate verification is strongly advised. See: https://urllib3.readthedocs.io/en/latest/advanced-usage.html#tls-warnings
  warnings.warn(
/Users/vincentnie/Library/Python/3.9/lib/python/site-packages/urllib3/connectionpool.py:1097: InsecureRequestWarning: Unverified HTTPS request is being made to host '127.0.0.1'. Adding certificate verification is strongly advised. See: https://urllib3.readthedocs.io/en/latest/advanced-usage.html#tls-warnings
  warnings.warn(
/Users/vincentnie/Library/Python/3.9/lib/python/site-packages/urllib3/connectionpool.py:1097: InsecureRequestWarning: Unverified HTTPS request is being made to host '127.0.0.1'. Adding certificate verification is strongly advised. See: https://urllib3.readthedocs.io/en/latest/advanced-usage.html#tls-warnings
  warnings.warn(
/Users/vincentnie/Library/Python/3.9/lib/python/site-packages/urllib3/connectionpool.py:1097: InsecureRequestWarning: Unverified HTTPS request is being made to host '127.0.0.1'. Adding certificate verification is strongly advised. See: https://urllib3.readthedocs.io/en/latest/advanced-usage.html#tls-warnings
  warnings.warn(
/Users/vincentnie/Library/Python/3.9/lib/python/site-packages/urllib3/connectionpool.py:1097: InsecureRequestWarning: Unverified HTTPS request is being made to host '127.0.0.1'. Adding certificate verification is strongly advised. See: https://urllib3.readthedocs.io/en/latest/advanced-usage.html#tls-warnings
  warnings.warn(
2026-05-17 04:02:34,070 [INFO] [MiniMax] 请求状态: 200, attempt=1
2026-05-17 04:02:34,071 [INFO] [MiniMax] 成功, 输出长度: 3174
2026-05-17 04:02:34,072 [INFO] [generate_podcast_summary] status=SUCCESS, len=3174
2026-05-17 04:03:34,847 [ERROR] [MiniMax] 请求异常: HTTPSConnectionPool(host='api.minimax.chat', port=443): Read timed out. (read timeout=60), attempt=1/3
2026-05-17 04:04:17,772 [INFO] [MiniMax] 请求状态: 200, attempt=2
2026-05-17 04:04:17,773 [INFO] [MiniMax] 成功, 输出长度: 2648
2026-05-17 04:04:17,773 [INFO] [generate_podcast_summary] status=SUCCESS, len=2648
2026-05-17 04:05:03,396 [INFO] [MiniMax] 请求状态: 200, attempt=1
2026-05-17 04:05:03,397 [INFO] [MiniMax] 成功, 输出长度: 3940
2026-05-17 04:05:03,399 [INFO] [generate_podcast_summary] status=SUCCESS, len=3940
/Users/vincentnie/Library/Python/3.9/lib/python/site-packages/urllib3/__init__.py:35: NotOpenSSLWarning: urllib3 v2 only supports OpenSSL 1.1.1+, currently the 'ssl' module is compiled with 'LibreSSL 2.8.3'. See: https://github.com/urllib3/urllib3/issues/3020
  warnings.warn(
Deprecated Feature: Support for Python version 3.9 has been deprecated. Please update to Python 3.10 or above
WARNING: [youtube] nepKKz-MzFM: Some web client https formats have been skipped as they are missing a url. YouTube is forcing SABR streaming for this client. See  https://github.com/yt-dlp/yt-dlp/issues/12482  for more details
WARNING: [youtube] iKx3gAODybU: Some web client https formats have been skipped as they are missing a url. YouTube is forcing SABR streaming for this client. See  https://github.com/yt-dlp/yt-dlp/issues/12482  for more details
WARNING: [youtube] vif8NQcjVf0: Some web client https formats have been skipped as they are missing a url. YouTube is forcing SABR streaming for this client. See  https://github.com/yt-dlp/yt-dlp/issues/12482  for more details
WARNING: [youtube] H9rF1CSSh-w: Some web client https formats have been skipped as they are missing a url. YouTube is forcing SABR streaming for this client. See  https://github.com/yt-dlp/yt-dlp/issues/12482  for more details
WARNING: [youtube] 1SJiTwbSI58: Some web client https formats have been skipped as they are missing a url. YouTube is forcing SABR streaming for this client. See  https://github.com/yt-dlp/yt-dlp/issues/12482  for more details
Deprecated Feature: Support for Python version 3.9 has been deprecated. Please update to Python 3.10 or above
WARNING: [youtube] FnJaDj5zUhY: Some web client https formats have been skipped as they are missing a url. YouTube is forcing SABR streaming for this client. See  https://github.com/yt-dlp/yt-dlp/issues/12482  for more details
WARNING: [youtube] 9qqLihL4AWk: Some web client https formats have been skipped as they are missing a url. YouTube is forcing SABR streaming for this client. See  https://github.com/yt-dlp/yt-dlp/issues/12482  for more details
WARNING: [youtube] k1z0e7bGzq0: Some web client https formats have been skipped as they are missing a url. YouTube is forcing SABR streaming for this client. See  https://github.com/yt-dlp/yt-dlp/issues/12482  for more details
WARNING: [youtube] X9k53P-2SOg: Some web client https formats have been skipped as they are missing a url. YouTube is forcing SABR streaming for this client. See  https://github.com/yt-dlp/yt-dlp/issues/12482  for more details
WARNING: [youtube] 6cCWrrQp1v4: Some web client https formats have been skipped as they are missing a url. YouTube is forcing SABR streaming for this client. See  https://github.com/yt-dlp/yt-dlp/issues/12482  for more details
Deprecated Feature: Support for Python version 3.9 has been deprecated. Please update to Python 3.10 or above
WARNING: [youtube] jJRAvZNGUvI: Some web client https formats have been skipped as they are missing a url. YouTube is forcing SABR streaming for this client. See  https://github.com/yt-dlp/yt-dlp/issues/12482  for more details
WARNING: [youtube] EIo3AuyvV84: Some web client https formats have been skipped as they are missing a url. YouTube is forcing SABR streaming for this client. See  https://github.com/yt-dlp/yt-dlp/issues/12482  for more details
WARNING: [youtube] GCpjy3TC8Pg: Some web client https formats have been skipped as they are missing a url. YouTube is forcing SABR streaming for this client. See  https://github.com/yt-dlp/yt-dlp/issues/12482  for more details
WARNING: [youtube] 10MdOvK-aG4: Some web client https formats have been skipped as they are missing a url. YouTube is forcing SABR streaming for this client. See  https://github.com/yt-dlp/yt-dlp/issues/12482  for more details
WARNING: [youtube] fpC4sbawSzQ: Some web client https formats have been skipped as they are missing a url. YouTube is forcing SABR streaming for this client. See  https://github.com/yt-dlp/yt-dlp/issues/12482  for more details
Deprecated Feature: Support for Python version 3.9 has been deprecated. Please update to Python 3.10 or above
WARNING: [youtube] d2dgJGkw5p0: Some web client https formats have been skipped as they are missing a url. YouTube is forcing SABR streaming for this client. See  https://github.com/yt-dlp/yt-dlp/issues/12482  for more details
WARNING: [youtube] _2LfgJq-1j0: Some web client https formats have been skipped as they are missing a url. YouTube is forcing SABR streaming for this client. See  https://github.com/yt-dlp/yt-dlp/issues/12482  for more details
WARNING: [youtube] rkCg7wR3_hI: Some web client https formats have been skipped as they are missing a url. YouTube is forcing SABR streaming for this client. See  https://github.com/yt-dlp/yt-dlp/issues/12482  for more details
WARNING: [youtube] jswwEyp3S5g: Some web client https formats have been skipped as they are missing a url. YouTube is forcing SABR streaming for this client. See  https://github.com/yt-dlp/yt-dlp/issues/12482  for more details
WARNING: [youtube] iBBOLjt8haY: Some web client https formats have been skipped as they are missing a url. YouTube is forcing SABR streaming for this client. See  https://github.com/yt-dlp/yt-dlp/issues/12482  for more details
Deprecated Feature: Support for Python version 3.9 has been deprecated. Please update to Python 3.10 or above
WARNING: [youtube] MaXbK4B8wHM: Some web client https formats have been skipped as they are missing a url. YouTube is forcing SABR streaming for this client. See  https://github.com/yt-dlp/yt-dlp/issues/12482  for more details
WARNING: [youtube] G9_2A8ahrKE: Some web client https formats have been skipped as they are missing a url. YouTube is forcing SABR streaming for this client. See  https://github.com/yt-dlp/yt-dlp/issues/12482  for more details
WARNING: [youtube] yUPJYuH19YM: Some web client https formats have been skipped as they are missing a url. YouTube is forcing SABR streaming for this client. See  https://github.com/yt-dlp/yt-dlp/issues/12482  for more details
WARNING: [youtube] mfwntOIhK_c: Some web client https formats have been skipped as they are missing a url. YouTube is forcing SABR streaming for this client. See  https://github.com/yt-dlp/yt-dlp/issues/12482  for more details
WARNING: [youtube] c4sRc5NhFjw: Some web client https formats have been skipped as they are missing a url. YouTube is forcing SABR streaming for this client. See  https://github.com/yt-dlp/yt-dlp/issues/12482  for more details
Deprecated Feature: Support for Python version 3.9 has been deprecated. Please update to Python 3.10 or above
WARNING: [youtube] a4sq1CKPl0E: Some web client https formats have been skipped as they are missing a url. YouTube is forcing SABR streaming for this client. See  https://github.com/yt-dlp/yt-dlp/issues/12482  for more details
WARNING: [youtube] g3M3WaixeOw: Some web client https formats have been skipped as they are missing a url. YouTube is forcing SABR streaming for this client. See  https://github.com/yt-dlp/yt-dlp/issues/12482  for more details
WARNING: [youtube] -YwzCOVeLEE: Some web client https formats have been skipped as they are missing a url. YouTube is forcing SABR streaming for this client. See  https://github.com/yt-dlp/yt-dlp/issues/12482  for more details
WARNING: [youtube] wnM-6D2LGdg: Some web client https formats have been skipped as they are missing a url. YouTube is forcing SABR streaming for this client. See  https://github.com/yt-dlp/yt-dlp/issues/12482  for more details
WARNING: [youtube] rweUKs3vBV4: Some web client https formats have been skipped as they are missing a url. YouTube is forcing SABR streaming for this client. See  https://github.com/yt-dlp/yt-dlp/issues/12482  for more details
Deprecated Feature: Support for Python version 3.9 has been deprecated. Please update to Python 3.10 or above
WARNING: [youtube] YCWwh70FZtQ: Some web client https formats have been skipped as they are missing a url. YouTube is forcing SABR streaming for this client. See  https://github.com/yt-dlp/yt-dlp/issues/12482  for more details
WARNING: [youtube] D37Ijn2o5U0: Some web client https formats have been skipped as they are missing a url. YouTube is forcing SABR streaming for this client. See  https://github.com/yt-dlp/yt-dlp/issues/12482  for more details
WARNING: [youtube] oRZK7fcBQIg: Some web client https formats have been skipped as they are missing a url. YouTube is forcing SABR streaming for this client. See  https://github.com/yt-dlp/yt-dlp/issues/12482  for more details
WARNING: [youtube] IVGjBxqygmI: Some web client https formats have been skipped as they are missing a url. YouTube is forcing SABR streaming for this client. See  https://github.com/yt-dlp/yt-dlp/issues/12482  for more details
WARNING: [youtube] phOhGqpXss4: Some web client https formats have been skipped as they are missing a url. YouTube is forcing SABR streaming for this client. See  https://github.com/yt-dlp/yt-dlp/issues/12482  for more details
Deprecated Feature: Support for Python version 3.9 has been deprecated. Please update to Python 3.10 or above
WARNING: [youtube] CaBXLZyaJYU: Some web client https formats have been skipped as they are missing a url. YouTube is forcing SABR streaming for this client. See  https://github.com/yt-dlp/yt-dlp/issues/12482  for more details
WARNING: [youtube] DLP9CagE3dU: Some web client https formats have been skipped as they are missing a url. YouTube is forcing SABR streaming for this client. See  https://github.com/yt-dlp/yt-dlp/issues/12482  for more details
WARNING: [youtube] bH2nP-aCFjk: Some web client https formats have been skipped as they are missing a url. YouTube is forcing SABR streaming for this client. See  https://github.com/yt-dlp/yt-dlp/issues/12482  for more details
WARNING: [youtube] qGS9Ghnq1RU: Some web client https formats have been skipped as they are missing a url. YouTube is forcing SABR streaming for this client. See  https://github.com/yt-dlp/yt-dlp/issues/12482  for more details
WARNING: [youtube] bMmEEa8-6fU: Some web client https formats have been skipped as they are missing a url. YouTube is forcing SABR streaming for this client. See  https://github.com/yt-dlp/yt-dlp/issues/12482  for more details
Deprecated Feature: Support for Python version 3.9 has been deprecated. Please update to Python 3.10 or above
WARNING: [youtube] 0hK__1vkqMg: Some web client https formats have been skipped as they are missing a url. YouTube is forcing SABR streaming for this client. See  https://github.com/yt-dlp/yt-dlp/issues/12482  for more details
WARNING: [youtube] zdAqvqhdVgU: Some web client https formats have been skipped as they are missing a url. YouTube is forcing SABR streaming for this client. See  https://github.com/yt-dlp/yt-dlp/issues/12482  for more details
WARNING: [youtube] Jg2jJH1K0o8: Some web client https formats have been skipped as they are missing a url. YouTube is forcing SABR streaming for this client. See  https://github.com/yt-dlp/yt-dlp/issues/12482  for more details
WARNING: [youtube] RCbJKkG_mZs: Some web client https formats have been skipped as they are missing a url. YouTube is forcing SABR streaming for this client. See  https://github.com/yt-dlp/yt-dlp/issues/12482  for more details
WARNING: [youtube] D8ohmtB8MdI: Some web client https formats have been skipped as they are missing a url. YouTube is forcing SABR streaming for this client. See  https://github.com/yt-dlp/yt-dlp/issues/12482  for more details
Deprecated Feature: Support for Python version 3.9 has been deprecated. Please update to Python 3.10 or above
WARNING: [youtube] V-z0k5xu1hM: Some web client https formats have been skipped as they are missing a url. YouTube is forcing SABR streaming for this client. See  https://github.com/yt-dlp/yt-dlp/issues/12482  for more details
WARNING: [youtube] kwEtOyaFhCA: Some web client https formats have been skipped as they are missing a url. YouTube is forcing SABR streaming for this client. See  https://github.com/yt-dlp/yt-dlp/issues/12482  for more details
WARNING: [youtube] BTJGr78-zyw: Some web client https formats have been skipped as they are missing a url. YouTube is forcing SABR streaming for this client. See  https://github.com/yt-dlp/yt-dlp/issues/12482  for more details
WARNING: [youtube] NdU6UdUKaYc: Some web client https formats have been skipped as they are missing a url. YouTube is forcing SABR streaming for this client. See  https://github.com/yt-dlp/yt-dlp/issues/12482  for more details
WARNING: [youtube] jLFG_FZKbks: Some web client https formats have been skipped as they are missing a url. YouTube is forcing SABR streaming for this client. See  https://github.com/yt-dlp/yt-dlp/issues/12482  for more details
Deprecated Feature: Support for Python version 3.9 has been deprecated. Please update to Python 3.10 or above
WARNING: [youtube] eFeDpUVEy48: Some web client https formats have been skipped as they are missing a url. YouTube is forcing SABR streaming for this client. See  https://github.com/yt-dlp/yt-dlp/issues/12482  for more details
WARNING: [youtube] coX4duwUCpw: Some web client https formats have been skipped as they are missing a url. YouTube is forcing SABR streaming for this client. See  https://github.com/yt-dlp/yt-dlp/issues/12482  for more details
WARNING: [youtube] i9TvUGeTltE: Some web client https formats have been skipped as they are missing a url. YouTube is forcing SABR streaming for this client. See  https://github.com/yt-dlp/yt-dlp/issues/12482  for more details
WARNING: [youtube] 7YrdI7h2XoY: Some web client https formats have been skipped as they are missing a url. YouTube is forcing SABR streaming for this client. See  https://github.com/yt-dlp/yt-dlp/issues/12482  for more details
WARNING: [youtube] c347oYQO57A: Some web client https formats have been skipped as they are missing a url. YouTube is forcing SABR streaming for this client. See  https://github.com/yt-dlp/yt-dlp/issues/12482  for more details
Deprecated Feature: Support for Python version 3.9 has been deprecated. Please update to Python 3.10 or above
WARNING: [youtube] eFeDpUVEy48: Some web client https formats have been skipped as they are missing a url. YouTube is forcing SABR streaming for this client. See  https://github.com/yt-dlp/yt-dlp/issues/12482  for more details
WARNING: [youtube] coX4duwUCpw: Some web client https formats have been skipped as they are missing a url. YouTube is forcing SABR streaming for this client. See  https://github.com/yt-dlp/yt-dlp/issues/12482  for more details
WARNING: [youtube] i9TvUGeTltE: Some web client https formats have been skipped as they are missing a url. YouTube is forcing SABR streaming for this client. See  https://github.com/yt-dlp/yt-dlp/issues/12482  for more details
WARNING: [youtube] 7YrdI7h2XoY: Some web client https formats have been skipped as they are missing a url. YouTube is forcing SABR streaming for this client. See  https://github.com/yt-dlp/yt-dlp/issues/12482  for more details
WARNING: [youtube] c347oYQO57A: Some web client https formats have been skipped as they are missing a url. YouTube is forcing SABR streaming for this client. See  https://github.com/yt-dlp/yt-dlp/issues/12482  for more details
2026-05-17 04:09:05,059 [INFO] [MiniMax] 请求状态: 200, attempt=1
2026-05-17 04:09:05,060 [INFO] [MiniMax] 成功, 输出长度: 20
2026-05-17 04:09:05,061 [INFO] [translate_to_chinese] status=SUCCESS, len=20
2026-05-17 04:09:38,784 [INFO] [MiniMax] 请求状态: 200, attempt=1
2026-05-17 04:09:38,784 [INFO] [MiniMax] 成功, 输出长度: 2577
2026-05-17 04:09:38,786 [INFO] [generate_youtube_summary] status=SUCCESS, len=2577
2026-05-17 04:09:46,500 [INFO] [MiniMax] 请求状态: 200, attempt=1
2026-05-17 04:09:46,501 [INFO] [MiniMax] 成功, 输出长度: 32
2026-05-17 04:09:46,503 [INFO] [translate_to_chinese] status=SUCCESS, len=32
2026-05-17 04:10:22,984 [INFO] [MiniMax] 请求状态: 200, attempt=1
2026-05-17 04:10:22,984 [INFO] [MiniMax] 成功, 输出长度: 2457
2026-05-17 04:10:22,987 [INFO] [generate_youtube_summary] status=SUCCESS, len=2457
2026-05-17 04:10:32,858 [INFO] [MiniMax] 请求状态: 200, attempt=1
2026-05-17 04:10:32,858 [INFO] [MiniMax] 成功, 输出长度: 70
2026-05-17 04:10:32,861 [INFO] [translate_to_chinese] status=SUCCESS, len=70
2026-05-17 04:11:10,367 [INFO] [MiniMax] 请求状态: 200, attempt=1
2026-05-17 04:11:10,369 [INFO] [MiniMax] 成功, 输出长度: 2511
2026-05-17 04:11:10,370 [INFO] [generate_youtube_summary] status=SUCCESS, len=2511
2026-05-17 04:11:15,143 [INFO] [MiniMax] 请求状态: 200, attempt=1
2026-05-17 04:11:15,143 [INFO] [MiniMax] 成功, 输出长度: 20
2026-05-17 04:11:15,146 [INFO] [translate_to_chinese] status=SUCCESS, len=20
2026-05-17 04:11:30,027 [INFO] [MiniMax] 请求状态: 200, attempt=1
2026-05-17 04:11:30,028 [INFO] [MiniMax] 成功, 输出长度: 1130
2026-05-17 04:11:30,030 [INFO] [generate_youtube_summary] status=SUCCESS, len=1130
2026-05-17 04:11:34,589 [INFO] [MiniMax] 请求状态: 200, attempt=1
2026-05-17 04:11:34,590 [INFO] [MiniMax] 成功, 输出长度: 15
2026-05-17 04:11:34,592 [INFO] [translate_to_chinese] status=SUCCESS, len=15
2026-05-17 04:12:02,658 [INFO] [MiniMax] 请求状态: 200, attempt=1
2026-05-17 04:12:02,659 [INFO] [MiniMax] 成功, 输出长度: 2070
2026-05-17 04:12:02,662 [INFO] [generate_youtube_summary] status=SUCCESS, len=2070
2026-05-17 04:12:07,360 [INFO] [MiniMax] 请求状态: 200, attempt=1
2026-05-17 04:12:07,361 [INFO] [MiniMax] 成功, 输出长度: 32
2026-05-17 04:12:07,362 [INFO] [translate_to_chinese] status=SUCCESS, len=32
2026-05-17 04:12:43,072 [INFO] [MiniMax] 请求状态: 200, attempt=1
2026-05-17 04:12:43,073 [INFO] [MiniMax] 成功, 输出长度: 2375
2026-05-17 04:12:43,075 [INFO] [generate_youtube_summary] status=SUCCESS, len=2375
2026-05-17 04:12:49,425 [INFO] [MiniMax] 请求状态: 200, attempt=1
2026-05-17 04:12:49,426 [INFO] [MiniMax] 成功, 输出长度: 29
2026-05-17 04:12:49,429 [INFO] [translate_to_chinese] status=SUCCESS, len=29
2026-05-17 04:13:36,004 [INFO] [MiniMax] 请求状态: 200, attempt=1
2026-05-17 04:13:36,005 [INFO] [MiniMax] 成功, 输出长度: 3121
2026-05-17 04:13:36,007 [INFO] [generate_youtube_summary] status=SUCCESS, len=3121
2026-05-17 04:13:41,875 [INFO] [MiniMax] 请求状态: 200, attempt=1
2026-05-17 04:13:41,876 [INFO] [MiniMax] 成功, 输出长度: 16
2026-05-17 04:13:41,877 [INFO] [translate_to_chinese] status=SUCCESS, len=16
2026-05-17 04:14:17,435 [INFO] [MiniMax] 请求状态: 200, attempt=1
2026-05-17 04:14:17,437 [INFO] [MiniMax] 成功, 输出长度: 2229
2026-05-17 04:14:17,438 [INFO] [generate_youtube_summary] status=SUCCESS, len=2229
2026-05-17 04:14:34,820 [INFO] [MiniMax] 请求状态: 200, attempt=1
2026-05-17 04:14:34,821 [INFO] [MiniMax] 成功, 输出长度: 32
2026-05-17 04:14:34,822 [INFO] [translate_to_chinese] status=SUCCESS, len=32
2026-05-17 04:15:02,448 [INFO] [MiniMax] 请求状态: 200, attempt=1
2026-05-17 04:15:02,450 [INFO] [MiniMax] 成功, 输出长度: 2361
2026-05-17 04:15:02,452 [INFO] [generate_youtube_summary] status=SUCCESS, len=2361
2026-05-17 04:15:11,023 [INFO] [MiniMax] 请求状态: 200, attempt=1
2026-05-17 04:15:11,023 [INFO] [MiniMax] 成功, 输出长度: 60
2026-05-17 04:15:11,025 [INFO] [translate_to_chinese] status=SUCCESS, len=60
2026-05-17 04:15:43,230 [INFO] [MiniMax] 请求状态: 200, attempt=1
2026-05-17 04:15:43,231 [INFO] [MiniMax] 成功, 输出长度: 2685
2026-05-17 04:15:43,233 [INFO] [generate_youtube_summary] status=SUCCESS, len=2685
/Users/vincentnie/Library/Python/3.9/lib/python/site-packages/urllib3/__init__.py:35: NotOpenSSLWarning: urllib3 v2 only supports OpenSSL 1.1.1+, currently the 'ssl' module is compiled with 'LibreSSL 2.8.3'. See: https://github.com/urllib3/urllib3/issues/3020
  warnings.warn(
/Users/vincentnie/Library/Python/3.9/lib/python/site-packages/urllib3/__init__.py:35: NotOpenSSLWarning: urllib3 v2 only supports OpenSSL 1.1.1+, currently the 'ssl' module is compiled with 'LibreSSL 2.8.3'. See: https://github.com/urllib3/urllib3/issues/3020
  warnings.warn(
/Users/vincentnie/Library/Python/3.9/lib/python/site-packages/urllib3/connectionpool.py:1097: InsecureRequestWarning: Unverified HTTPS request is being made to host '127.0.0.1'. Adding certificate verification is strongly advised. See: https://urllib3.readthedocs.io/en/latest/advanced-usage.html#tls-warnings
  warnings.warn(
/Users/vincentnie/Library/Python/3.9/lib/python/site-packages/urllib3/connectionpool.py:1097: InsecureRequestWarning: Unverified HTTPS request is being made to host '127.0.0.1'. Adding certificate verification is strongly advised. See: https://urllib3.readthedocs.io/en/latest/advanced-usage.html#tls-warnings
  warnings.warn(
/Users/vincentnie/Library/Python/3.9/lib/python/site-packages/urllib3/connectionpool.py:1097: InsecureRequestWarning: Unverified HTTPS request is being made to host '127.0.0.1'. Adding certificate verification is strongly advised. See: https://urllib3.readthedocs.io/en/latest/advanced-usage.html#tls-warnings
  warnings.warn(
/Users/vincentnie/Library/Python/3.9/lib/python/site-packages/urllib3/connectionpool.py:1097: InsecureRequestWarning: Unverified HTTPS request is being made to host '127.0.0.1'. Adding certificate verification is strongly advised. See: https://urllib3.readthedocs.io/en/latest/advanced-usage.html#tls-warnings
  warnings.warn(
/Users/vincentnie/Library/Python/3.9/lib/python/site-packages/urllib3/connectionpool.py:1097: InsecureRequestWarning: Unverified HTTPS request is being made to host '127.0.0.1'. Adding certificate verification is strongly advised. See: https://urllib3.readthedocs.io/en/latest/advanced-usage.html#tls-warnings
  warnings.warn(
/Users/vincentnie/Library/Python/3.9/lib/python/site-packages/urllib3/connectionpool.py:1097: InsecureRequestWarning: Unverified HTTPS request is being made to host '127.0.0.1'. Adding certificate verification is strongly advised. See: https://urllib3.readthedocs.io/en/latest/advanced-usage.html#tls-warnings
  warnings.warn(
/Users/vincentnie/Library/Python/3.9/lib/python/site-packages/urllib3/connectionpool.py:1097: InsecureRequestWarning: Unverified HTTPS request is being made to host '127.0.0.1'. Adding certificate verification is strongly advised. See: https://urllib3.readthedocs.io/en/latest/advanced-usage.html#tls-warnings
  warnings.warn(
/Users/vincentnie/Library/Python/3.9/lib/python/site-packages/urllib3/connectionpool.py:1097: InsecureRequestWarning: Unverified HTTPS request is being made to host '127.0.0.1'. Adding certificate verification is strongly advised. See: https://urllib3.readthedocs.io/en/latest/advanced-usage.html#tls-warnings
  warnings.warn(
/Users/vincentnie/Library/Python/3.9/lib/python/site-packages/urllib3/connectionpool.py:1097: InsecureRequestWarning: Unverified HTTPS request is being made to host '127.0.0.1'. Adding certificate verification is strongly advised. See: https://urllib3.readthedocs.io/en/latest/advanced-usage.html#tls-warnings
  warnings.warn(
/Users/vincentnie/Library/Python/3.9/lib/python/site-packages/urllib3/connectionpool.py:1097: InsecureRequestWarning: Unverified HTTPS request is being made to host '127.0.0.1'. Adding certificate verification is strongly advised. See: https://urllib3.readthedocs.io/en/latest/advanced-usage.html#tls-warnings
  warnings.warn(
/Users/vincentnie/Library/Python/3.9/lib/python/site-packages/urllib3/connectionpool.py:1097: InsecureRequestWarning: Unverified HTTPS request is being made to host '127.0.0.1'. Adding certificate verification is strongly advised. See: https://urllib3.readthedocs.io/en/latest/advanced-usage.html#tls-warnings
  warnings.warn(
2026-05-18 04:02:20,104 [INFO] [MiniMax] 请求状态: 200, attempt=1
2026-05-18 04:02:20,105 [INFO] [MiniMax] 成功, 输出长度: 1741
2026-05-18 04:02:20,107 [INFO] [generate_podcast_summary] status=SUCCESS, len=1741
/Users/vincentnie/Library/Python/3.9/lib/python/site-packages/urllib3/__init__.py:35: NotOpenSSLWarning: urllib3 v2 only supports OpenSSL 1.1.1+, currently the 'ssl' module is compiled with 'LibreSSL 2.8.3'. See: https://github.com/urllib3/urllib3/issues/3020
  warnings.warn(
Deprecated Feature: Support for Python version 3.9 has been deprecated. Please update to Python 3.10 or above
WARNING: [youtube] nepKKz-MzFM: Some web client https formats have been skipped as they are missing a url. YouTube is forcing SABR streaming for this client. See  https://github.com/yt-dlp/yt-dlp/issues/12482  for more details
WARNING: [youtube] iKx3gAODybU: Some web client https formats have been skipped as they are missing a url. YouTube is forcing SABR streaming for this client. See  https://github.com/yt-dlp/yt-dlp/issues/12482  for more details
WARNING: [youtube] vif8NQcjVf0: Some web client https formats have been skipped as they are missing a url. YouTube is forcing SABR streaming for this client. See  https://github.com/yt-dlp/yt-dlp/issues/12482  for more details
WARNING: [youtube] H9rF1CSSh-w: Some web client https formats have been skipped as they are missing a url. YouTube is forcing SABR streaming for this client. See  https://github.com/yt-dlp/yt-dlp/issues/12482  for more details
WARNING: [youtube] 1SJiTwbSI58: Some web client https formats have been skipped as they are missing a url. YouTube is forcing SABR streaming for this client. See  https://github.com/yt-dlp/yt-dlp/issues/12482  for more details
Deprecated Feature: Support for Python version 3.9 has been deprecated. Please update to Python 3.10 or above
WARNING: [youtube] FnJaDj5zUhY: Some web client https formats have been skipped as they are missing a url. YouTube is forcing SABR streaming for this client. See  https://github.com/yt-dlp/yt-dlp/issues/12482  for more details
WARNING: [youtube] 9qqLihL4AWk: Some web client https formats have been skipped as they are missing a url. YouTube is forcing SABR streaming for this client. See  https://github.com/yt-dlp/yt-dlp/issues/12482  for more details
WARNING: [youtube] k1z0e7bGzq0: Some web client https formats have been skipped as they are missing a url. YouTube is forcing SABR streaming for this client. See  https://github.com/yt-dlp/yt-dlp/issues/12482  for more details
WARNING: [youtube] X9k53P-2SOg: Some web client https formats have been skipped as they are missing a url. YouTube is forcing SABR streaming for this client. See  https://github.com/yt-dlp/yt-dlp/issues/12482  for more details
WARNING: [youtube] 6cCWrrQp1v4: Some web client https formats have been skipped as they are missing a url. YouTube is forcing SABR streaming for this client. See  https://github.com/yt-dlp/yt-dlp/issues/12482  for more details
Deprecated Feature: Support for Python version 3.9 has been deprecated. Please update to Python 3.10 or above
WARNING: [youtube] jJRAvZNGUvI: Some web client https formats have been skipped as they are missing a url. YouTube is forcing SABR streaming for this client. See  https://github.com/yt-dlp/yt-dlp/issues/12482  for more details
WARNING: [youtube] EIo3AuyvV84: Some web client https formats have been skipped as they are missing a url. YouTube is forcing SABR streaming for this client. See  https://github.com/yt-dlp/yt-dlp/issues/12482  for more details
WARNING: [youtube] GCpjy3TC8Pg: Some web client https formats have been skipped as they are missing a url. YouTube is forcing SABR streaming for this client. See  https://github.com/yt-dlp/yt-dlp/issues/12482  for more details
WARNING: [youtube] 10MdOvK-aG4: Some web client https formats have been skipped as they are missing a url. YouTube is forcing SABR streaming for this client. See  https://github.com/yt-dlp/yt-dlp/issues/12482  for more details
WARNING: [youtube] fpC4sbawSzQ: Some web client https formats have been skipped as they are missing a url. YouTube is forcing SABR streaming for this client. See  https://github.com/yt-dlp/yt-dlp/issues/12482  for more details
Deprecated Feature: Support for Python version 3.9 has been deprecated. Please update to Python 3.10 or above
WARNING: [youtube] d2dgJGkw5p0: Some web client https formats have been skipped as they are missing a url. YouTube is forcing SABR streaming for this client. See  https://github.com/yt-dlp/yt-dlp/issues/12482  for more details
WARNING: [youtube] _2LfgJq-1j0: Some web client https formats have been skipped as they are missing a url. YouTube is forcing SABR streaming for this client. See  https://github.com/yt-dlp/yt-dlp/issues/12482  for more details
WARNING: [youtube] rkCg7wR3_hI: Some web client https formats have been skipped as they are missing a url. YouTube is forcing SABR streaming for this client. See  https://github.com/yt-dlp/yt-dlp/issues/12482  for more details
WARNING: [youtube] jswwEyp3S5g: Some web client https formats have been skipped as they are missing a url. YouTube is forcing SABR streaming for this client. See  https://github.com/yt-dlp/yt-dlp/issues/12482  for more details
WARNING: [youtube] iBBOLjt8haY: Some web client https formats have been skipped as they are missing a url. YouTube is forcing SABR streaming for this client. See  https://github.com/yt-dlp/yt-dlp/issues/12482  for more details
Deprecated Feature: Support for Python version 3.9 has been deprecated. Please update to Python 3.10 or above
WARNING: [youtube] RNplRKey4vE: Some web client https formats have been skipped as they are missing a url. YouTube is forcing SABR streaming for this client. See  https://github.com/yt-dlp/yt-dlp/issues/12482  for more details
WARNING: [youtube] MaXbK4B8wHM: Some web client https formats have been skipped as they are missing a url. YouTube is forcing SABR streaming for this client. See  https://github.com/yt-dlp/yt-dlp/issues/12482  for more details
WARNING: [youtube] G9_2A8ahrKE: Some web client https formats have been skipped as they are missing a url. YouTube is forcing SABR streaming for this client. See  https://github.com/yt-dlp/yt-dlp/issues/12482  for more details
WARNING: [youtube] yUPJYuH19YM: Some web client https formats have been skipped as they are missing a url. YouTube is forcing SABR streaming for this client. See  https://github.com/yt-dlp/yt-dlp/issues/12482  for more details
WARNING: [youtube] mfwntOIhK_c: Some web client https formats have been skipped as they are missing a url. YouTube is forcing SABR streaming for this client. See  https://github.com/yt-dlp/yt-dlp/issues/12482  for more details
Deprecated Feature: Support for Python version 3.9 has been deprecated. Please update to Python 3.10 or above
WARNING: [youtube] BmXvb1UOhgY: Some web client https formats have been skipped as they are missing a url. YouTube is forcing SABR streaming for this client. See  https://github.com/yt-dlp/yt-dlp/issues/12482  for more details
WARNING: [youtube] a4sq1CKPl0E: Some web client https formats have been skipped as they are missing a url. YouTube is forcing SABR streaming for this client. See  https://github.com/yt-dlp/yt-dlp/issues/12482  for more details
WARNING: [youtube] g3M3WaixeOw: Some web client https formats have been skipped as they are missing a url. YouTube is forcing SABR streaming for this client. See  https://github.com/yt-dlp/yt-dlp/issues/12482  for more details
WARNING: [youtube] -YwzCOVeLEE: Some web client https formats have been skipped as they are missing a url. YouTube is forcing SABR streaming for this client. See  https://github.com/yt-dlp/yt-dlp/issues/12482  for more details
WARNING: [youtube] wnM-6D2LGdg: Some web client https formats have been skipped as they are missing a url. YouTube is forcing SABR streaming for this client. See  https://github.com/yt-dlp/yt-dlp/issues/12482  for more details
Deprecated Feature: Support for Python version 3.9 has been deprecated. Please update to Python 3.10 or above
WARNING: [youtube] SbrEk_tXZaE: Some web client https formats have been skipped as they are missing a url. YouTube is forcing SABR streaming for this client. See  https://github.com/yt-dlp/yt-dlp/issues/12482  for more details
WARNING: [youtube] YCWwh70FZtQ: Some web client https formats have been skipped as they are missing a url. YouTube is forcing SABR streaming for this client. See  https://github.com/yt-dlp/yt-dlp/issues/12482  for more details
WARNING: [youtube] D37Ijn2o5U0: Some web client https formats have been skipped as they are missing a url. YouTube is forcing SABR streaming for this client. See  https://github.com/yt-dlp/yt-dlp/issues/12482  for more details
WARNING: [youtube] oRZK7fcBQIg: Some web client https formats have been skipped as they are missing a url. YouTube is forcing SABR streaming for this client. See  https://github.com/yt-dlp/yt-dlp/issues/12482  for more details
WARNING: [youtube] IVGjBxqygmI: Some web client https formats have been skipped as they are missing a url. YouTube is forcing SABR streaming for this client. See  https://github.com/yt-dlp/yt-dlp/issues/12482  for more details
Deprecated Feature: Support for Python version 3.9 has been deprecated. Please update to Python 3.10 or above
WARNING: [youtube] CaBXLZyaJYU: Some web client https formats have been skipped as they are missing a url. YouTube is forcing SABR streaming for this client. See  https://github.com/yt-dlp/yt-dlp/issues/12482  for more details
WARNING: [youtube] DLP9CagE3dU: Some web client https formats have been skipped as they are missing a url. YouTube is forcing SABR streaming for this client. See  https://github.com/yt-dlp/yt-dlp/issues/12482  for more details
WARNING: [youtube] bH2nP-aCFjk: Some web client https formats have been skipped as they are missing a url. YouTube is forcing SABR streaming for this client. See  https://github.com/yt-dlp/yt-dlp/issues/12482  for more details
WARNING: [youtube] qGS9Ghnq1RU: Some web client https formats have been skipped as they are missing a url. YouTube is forcing SABR streaming for this client. See  https://github.com/yt-dlp/yt-dlp/issues/12482  for more details
WARNING: [youtube] bMmEEa8-6fU: Some web client https formats have been skipped as they are missing a url. YouTube is forcing SABR streaming for this client. See  https://github.com/yt-dlp/yt-dlp/issues/12482  for more details
Deprecated Feature: Support for Python version 3.9 has been deprecated. Please update to Python 3.10 or above
WARNING: [youtube] 0hK__1vkqMg: Some web client https formats have been skipped as they are missing a url. YouTube is forcing SABR streaming for this client. See  https://github.com/yt-dlp/yt-dlp/issues/12482  for more details
WARNING: [youtube] zdAqvqhdVgU: Some web client https formats have been skipped as they are missing a url. YouTube is forcing SABR streaming for this client. See  https://github.com/yt-dlp/yt-dlp/issues/12482  for more details
WARNING: [youtube] Jg2jJH1K0o8: Some web client https formats have been skipped as they are missing a url. YouTube is forcing SABR streaming for this client. See  https://github.com/yt-dlp/yt-dlp/issues/12482  for more details
WARNING: [youtube] RCbJKkG_mZs: Some web client https formats have been skipped as they are missing a url. YouTube is forcing SABR streaming for this client. See  https://github.com/yt-dlp/yt-dlp/issues/12482  for more details
WARNING: [youtube] D8ohmtB8MdI: Some web client https formats have been skipped as they are missing a url. YouTube is forcing SABR streaming for this client. See  https://github.com/yt-dlp/yt-dlp/issues/12482  for more details
Deprecated Feature: Support for Python version 3.9 has been deprecated. Please update to Python 3.10 or above
WARNING: [youtube] V-z0k5xu1hM: Some web client https formats have been skipped as they are missing a url. YouTube is forcing SABR streaming for this client. See  https://github.com/yt-dlp/yt-dlp/issues/12482  for more details
WARNING: [youtube] kwEtOyaFhCA: Some web client https formats have been skipped as they are missing a url. YouTube is forcing SABR streaming for this client. See  https://github.com/yt-dlp/yt-dlp/issues/12482  for more details
WARNING: [youtube] BTJGr78-zyw: Some web client https formats have been skipped as they are missing a url. YouTube is forcing SABR streaming for this client. See  https://github.com/yt-dlp/yt-dlp/issues/12482  for more details
WARNING: [youtube] NdU6UdUKaYc: Some web client https formats have been skipped as they are missing a url. YouTube is forcing SABR streaming for this client. See  https://github.com/yt-dlp/yt-dlp/issues/12482  for more details
WARNING: [youtube] jLFG_FZKbks: Some web client https formats have been skipped as they are missing a url. YouTube is forcing SABR streaming for this client. See  https://github.com/yt-dlp/yt-dlp/issues/12482  for more details
Deprecated Feature: Support for Python version 3.9 has been deprecated. Please update to Python 3.10 or above
WARNING: [youtube] eFeDpUVEy48: Some web client https formats have been skipped as they are missing a url. YouTube is forcing SABR streaming for this client. See  https://github.com/yt-dlp/yt-dlp/issues/12482  for more details
WARNING: [youtube] coX4duwUCpw: Some web client https formats have been skipped as they are missing a url. YouTube is forcing SABR streaming for this client. See  https://github.com/yt-dlp/yt-dlp/issues/12482  for more details
WARNING: [youtube] i9TvUGeTltE: Some web client https formats have been skipped as they are missing a url. YouTube is forcing SABR streaming for this client. See  https://github.com/yt-dlp/yt-dlp/issues/12482  for more details
WARNING: [youtube] 7YrdI7h2XoY: Some web client https formats have been skipped as they are missing a url. YouTube is forcing SABR streaming for this client. See  https://github.com/yt-dlp/yt-dlp/issues/12482  for more details
WARNING: [youtube] c347oYQO57A: Some web client https formats have been skipped as they are missing a url. YouTube is forcing SABR streaming for this client. See  https://github.com/yt-dlp/yt-dlp/issues/12482  for more details
Deprecated Feature: Support for Python version 3.9 has been deprecated. Please update to Python 3.10 or above
WARNING: [youtube] eFeDpUVEy48: Some web client https formats have been skipped as they are missing a url. YouTube is forcing SABR streaming for this client. See  https://github.com/yt-dlp/yt-dlp/issues/12482  for more details
WARNING: [youtube] coX4duwUCpw: Some web client https formats have been skipped as they are missing a url. YouTube is forcing SABR streaming for this client. See  https://github.com/yt-dlp/yt-dlp/issues/12482  for more details
WARNING: [youtube] i9TvUGeTltE: Some web client https formats have been skipped as they are missing a url. YouTube is forcing SABR streaming for this client. See  https://github.com/yt-dlp/yt-dlp/issues/12482  for more details
WARNING: [youtube] 7YrdI7h2XoY: Some web client https formats have been skipped as they are missing a url. YouTube is forcing SABR streaming for this client. See  https://github.com/yt-dlp/yt-dlp/issues/12482  for more details
WARNING: [youtube] c347oYQO57A: Some web client https formats have been skipped as they are missing a url. YouTube is forcing SABR streaming for this client. See  https://github.com/yt-dlp/yt-dlp/issues/12482  for more details
2026-05-18 04:06:23,529 [INFO] [MiniMax] 请求状态: 200, attempt=1
2026-05-18 04:06:23,530 [INFO] [MiniMax] 成功, 输出长度: 21
2026-05-18 04:06:23,533 [INFO] [translate_to_chinese] status=SUCCESS, len=21
2026-05-18 04:07:00,655 [INFO] [MiniMax] 请求状态: 200, attempt=1
2026-05-18 04:07:00,657 [INFO] [MiniMax] 成功, 输出长度: 2712
2026-05-18 04:07:00,658 [INFO] [generate_youtube_summary] status=SUCCESS, len=2712
2026-05-18 04:07:08,551 [INFO] [MiniMax] 请求状态: 200, attempt=1
2026-05-18 04:07:08,551 [INFO] [MiniMax] 成功, 输出长度: 28
2026-05-18 04:07:08,553 [INFO] [translate_to_chinese] status=SUCCESS, len=28
2026-05-18 04:07:42,823 [INFO] [MiniMax] 请求状态: 200, attempt=1
2026-05-18 04:07:42,823 [INFO] [MiniMax] 成功, 输出长度: 2696
2026-05-18 04:07:42,824 [INFO] [generate_youtube_summary] status=SUCCESS, len=2696
2026-05-18 04:07:49,727 [INFO] [MiniMax] 请求状态: 200, attempt=1
2026-05-18 04:07:49,729 [INFO] [MiniMax] 成功, 输出长度: 37
2026-05-18 04:07:49,730 [INFO] [translate_to_chinese] status=SUCCESS, len=37
2026-05-18 04:08:29,470 [INFO] [MiniMax] 请求状态: 200, attempt=1
2026-05-18 04:08:29,472 [INFO] [MiniMax] 成功, 输出长度: 3511
2026-05-18 04:08:29,474 [INFO] [generate_youtube_summary] status=SUCCESS, len=3511
2026-05-18 04:08:36,630 [INFO] [MiniMax] 请求状态: 200, attempt=1
2026-05-18 04:08:36,630 [INFO] [MiniMax] 成功, 输出长度: 30
2026-05-18 04:08:36,631 [INFO] [translate_to_chinese] status=SUCCESS, len=30
2026-05-18 04:09:08,650 [INFO] [MiniMax] 请求状态: 200, attempt=1
2026-05-18 04:09:08,652 [INFO] [MiniMax] 成功, 输出长度: 2538
2026-05-18 04:09:08,655 [INFO] [generate_youtube_summary] status=SUCCESS, len=2538
2026-05-18 04:09:14,309 [INFO] [MiniMax] 请求状态: 200, attempt=1
2026-05-18 04:09:14,309 [INFO] [MiniMax] 成功, 输出长度: 15
2026-05-18 04:09:14,311 [INFO] [translate_to_chinese] status=SUCCESS, len=15
2026-05-18 04:09:51,112 [INFO] [MiniMax] 请求状态: 200, attempt=1
2026-05-18 04:09:51,113 [INFO] [MiniMax] 成功, 输出长度: 1649
2026-05-18 04:09:51,115 [INFO] [generate_youtube_summary] status=SUCCESS, len=1649
2026-05-18 04:09:54,348 [INFO] [MiniMax] 请求状态: 200, attempt=1
2026-05-18 04:09:54,349 [INFO] [MiniMax] 成功, 输出长度: 31
2026-05-18 04:09:54,350 [INFO] [translate_to_chinese] status=SUCCESS, len=31
2026-05-18 04:10:25,069 [INFO] [MiniMax] 请求状态: 200, attempt=1
2026-05-18 04:10:25,070 [INFO] [MiniMax] 成功, 输出长度: 2798
2026-05-18 04:10:25,072 [INFO] [generate_youtube_summary] status=SUCCESS, len=2798
2026-05-18 04:10:29,555 [INFO] [MiniMax] 请求状态: 200, attempt=1
2026-05-18 04:10:29,556 [INFO] [MiniMax] 成功, 输出长度: 18
2026-05-18 04:10:29,558 [INFO] [translate_to_chinese] status=SUCCESS, len=18
2026-05-18 04:11:25,229 [INFO] [MiniMax] 请求状态: 200, attempt=1
2026-05-18 04:11:25,231 [INFO] [MiniMax] 成功, 输出长度: 2804
2026-05-18 04:11:25,233 [INFO] [generate_youtube_summary] status=SUCCESS, len=2804
2026-05-18 04:11:29,342 [INFO] [MiniMax] 请求状态: 200, attempt=1
2026-05-18 04:11:29,343 [INFO] [MiniMax] 成功, 输出长度: 25
2026-05-18 04:11:29,345 [INFO] [translate_to_chinese] status=SUCCESS, len=25
2026-05-18 04:11:53,406 [INFO] [MiniMax] 请求状态: 200, attempt=1
2026-05-18 04:11:53,407 [INFO] [MiniMax] 成功, 输出长度: 1843
2026-05-18 04:11:53,409 [INFO] [generate_youtube_summary] status=SUCCESS, len=1843
2026-05-18 04:12:01,612 [INFO] [MiniMax] 请求状态: 200, attempt=1
2026-05-18 04:12:01,613 [INFO] [MiniMax] 成功, 输出长度: 16
2026-05-18 04:12:01,614 [INFO] [translate_to_chinese] status=SUCCESS, len=16
2026-05-18 04:12:43,549 [INFO] [MiniMax] 请求状态: 200, attempt=1
2026-05-18 04:12:43,550 [INFO] [MiniMax] 成功, 输出长度: 3410
2026-05-18 04:12:43,552 [INFO] [generate_youtube_summary] status=SUCCESS, len=3410
/Users/vincentnie/Library/Python/3.9/lib/python/site-packages/urllib3/__init__.py:35: NotOpenSSLWarning: urllib3 v2 only supports OpenSSL 1.1.1+, currently the 'ssl' module is compiled with 'LibreSSL 2.8.3'. See: https://github.com/urllib3/urllib3/issues/3020
  warnings.warn(
/Users/vincentnie/Library/Python/3.9/lib/python/site-packages/urllib3/__init__.py:35: NotOpenSSLWarning: urllib3 v2 only supports OpenSSL 1.1.1+, currently the 'ssl' module is compiled with 'LibreSSL 2.8.3'. See: https://github.com/urllib3/urllib3/issues/3020
  warnings.warn(
/Users/vincentnie/Library/Python/3.9/lib/python/site-packages/urllib3/connectionpool.py:1097: InsecureRequestWarning: Unverified HTTPS request is being made to host '127.0.0.1'. Adding certificate verification is strongly advised. See: https://urllib3.readthedocs.io/en/latest/advanced-usage.html#tls-warnings
  warnings.warn(
/Users/vincentnie/Library/Python/3.9/lib/python/site-packages/urllib3/connectionpool.py:1097: InsecureRequestWarning: Unverified HTTPS request is being made to host '127.0.0.1'. Adding certificate verification is strongly advised. See: https://urllib3.readthedocs.io/en/latest/advanced-usage.html#tls-warnings
  warnings.warn(
/Users/vincentnie/Library/Python/3.9/lib/python/site-packages/urllib3/connectionpool.py:1097: InsecureRequestWarning: Unverified HTTPS request is being made to host '127.0.0.1'. Adding certificate verification is strongly advised. See: https://urllib3.readthedocs.io/en/latest/advanced-usage.html#tls-warnings
  warnings.warn(
/Users/vincentnie/Library/Python/3.9/lib/python/site-packages/urllib3/connectionpool.py:1097: InsecureRequestWarning: Unverified HTTPS request is being made to host '127.0.0.1'. Adding certificate verification is strongly advised. See: https://urllib3.readthedocs.io/en/latest/advanced-usage.html#tls-warnings
  warnings.warn(
/Users/vincentnie/Library/Python/3.9/lib/python/site-packages/urllib3/connectionpool.py:1097: InsecureRequestWarning: Unverified HTTPS request is being made to host '127.0.0.1'. Adding certificate verification is strongly advised. See: https://urllib3.readthedocs.io/en/latest/advanced-usage.html#tls-warnings
  warnings.warn(
/Users/vincentnie/Library/Python/3.9/lib/python/site-packages/urllib3/connectionpool.py:1097: InsecureRequestWarning: Unverified HTTPS request is being made to host '127.0.0.1'. Adding certificate verification is strongly advised. See: https://urllib3.readthedocs.io/en/latest/advanced-usage.html#tls-warnings
  warnings.warn(
/Users/vincentnie/Library/Python/3.9/lib/python/site-packages/urllib3/connectionpool.py:1097: InsecureRequestWarning: Unverified HTTPS request is being made to host '127.0.0.1'. Adding certificate verification is strongly advised. See: https://urllib3.readthedocs.io/en/latest/advanced-usage.html#tls-warnings
  warnings.warn(
/Users/vincentnie/Library/Python/3.9/lib/python/site-packages/urllib3/connectionpool.py:1097: InsecureRequestWarning: Unverified HTTPS request is being made to host '127.0.0.1'. Adding certificate verification is strongly advised. See: https://urllib3.readthedocs.io/en/latest/advanced-usage.html#tls-warnings
  warnings.warn(
/Users/vincentnie/Library/Python/3.9/lib/python/site-packages/urllib3/connectionpool.py:1097: InsecureRequestWarning: Unverified HTTPS request is being made to host '127.0.0.1'. Adding certificate verification is strongly advised. See: https://urllib3.readthedocs.io/en/latest/advanced-usage.html#tls-warnings
  warnings.warn(
/Users/vincentnie/Library/Python/3.9/lib/python/site-packages/urllib3/connectionpool.py:1097: InsecureRequestWarning: Unverified HTTPS request is being made to host '127.0.0.1'. Adding certificate verification is strongly advised. See: https://urllib3.readthedocs.io/en/latest/advanced-usage.html#tls-warnings
  warnings.warn(
/Users/vincentnie/Library/Python/3.9/lib/python/site-packages/urllib3/connectionpool.py:1097: InsecureRequestWarning: Unverified HTTPS request is being made to host '127.0.0.1'. Adding certificate verification is strongly advised. See: https://urllib3.readthedocs.io/en/latest/advanced-usage.html#tls-warnings
  warnings.warn(
2026-05-19 04:01:59,112 [INFO] [MiniMax] 请求状态: 200, attempt=1
2026-05-19 04:01:59,114 [INFO] [MiniMax] 成功, 输出长度: 1927
2026-05-19 04:01:59,116 [INFO] [generate_podcast_summary] status=SUCCESS, len=1927
2026-05-19 04:02:57,252 [INFO] [MiniMax] 请求状态: 200, attempt=1
2026-05-19 04:02:57,253 [INFO] [MiniMax] 成功, 输出长度: 2677
2026-05-19 04:02:57,255 [INFO] [generate_podcast_summary] status=SUCCESS, len=2677
2026-05-19 04:03:27,641 [INFO] [MiniMax] 请求状态: 200, attempt=1
2026-05-19 04:03:27,642 [INFO] [MiniMax] 成功, 输出长度: 1776
2026-05-19 04:03:27,644 [INFO] [generate_podcast_summary] status=SUCCESS, len=1776
2026-05-19 04:04:25,677 [INFO] [MiniMax] 请求状态: 200, attempt=1
2026-05-19 04:04:25,678 [INFO] [MiniMax] 成功, 输出长度: 3352
2026-05-19 04:04:25,679 [INFO] [generate_podcast_summary] status=SUCCESS, len=3352
/Users/vincentnie/Library/Python/3.9/lib/python/site-packages/urllib3/__init__.py:35: NotOpenSSLWarning: urllib3 v2 only supports OpenSSL 1.1.1+, currently the 'ssl' module is compiled with 'LibreSSL 2.8.3'. See: https://github.com/urllib3/urllib3/issues/3020
  warnings.warn(
Deprecated Feature: Support for Python version 3.9 has been deprecated. Please update to Python 3.10 or above
WARNING: [youtube] nepKKz-MzFM: Some web client https formats have been skipped as they are missing a url. YouTube is forcing SABR streaming for this client. See  https://github.com/yt-dlp/yt-dlp/issues/12482  for more details
WARNING: [youtube] iKx3gAODybU: Some web client https formats have been skipped as they are missing a url. YouTube is forcing SABR streaming for this client. See  https://github.com/yt-dlp/yt-dlp/issues/12482  for more details
WARNING: [youtube] vif8NQcjVf0: Some web client https formats have been skipped as they are missing a url. YouTube is forcing SABR streaming for this client. See  https://github.com/yt-dlp/yt-dlp/issues/12482  for more details
WARNING: [youtube] H9rF1CSSh-w: Some web client https formats have been skipped as they are missing a url. YouTube is forcing SABR streaming for this client. See  https://github.com/yt-dlp/yt-dlp/issues/12482  for more details
WARNING: [youtube] 1SJiTwbSI58: Some web client https formats have been skipped as they are missing a url. YouTube is forcing SABR streaming for this client. See  https://github.com/yt-dlp/yt-dlp/issues/12482  for more details
Deprecated Feature: Support for Python version 3.9 has been deprecated. Please update to Python 3.10 or above
WARNING: [youtube] Ie07zcmbnhM: Some web client https formats have been skipped as they are missing a url. YouTube is forcing SABR streaming for this client. See  https://github.com/yt-dlp/yt-dlp/issues/12482  for more details
WARNING: [youtube] FnJaDj5zUhY: Some web client https formats have been skipped as they are missing a url. YouTube is forcing SABR streaming for this client. See  https://github.com/yt-dlp/yt-dlp/issues/12482  for more details
WARNING: [youtube] 9qqLihL4AWk: Some web client https formats have been skipped as they are missing a url. YouTube is forcing SABR streaming for this client. See  https://github.com/yt-dlp/yt-dlp/issues/12482  for more details
WARNING: [youtube] k1z0e7bGzq0: Some web client https formats have been skipped as they are missing a url. YouTube is forcing SABR streaming for this client. See  https://github.com/yt-dlp/yt-dlp/issues/12482  for more details
WARNING: [youtube] X9k53P-2SOg: Some web client https formats have been skipped as they are missing a url. YouTube is forcing SABR streaming for this client. See  https://github.com/yt-dlp/yt-dlp/issues/12482  for more details
Deprecated Feature: Support for Python version 3.9 has been deprecated. Please update to Python 3.10 or above
WARNING: [youtube] jJRAvZNGUvI: Some web client https formats have been skipped as they are missing a url. YouTube is forcing SABR streaming for this client. See  https://github.com/yt-dlp/yt-dlp/issues/12482  for more details
WARNING: [youtube] EIo3AuyvV84: Some web client https formats have been skipped as they are missing a url. YouTube is forcing SABR streaming for this client. See  https://github.com/yt-dlp/yt-dlp/issues/12482  for more details
WARNING: [youtube] GCpjy3TC8Pg: Some web client https formats have been skipped as they are missing a url. YouTube is forcing SABR streaming for this client. See  https://github.com/yt-dlp/yt-dlp/issues/12482  for more details
WARNING: [youtube] 10MdOvK-aG4: Some web client https formats have been skipped as they are missing a url. YouTube is forcing SABR streaming for this client. See  https://github.com/yt-dlp/yt-dlp/issues/12482  for more details
WARNING: [youtube] fpC4sbawSzQ: Some web client https formats have been skipped as they are missing a url. YouTube is forcing SABR streaming for this client. See  https://github.com/yt-dlp/yt-dlp/issues/12482  for more details
Deprecated Feature: Support for Python version 3.9 has been deprecated. Please update to Python 3.10 or above
WARNING: [youtube] MUg8U5YxS4k: Some web client https formats have been skipped as they are missing a url. YouTube is forcing SABR streaming for this client. See  https://github.com/yt-dlp/yt-dlp/issues/12482  for more details
WARNING: [youtube] d2dgJGkw5p0: Some web client https formats have been skipped as they are missing a url. YouTube is forcing SABR streaming for this client. See  https://github.com/yt-dlp/yt-dlp/issues/12482  for more details
WARNING: [youtube] _2LfgJq-1j0: Some web client https formats have been skipped as they are missing a url. YouTube is forcing SABR streaming for this client. See  https://github.com/yt-dlp/yt-dlp/issues/12482  for more details
WARNING: [youtube] rkCg7wR3_hI: Some web client https formats have been skipped as they are missing a url. YouTube is forcing SABR streaming for this client. See  https://github.com/yt-dlp/yt-dlp/issues/12482  for more details
WARNING: [youtube] jswwEyp3S5g: Some web client https formats have been skipped as they are missing a url. YouTube is forcing SABR streaming for this client. See  https://github.com/yt-dlp/yt-dlp/issues/12482  for more details
Deprecated Feature: Support for Python version 3.9 has been deprecated. Please update to Python 3.10 or above
WARNING: [youtube] _vhDblAOLnY: Some web client https formats have been skipped as they are missing a url. YouTube is forcing SABR streaming for this client. See  https://github.com/yt-dlp/yt-dlp/issues/12482  for more details
WARNING: [youtube] RNplRKey4vE: Some web client https formats have been skipped as they are missing a url. YouTube is forcing SABR streaming for this client. See  https://github.com/yt-dlp/yt-dlp/issues/12482  for more details
WARNING: [youtube] MaXbK4B8wHM: Some web client https formats have been skipped as they are missing a url. YouTube is forcing SABR streaming for this client. See  https://github.com/yt-dlp/yt-dlp/issues/12482  for more details
WARNING: [youtube] G9_2A8ahrKE: Some web client https formats have been skipped as they are missing a url. YouTube is forcing SABR streaming for this client. See  https://github.com/yt-dlp/yt-dlp/issues/12482  for more details
WARNING: [youtube] yUPJYuH19YM: Some web client https formats have been skipped as they are missing a url. YouTube is forcing SABR streaming for this client. See  https://github.com/yt-dlp/yt-dlp/issues/12482  for more details
Deprecated Feature: Support for Python version 3.9 has been deprecated. Please update to Python 3.10 or above
WARNING: [youtube] 5CvlKCBrPHI: Some web client https formats have been skipped as they are missing a url. YouTube is forcing SABR streaming for this client. See  https://github.com/yt-dlp/yt-dlp/issues/12482  for more details
WARNING: [youtube] BmXvb1UOhgY: Some web client https formats have been skipped as they are missing a url. YouTube is forcing SABR streaming for this client. See  https://github.com/yt-dlp/yt-dlp/issues/12482  for more details
WARNING: [youtube] a4sq1CKPl0E: Some web client https formats have been skipped as they are missing a url. YouTube is forcing SABR streaming for this client. See  https://github.com/yt-dlp/yt-dlp/issues/12482  for more details
WARNING: [youtube] g3M3WaixeOw: Some web client https formats have been skipped as they are missing a url. YouTube is forcing SABR streaming for this client. See  https://github.com/yt-dlp/yt-dlp/issues/12482  for more details
WARNING: [youtube] -YwzCOVeLEE: Some web client https formats have been skipped as they are missing a url. YouTube is forcing SABR streaming for this client. See  https://github.com/yt-dlp/yt-dlp/issues/12482  for more details
Deprecated Feature: Support for Python version 3.9 has been deprecated. Please update to Python 3.10 or above
WARNING: [youtube] BedAaB1RKgE: Some web client https formats have been skipped as they are missing a url. YouTube is forcing SABR streaming for this client. See  https://github.com/yt-dlp/yt-dlp/issues/12482  for more details
WARNING: [youtube] SbrEk_tXZaE: Some web client https formats have been skipped as they are missing a url. YouTube is forcing SABR streaming for this client. See  https://github.com/yt-dlp/yt-dlp/issues/12482  for more details
WARNING: [youtube] YCWwh70FZtQ: Some web client https formats have been skipped as they are missing a url. YouTube is forcing SABR streaming for this client. See  https://github.com/yt-dlp/yt-dlp/issues/12482  for more details
WARNING: [youtube] D37Ijn2o5U0: Some web client https formats have been skipped as they are missing a url. YouTube is forcing SABR streaming for this client. See  https://github.com/yt-dlp/yt-dlp/issues/12482  for more details
WARNING: [youtube] oRZK7fcBQIg: Some web client https formats have been skipped as they are missing a url. YouTube is forcing SABR streaming for this client. See  https://github.com/yt-dlp/yt-dlp/issues/12482  for more details
Deprecated Feature: Support for Python version 3.9 has been deprecated. Please update to Python 3.10 or above
WARNING: [youtube] CaBXLZyaJYU: Some web client https formats have been skipped as they are missing a url. YouTube is forcing SABR streaming for this client. See  https://github.com/yt-dlp/yt-dlp/issues/12482  for more details
WARNING: [youtube] DLP9CagE3dU: Some web client https formats have been skipped as they are missing a url. YouTube is forcing SABR streaming for this client. See  https://github.com/yt-dlp/yt-dlp/issues/12482  for more details
WARNING: [youtube] bH2nP-aCFjk: Some web client https formats have been skipped as they are missing a url. YouTube is forcing SABR streaming for this client. See  https://github.com/yt-dlp/yt-dlp/issues/12482  for more details
WARNING: [youtube] qGS9Ghnq1RU: Some web client https formats have been skipped as they are missing a url. YouTube is forcing SABR streaming for this client. See  https://github.com/yt-dlp/yt-dlp/issues/12482  for more details
WARNING: [youtube] bMmEEa8-6fU: Some web client https formats have been skipped as they are missing a url. YouTube is forcing SABR streaming for this client. See  https://github.com/yt-dlp/yt-dlp/issues/12482  for more details
Deprecated Feature: Support for Python version 3.9 has been deprecated. Please update to Python 3.10 or above
WARNING: [youtube] 0hK__1vkqMg: Some web client https formats have been skipped as they are missing a url. YouTube is forcing SABR streaming for this client. See  https://github.com/yt-dlp/yt-dlp/issues/12482  for more details
WARNING: [youtube] zdAqvqhdVgU: Some web client https formats have been skipped as they are missing a url. YouTube is forcing SABR streaming for this client. See  https://github.com/yt-dlp/yt-dlp/issues/12482  for more details
WARNING: [youtube] Jg2jJH1K0o8: Some web client https formats have been skipped as they are missing a url. YouTube is forcing SABR streaming for this client. See  https://github.com/yt-dlp/yt-dlp/issues/12482  for more details
WARNING: [youtube] RCbJKkG_mZs: Some web client https formats have been skipped as they are missing a url. YouTube is forcing SABR streaming for this client. See  https://github.com/yt-dlp/yt-dlp/issues/12482  for more details
WARNING: [youtube] D8ohmtB8MdI: Some web client https formats have been skipped as they are missing a url. YouTube is forcing SABR streaming for this client. See  https://github.com/yt-dlp/yt-dlp/issues/12482  for more details
Deprecated Feature: Support for Python version 3.9 has been deprecated. Please update to Python 3.10 or above
WARNING: [youtube] zc8Nh4TMB1s: Some web client https formats have been skipped as they are missing a url. YouTube is forcing SABR streaming for this client. See  https://github.com/yt-dlp/yt-dlp/issues/12482  for more details
WARNING: [youtube] V-z0k5xu1hM: Some web client https formats have been skipped as they are missing a url. YouTube is forcing SABR streaming for this client. See  https://github.com/yt-dlp/yt-dlp/issues/12482  for more details
WARNING: [youtube] kwEtOyaFhCA: Some web client https formats have been skipped as they are missing a url. YouTube is forcing SABR streaming for this client. See  https://github.com/yt-dlp/yt-dlp/issues/12482  for more details
WARNING: [youtube] BTJGr78-zyw: Some web client https formats have been skipped as they are missing a url. YouTube is forcing SABR streaming for this client. See  https://github.com/yt-dlp/yt-dlp/issues/12482  for more details
WARNING: [youtube] NdU6UdUKaYc: Some web client https formats have been skipped as they are missing a url. YouTube is forcing SABR streaming for this client. See  https://github.com/yt-dlp/yt-dlp/issues/12482  for more details
Deprecated Feature: Support for Python version 3.9 has been deprecated. Please update to Python 3.10 or above
WARNING: [youtube] eFeDpUVEy48: Some web client https formats have been skipped as they are missing a url. YouTube is forcing SABR streaming for this client. See  https://github.com/yt-dlp/yt-dlp/issues/12482  for more details
WARNING: [youtube] coX4duwUCpw: Some web client https formats have been skipped as they are missing a url. YouTube is forcing SABR streaming for this client. See  https://github.com/yt-dlp/yt-dlp/issues/12482  for more details
WARNING: [youtube] i9TvUGeTltE: Some web client https formats have been skipped as they are missing a url. YouTube is forcing SABR streaming for this client. See  https://github.com/yt-dlp/yt-dlp/issues/12482  for more details
WARNING: [youtube] 7YrdI7h2XoY: Some web client https formats have been skipped as they are missing a url. YouTube is forcing SABR streaming for this client. See  https://github.com/yt-dlp/yt-dlp/issues/12482  for more details
WARNING: [youtube] c347oYQO57A: Some web client https formats have been skipped as they are missing a url. YouTube is forcing SABR streaming for this client. See  https://github.com/yt-dlp/yt-dlp/issues/12482  for more details
Deprecated Feature: Support for Python version 3.9 has been deprecated. Please update to Python 3.10 or above
WARNING: [youtube] eFeDpUVEy48: Some web client https formats have been skipped as they are missing a url. YouTube is forcing SABR streaming for this client. See  https://github.com/yt-dlp/yt-dlp/issues/12482  for more details
WARNING: [youtube] coX4duwUCpw: Some web client https formats have been skipped as they are missing a url. YouTube is forcing SABR streaming for this client. See  https://github.com/yt-dlp/yt-dlp/issues/12482  for more details
WARNING: [youtube] i9TvUGeTltE: Some web client https formats have been skipped as they are missing a url. YouTube is forcing SABR streaming for this client. See  https://github.com/yt-dlp/yt-dlp/issues/12482  for more details
WARNING: [youtube] 7YrdI7h2XoY: Some web client https formats have been skipped as they are missing a url. YouTube is forcing SABR streaming for this client. See  https://github.com/yt-dlp/yt-dlp/issues/12482  for more details
WARNING: [youtube] c347oYQO57A: Some web client https formats have been skipped as they are missing a url. YouTube is forcing SABR streaming for this client. See  https://github.com/yt-dlp/yt-dlp/issues/12482  for more details
2026-05-19 04:08:35,141 [INFO] [MiniMax] 请求状态: 200, attempt=1
2026-05-19 04:08:35,143 [INFO] [MiniMax] 成功, 输出长度: 31
2026-05-19 04:08:35,145 [INFO] [translate_to_chinese] status=SUCCESS, len=31
2026-05-19 04:09:18,039 [INFO] [MiniMax] 请求状态: 200, attempt=1
2026-05-19 04:09:18,040 [INFO] [MiniMax] 成功, 输出长度: 2267
2026-05-19 04:09:18,042 [INFO] [generate_youtube_summary] status=SUCCESS, len=2267
2026-05-19 04:09:23,302 [INFO] [MiniMax] 请求状态: 200, attempt=1
2026-05-19 04:09:23,302 [INFO] [MiniMax] 成功, 输出长度: 21
2026-05-19 04:09:23,304 [INFO] [translate_to_chinese] status=SUCCESS, len=21
2026-05-19 04:10:10,980 [INFO] [MiniMax] 请求状态: 200, attempt=1
2026-05-19 04:10:10,981 [INFO] [MiniMax] 成功, 输出长度: 2609
2026-05-19 04:10:10,984 [INFO] [generate_youtube_summary] status=SUCCESS, len=2609
2026-05-19 04:10:15,467 [INFO] [MiniMax] 请求状态: 200, attempt=1
2026-05-19 04:10:15,467 [INFO] [MiniMax] 成功, 输出长度: 28
2026-05-19 04:10:15,468 [INFO] [translate_to_chinese] status=SUCCESS, len=28
2026-05-19 04:11:00,152 [INFO] [MiniMax] 请求状态: 200, attempt=1
2026-05-19 04:11:00,154 [INFO] [MiniMax] 成功, 输出长度: 3314
2026-05-19 04:11:00,156 [INFO] [generate_youtube_summary] status=SUCCESS, len=3314
2026-05-19 04:11:08,389 [INFO] [MiniMax] 请求状态: 200, attempt=1
2026-05-19 04:11:08,389 [INFO] [MiniMax] 成功, 输出长度: 15
2026-05-19 04:11:08,390 [INFO] [translate_to_chinese] status=SUCCESS, len=15
2026-05-19 04:11:45,263 [INFO] [MiniMax] 请求状态: 200, attempt=1
2026-05-19 04:11:45,264 [INFO] [MiniMax] 成功, 输出长度: 2890
2026-05-19 04:11:45,266 [INFO] [generate_youtube_summary] status=SUCCESS, len=2890
2026-05-19 04:11:50,012 [INFO] [MiniMax] 请求状态: 200, attempt=1
2026-05-19 04:11:50,012 [INFO] [MiniMax] 成功, 输出长度: 20
2026-05-19 04:11:50,014 [INFO] [translate_to_chinese] status=SUCCESS, len=20
2026-05-19 04:12:30,797 [INFO] [MiniMax] 请求状态: 200, attempt=1
2026-05-19 04:12:30,798 [INFO] [MiniMax] 成功, 输出长度: 2571
2026-05-19 04:12:30,800 [INFO] [generate_youtube_summary] status=SUCCESS, len=2571
2026-05-19 04:12:42,057 [INFO] [MiniMax] 请求状态: 200, attempt=1
2026-05-19 04:12:42,057 [INFO] [MiniMax] 成功, 输出长度: 28
2026-05-19 04:12:42,058 [INFO] [translate_to_chinese] status=SUCCESS, len=28
2026-05-19 04:13:28,158 [INFO] [MiniMax] 请求状态: 200, attempt=1
2026-05-19 04:13:28,159 [INFO] [MiniMax] 成功, 输出长度: 2721
2026-05-19 04:13:28,161 [INFO] [generate_youtube_summary] status=SUCCESS, len=2721
2026-05-19 04:13:38,834 [INFO] [MiniMax] 请求状态: 200, attempt=1
2026-05-19 04:13:38,835 [INFO] [MiniMax] 成功, 输出长度: 30
2026-05-19 04:13:38,837 [INFO] [translate_to_chinese] status=SUCCESS, len=30
2026-05-19 04:14:32,744 [INFO] [MiniMax] 请求状态: 200, attempt=1
2026-05-19 04:14:32,745 [INFO] [MiniMax] 成功, 输出长度: 3516
2026-05-19 04:14:32,747 [INFO] [generate_youtube_summary] status=SUCCESS, len=3516
2026-05-19 04:14:36,112 [INFO] [MiniMax] 请求状态: 200, attempt=1
2026-05-19 04:14:36,113 [INFO] [MiniMax] 成功, 输出长度: 24
2026-05-19 04:14:36,114 [INFO] [translate_to_chinese] status=SUCCESS, len=24
2026-05-19 04:15:09,730 [INFO] [MiniMax] 请求状态: 200, attempt=1
2026-05-19 04:15:09,732 [INFO] [MiniMax] 成功, 输出长度: 2593
2026-05-19 04:15:09,734 [INFO] [generate_youtube_summary] status=SUCCESS, len=2593
2026-05-19 04:15:14,997 [INFO] [MiniMax] 请求状态: 200, attempt=1
2026-05-19 04:15:14,997 [INFO] [MiniMax] 成功, 输出长度: 29
2026-05-19 04:15:14,999 [INFO] [translate_to_chinese] status=SUCCESS, len=29
2026-05-19 04:16:06,043 [INFO] [MiniMax] 请求状态: 200, attempt=1
2026-05-19 04:16:06,044 [INFO] [MiniMax] 成功, 输出长度: 3895
2026-05-19 04:16:06,047 [INFO] [generate_youtube_summary] status=SUCCESS, len=3895
2026-05-19 04:16:10,659 [INFO] [MiniMax] 请求状态: 200, attempt=1
2026-05-19 04:16:10,659 [INFO] [MiniMax] 成功, 输出长度: 28
2026-05-19 04:16:10,661 [INFO] [translate_to_chinese] status=SUCCESS, len=28
2026-05-19 04:16:44,103 [INFO] [MiniMax] 请求状态: 200, attempt=1
2026-05-19 04:16:44,105 [INFO] [MiniMax] 成功, 输出长度: 2299
2026-05-19 04:16:44,107 [INFO] [generate_youtube_summary] status=SUCCESS, len=2299
/Users/vincentnie/Library/Python/3.9/lib/python/site-packages/urllib3/__init__.py:35: NotOpenSSLWarning: urllib3 v2 only supports OpenSSL 1.1.1+, currently the 'ssl' module is compiled with 'LibreSSL 2.8.3'. See: https://github.com/urllib3/urllib3/issues/3020
  warnings.warn(
/Users/vincentnie/Library/Python/3.9/lib/python/site-packages/urllib3/__init__.py:35: NotOpenSSLWarning: urllib3 v2 only supports OpenSSL 1.1.1+, currently the 'ssl' module is compiled with 'LibreSSL 2.8.3'. See: https://github.com/urllib3/urllib3/issues/3020
  warnings.warn(
/Users/vincentnie/Library/Python/3.9/lib/python/site-packages/urllib3/connectionpool.py:1097: InsecureRequestWarning: Unverified HTTPS request is being made to host '127.0.0.1'. Adding certificate verification is strongly advised. See: https://urllib3.readthedocs.io/en/latest/advanced-usage.html#tls-warnings
  warnings.warn(
/Users/vincentnie/Library/Python/3.9/lib/python/site-packages/urllib3/connectionpool.py:1097: InsecureRequestWarning: Unverified HTTPS request is being made to host '127.0.0.1'. Adding certificate verification is strongly advised. See: https://urllib3.readthedocs.io/en/latest/advanced-usage.html#tls-warnings
  warnings.warn(
/Users/vincentnie/Library/Python/3.9/lib/python/site-packages/urllib3/connectionpool.py:1097: InsecureRequestWarning: Unverified HTTPS request is being made to host '127.0.0.1'. Adding certificate verification is strongly advised. See: https://urllib3.readthedocs.io/en/latest/advanced-usage.html#tls-warnings
  warnings.warn(
/Users/vincentnie/Library/Python/3.9/lib/python/site-packages/urllib3/connectionpool.py:1097: InsecureRequestWarning: Unverified HTTPS request is being made to host '127.0.0.1'. Adding certificate verification is strongly advised. See: https://urllib3.readthedocs.io/en/latest/advanced-usage.html#tls-warnings
  warnings.warn(
/Users/vincentnie/Library/Python/3.9/lib/python/site-packages/urllib3/connectionpool.py:1097: InsecureRequestWarning: Unverified HTTPS request is being made to host '127.0.0.1'. Adding certificate verification is strongly advised. See: https://urllib3.readthedocs.io/en/latest/advanced-usage.html#tls-warnings
  warnings.warn(
/Users/vincentnie/Library/Python/3.9/lib/python/site-packages/urllib3/connectionpool.py:1097: InsecureRequestWarning: Unverified HTTPS request is being made to host '127.0.0.1'. Adding certificate verification is strongly advised. See: https://urllib3.readthedocs.io/en/latest/advanced-usage.html#tls-warnings
  warnings.warn(
/Users/vincentnie/Library/Python/3.9/lib/python/site-packages/urllib3/connectionpool.py:1097: InsecureRequestWarning: Unverified HTTPS request is being made to host '127.0.0.1'. Adding certificate verification is strongly advised. See: https://urllib3.readthedocs.io/en/latest/advanced-usage.html#tls-warnings
  warnings.warn(
/Users/vincentnie/Library/Python/3.9/lib/python/site-packages/urllib3/connectionpool.py:1097: InsecureRequestWarning: Unverified HTTPS request is being made to host '127.0.0.1'. Adding certificate verification is strongly advised. See: https://urllib3.readthedocs.io/en/latest/advanced-usage.html#tls-warnings
  warnings.warn(
/Users/vincentnie/Library/Python/3.9/lib/python/site-packages/urllib3/connectionpool.py:1097: InsecureRequestWarning: Unverified HTTPS request is being made to host '127.0.0.1'. Adding certificate verification is strongly advised. See: https://urllib3.readthedocs.io/en/latest/advanced-usage.html#tls-warnings
  warnings.warn(
/Users/vincentnie/Library/Python/3.9/lib/python/site-packages/urllib3/connectionpool.py:1097: InsecureRequestWarning: Unverified HTTPS request is being made to host '127.0.0.1'. Adding certificate verification is strongly advised. See: https://urllib3.readthedocs.io/en/latest/advanced-usage.html#tls-warnings
  warnings.warn(
/Users/vincentnie/Library/Python/3.9/lib/python/site-packages/urllib3/connectionpool.py:1097: InsecureRequestWarning: Unverified HTTPS request is being made to host '127.0.0.1'. Adding certificate verification is strongly advised. See: https://urllib3.readthedocs.io/en/latest/advanced-usage.html#tls-warnings
  warnings.warn(
2026-05-20 04:02:13,631 [INFO] [MiniMax] 请求状态: 200, attempt=1
2026-05-20 04:02:13,633 [INFO] [MiniMax] 成功, 输出长度: 2080
2026-05-20 04:02:13,635 [INFO] [generate_podcast_summary] status=SUCCESS, len=2080
2026-05-20 04:02:43,824 [INFO] [MiniMax] 请求状态: 200, attempt=1
2026-05-20 04:02:43,825 [INFO] [MiniMax] 成功, 输出长度: 2081
2026-05-20 04:02:43,826 [INFO] [generate_podcast_summary] status=SUCCESS, len=2081
2026-05-20 04:03:25,361 [INFO] [MiniMax] 请求状态: 200, attempt=1
2026-05-20 04:03:25,362 [INFO] [MiniMax] 成功, 输出长度: 1599
2026-05-20 04:03:25,363 [INFO] [generate_podcast_summary] status=SUCCESS, len=1599
/Users/vincentnie/Library/Python/3.9/lib/python/site-packages/urllib3/__init__.py:35: NotOpenSSLWarning: urllib3 v2 only supports OpenSSL 1.1.1+, currently the 'ssl' module is compiled with 'LibreSSL 2.8.3'. See: https://github.com/urllib3/urllib3/issues/3020
  warnings.warn(
Deprecated Feature: Support for Python version 3.9 has been deprecated. Please update to Python 3.10 or above
WARNING: [youtube] No title found in player responses; falling back to title from initial data. Other metadata may also be missing
ERROR: [youtube] nepKKz-MzFM: Sign in to confirm you’re not a bot. Use --cookies-from-browser or --cookies for the authentication. See  https://github.com/yt-dlp/yt-dlp/wiki/FAQ#how-do-i-pass-cookies-to-yt-dlp  for how to manually pass cookies. Also see  https://github.com/yt-dlp/yt-dlp/wiki/Extractors#exporting-youtube-cookies  for tips on effectively exporting YouTube cookies
WARNING: [youtube] No title found in player responses; falling back to title from initial data. Other metadata may also be missing
ERROR: [youtube] iKx3gAODybU: Sign in to confirm you’re not a bot. Use --cookies-from-browser or --cookies for the authentication. See  https://github.com/yt-dlp/yt-dlp/wiki/FAQ#how-do-i-pass-cookies-to-yt-dlp  for how to manually pass cookies. Also see  https://github.com/yt-dlp/yt-dlp/wiki/Extractors#exporting-youtube-cookies  for tips on effectively exporting YouTube cookies
WARNING: [youtube] No title found in player responses; falling back to title from initial data. Other metadata may also be missing
ERROR: [youtube] vif8NQcjVf0: Sign in to confirm you’re not a bot. Use --cookies-from-browser or --cookies for the authentication. See  https://github.com/yt-dlp/yt-dlp/wiki/FAQ#how-do-i-pass-cookies-to-yt-dlp  for how to manually pass cookies. Also see  https://github.com/yt-dlp/yt-dlp/wiki/Extractors#exporting-youtube-cookies  for tips on effectively exporting YouTube cookies
WARNING: [youtube] No title found in player responses; falling back to title from initial data. Other metadata may also be missing
ERROR: [youtube] H9rF1CSSh-w: Sign in to confirm you’re not a bot. Use --cookies-from-browser or --cookies for the authentication. See  https://github.com/yt-dlp/yt-dlp/wiki/FAQ#how-do-i-pass-cookies-to-yt-dlp  for how to manually pass cookies. Also see  https://github.com/yt-dlp/yt-dlp/wiki/Extractors#exporting-youtube-cookies  for tips on effectively exporting YouTube cookies
WARNING: [youtube] No title found in player responses; falling back to title from initial data. Other metadata may also be missing
ERROR: [youtube] 1SJiTwbSI58: Sign in to confirm you’re not a bot. Use --cookies-from-browser or --cookies for the authentication. See  https://github.com/yt-dlp/yt-dlp/wiki/FAQ#how-do-i-pass-cookies-to-yt-dlp  for how to manually pass cookies. Also see  https://github.com/yt-dlp/yt-dlp/wiki/Extractors#exporting-youtube-cookies  for tips on effectively exporting YouTube cookies
Deprecated Feature: Support for Python version 3.9 has been deprecated. Please update to Python 3.10 or above
WARNING: [youtube] No title found in player responses; falling back to title from initial data. Other metadata may also be missing
ERROR: [youtube] pddFfZy4nZU: Sign in to confirm you’re not a bot. Use --cookies-from-browser or --cookies for the authentication. See  https://github.com/yt-dlp/yt-dlp/wiki/FAQ#how-do-i-pass-cookies-to-yt-dlp  for how to manually pass cookies. Also see  https://github.com/yt-dlp/yt-dlp/wiki/Extractors#exporting-youtube-cookies  for tips on effectively exporting YouTube cookies
WARNING: [youtube] No title found in player responses; falling back to title from initial data. Other metadata may also be missing
ERROR: [youtube] Ie07zcmbnhM: Sign in to confirm you’re not a bot. Use --cookies-from-browser or --cookies for the authentication. See  https://github.com/yt-dlp/yt-dlp/wiki/FAQ#how-do-i-pass-cookies-to-yt-dlp  for how to manually pass cookies. Also see  https://github.com/yt-dlp/yt-dlp/wiki/Extractors#exporting-youtube-cookies  for tips on effectively exporting YouTube cookies
WARNING: [youtube] No title found in player responses; falling back to title from initial data. Other metadata may also be missing
ERROR: [youtube] FnJaDj5zUhY: Sign in to confirm you’re not a bot. Use --cookies-from-browser or --cookies for the authentication. See  https://github.com/yt-dlp/yt-dlp/wiki/FAQ#how-do-i-pass-cookies-to-yt-dlp  for how to manually pass cookies. Also see  https://github.com/yt-dlp/yt-dlp/wiki/Extractors#exporting-youtube-cookies  for tips on effectively exporting YouTube cookies
WARNING: [youtube] No title found in player responses; falling back to title from initial data. Other metadata may also be missing
ERROR: [youtube] 9qqLihL4AWk: Sign in to confirm you’re not a bot. Use --cookies-from-browser or --cookies for the authentication. See  https://github.com/yt-dlp/yt-dlp/wiki/FAQ#how-do-i-pass-cookies-to-yt-dlp  for how to manually pass cookies. Also see  https://github.com/yt-dlp/yt-dlp/wiki/Extractors#exporting-youtube-cookies  for tips on effectively exporting YouTube cookies
WARNING: [youtube] No title found in player responses; falling back to title from initial data. Other metadata may also be missing
ERROR: [youtube] k1z0e7bGzq0: Sign in to confirm you’re not a bot. Use --cookies-from-browser or --cookies for the authentication. See  https://github.com/yt-dlp/yt-dlp/wiki/FAQ#how-do-i-pass-cookies-to-yt-dlp  for how to manually pass cookies. Also see  https://github.com/yt-dlp/yt-dlp/wiki/Extractors#exporting-youtube-cookies  for tips on effectively exporting YouTube cookies
Deprecated Feature: Support for Python version 3.9 has been deprecated. Please update to Python 3.10 or above
WARNING: [youtube] No title found in player responses; falling back to title from initial data. Other metadata may also be missing
ERROR: [youtube] jJRAvZNGUvI: Sign in to confirm you’re not a bot. Use --cookies-from-browser or --cookies for the authentication. See  https://github.com/yt-dlp/yt-dlp/wiki/FAQ#how-do-i-pass-cookies-to-yt-dlp  for how to manually pass cookies. Also see  https://github.com/yt-dlp/yt-dlp/wiki/Extractors#exporting-youtube-cookies  for tips on effectively exporting YouTube cookies
WARNING: [youtube] No title found in player responses; falling back to title from initial data. Other metadata may also be missing
ERROR: [youtube] EIo3AuyvV84: Sign in to confirm you’re not a bot. Use --cookies-from-browser or --cookies for the authentication. See  https://github.com/yt-dlp/yt-dlp/wiki/FAQ#how-do-i-pass-cookies-to-yt-dlp  for how to manually pass cookies. Also see  https://github.com/yt-dlp/yt-dlp/wiki/Extractors#exporting-youtube-cookies  for tips on effectively exporting YouTube cookies
WARNING: [youtube] No title found in player responses; falling back to title from initial data. Other metadata may also be missing
ERROR: [youtube] GCpjy3TC8Pg: Sign in to confirm you’re not a bot. Use --cookies-from-browser or --cookies for the authentication. See  https://github.com/yt-dlp/yt-dlp/wiki/FAQ#how-do-i-pass-cookies-to-yt-dlp  for how to manually pass cookies. Also see  https://github.com/yt-dlp/yt-dlp/wiki/Extractors#exporting-youtube-cookies  for tips on effectively exporting YouTube cookies
WARNING: [youtube] No title found in player responses; falling back to title from initial data. Other metadata may also be missing
ERROR: [youtube] 10MdOvK-aG4: Sign in to confirm you’re not a bot. Use --cookies-from-browser or --cookies for the authentication. See  https://github.com/yt-dlp/yt-dlp/wiki/FAQ#how-do-i-pass-cookies-to-yt-dlp  for how to manually pass cookies. Also see  https://github.com/yt-dlp/yt-dlp/wiki/Extractors#exporting-youtube-cookies  for tips on effectively exporting YouTube cookies
WARNING: [youtube] No title found in player responses; falling back to title from initial data. Other metadata may also be missing
ERROR: [youtube] fpC4sbawSzQ: Sign in to confirm you’re not a bot. Use --cookies-from-browser or --cookies for the authentication. See  https://github.com/yt-dlp/yt-dlp/wiki/FAQ#how-do-i-pass-cookies-to-yt-dlp  for how to manually pass cookies. Also see  https://github.com/yt-dlp/yt-dlp/wiki/Extractors#exporting-youtube-cookies  for tips on effectively exporting YouTube cookies
Deprecated Feature: Support for Python version 3.9 has been deprecated. Please update to Python 3.10 or above
WARNING: [youtube] hJazYa3CYZE: Some web client https formats have been skipped as they are missing a url. YouTube is forcing SABR streaming for this client. See  https://github.com/yt-dlp/yt-dlp/issues/12482  for more details
WARNING: [youtube] No title found in player responses; falling back to title from initial data. Other metadata may also be missing
ERROR: [youtube] MUg8U5YxS4k: Sign in to confirm you’re not a bot. Use --cookies-from-browser or --cookies for the authentication. See  https://github.com/yt-dlp/yt-dlp/wiki/FAQ#how-do-i-pass-cookies-to-yt-dlp  for how to manually pass cookies. Also see  https://github.com/yt-dlp/yt-dlp/wiki/Extractors#exporting-youtube-cookies  for tips on effectively exporting YouTube cookies
WARNING: [youtube] No title found in player responses; falling back to title from initial data. Other metadata may also be missing
ERROR: [youtube] d2dgJGkw5p0: Sign in to confirm you’re not a bot. Use --cookies-from-browser or --cookies for the authentication. See  https://github.com/yt-dlp/yt-dlp/wiki/FAQ#how-do-i-pass-cookies-to-yt-dlp  for how to manually pass cookies. Also see  https://github.com/yt-dlp/yt-dlp/wiki/Extractors#exporting-youtube-cookies  for tips on effectively exporting YouTube cookies
WARNING: [youtube] No title found in player responses; falling back to title from initial data. Other metadata may also be missing
ERROR: [youtube] _2LfgJq-1j0: Sign in to confirm you’re not a bot. Use --cookies-from-browser or --cookies for the authentication. See  https://github.com/yt-dlp/yt-dlp/wiki/FAQ#how-do-i-pass-cookies-to-yt-dlp  for how to manually pass cookies. Also see  https://github.com/yt-dlp/yt-dlp/wiki/Extractors#exporting-youtube-cookies  for tips on effectively exporting YouTube cookies
WARNING: [youtube] No title found in player responses; falling back to title from initial data. Other metadata may also be missing
ERROR: [youtube] rkCg7wR3_hI: Sign in to confirm you’re not a bot. Use --cookies-from-browser or --cookies for the authentication. See  https://github.com/yt-dlp/yt-dlp/wiki/FAQ#how-do-i-pass-cookies-to-yt-dlp  for how to manually pass cookies. Also see  https://github.com/yt-dlp/yt-dlp/wiki/Extractors#exporting-youtube-cookies  for tips on effectively exporting YouTube cookies
Deprecated Feature: Support for Python version 3.9 has been deprecated. Please update to Python 3.10 or above
WARNING: [youtube] No title found in player responses; falling back to title from initial data. Other metadata may also be missing
ERROR: [youtube] _BngA7hLTv4: Sign in to confirm you’re not a bot. Use --cookies-from-browser or --cookies for the authentication. See  https://github.com/yt-dlp/yt-dlp/wiki/FAQ#how-do-i-pass-cookies-to-yt-dlp  for how to manually pass cookies. Also see  https://github.com/yt-dlp/yt-dlp/wiki/Extractors#exporting-youtube-cookies  for tips on effectively exporting YouTube cookies
WARNING: [youtube] No title found in player responses; falling back to title from initial data. Other metadata may also be missing
ERROR: [youtube] hU8mysZaPts: Sign in to confirm you’re not a bot. Use --cookies-from-browser or --cookies for the authentication. See  https://github.com/yt-dlp/yt-dlp/wiki/FAQ#how-do-i-pass-cookies-to-yt-dlp  for how to manually pass cookies. Also see  https://github.com/yt-dlp/yt-dlp/wiki/Extractors#exporting-youtube-cookies  for tips on effectively exporting YouTube cookies
WARNING: [youtube] No title found in player responses; falling back to title from initial data. Other metadata may also be missing
ERROR: [youtube] _vhDblAOLnY: Sign in to confirm you’re not a bot. Use --cookies-from-browser or --cookies for the authentication. See  https://github.com/yt-dlp/yt-dlp/wiki/FAQ#how-do-i-pass-cookies-to-yt-dlp  for how to manually pass cookies. Also see  https://github.com/yt-dlp/yt-dlp/wiki/Extractors#exporting-youtube-cookies  for tips on effectively exporting YouTube cookies
WARNING: [youtube] No title found in player responses; falling back to title from initial data. Other metadata may also be missing
ERROR: [youtube] RNplRKey4vE: Sign in to confirm you’re not a bot. Use --cookies-from-browser or --cookies for the authentication. See  https://github.com/yt-dlp/yt-dlp/wiki/FAQ#how-do-i-pass-cookies-to-yt-dlp  for how to manually pass cookies. Also see  https://github.com/yt-dlp/yt-dlp/wiki/Extractors#exporting-youtube-cookies  for tips on effectively exporting YouTube cookies
WARNING: [youtube] No title found in player responses; falling back to title from initial data. Other metadata may also be missing
ERROR: [youtube] MaXbK4B8wHM: Sign in to confirm you’re not a bot. Use --cookies-from-browser or --cookies for the authentication. See  https://github.com/yt-dlp/yt-dlp/wiki/FAQ#how-do-i-pass-cookies-to-yt-dlp  for how to manually pass cookies. Also see  https://github.com/yt-dlp/yt-dlp/wiki/Extractors#exporting-youtube-cookies  for tips on effectively exporting YouTube cookies
Deprecated Feature: Support for Python version 3.9 has been deprecated. Please update to Python 3.10 or above
WARNING: [youtube] No title found in player responses; falling back to title from initial data. Other metadata may also be missing
ERROR: [youtube] 4Ba-OKPbqJU: Sign in to confirm you’re not a bot. Use --cookies-from-browser or --cookies for the authentication. See  https://github.com/yt-dlp/yt-dlp/wiki/FAQ#how-do-i-pass-cookies-to-yt-dlp  for how to manually pass cookies. Also see  https://github.com/yt-dlp/yt-dlp/wiki/Extractors#exporting-youtube-cookies  for tips on effectively exporting YouTube cookies
ERROR: [youtube] RvzgUtjCxRw: Premieres in 42 hours
WARNING: [youtube] No title found in player responses; falling back to title from initial data. Other metadata may also be missing
ERROR: [youtube] 5CvlKCBrPHI: Sign in to confirm you’re not a bot. Use --cookies-from-browser or --cookies for the authentication. See  https://github.com/yt-dlp/yt-dlp/wiki/FAQ#how-do-i-pass-cookies-to-yt-dlp  for how to manually pass cookies. Also see  https://github.com/yt-dlp/yt-dlp/wiki/Extractors#exporting-youtube-cookies  for tips on effectively exporting YouTube cookies
WARNING: [youtube] No title found in player responses; falling back to title from initial data. Other metadata may also be missing
ERROR: [youtube] BmXvb1UOhgY: Sign in to confirm you’re not a bot. Use --cookies-from-browser or --cookies for the authentication. See  https://github.com/yt-dlp/yt-dlp/wiki/FAQ#how-do-i-pass-cookies-to-yt-dlp  for how to manually pass cookies. Also see  https://github.com/yt-dlp/yt-dlp/wiki/Extractors#exporting-youtube-cookies  for tips on effectively exporting YouTube cookies
WARNING: [youtube] No title found in player responses; falling back to title from initial data. Other metadata may also be missing
ERROR: [youtube] a4sq1CKPl0E: Sign in to confirm you’re not a bot. Use --cookies-from-browser or --cookies for the authentication. See  https://github.com/yt-dlp/yt-dlp/wiki/FAQ#how-do-i-pass-cookies-to-yt-dlp  for how to manually pass cookies. Also see  https://github.com/yt-dlp/yt-dlp/wiki/Extractors#exporting-youtube-cookies  for tips on effectively exporting YouTube cookies
Deprecated Feature: Support for Python version 3.9 has been deprecated. Please update to Python 3.10 or above
WARNING: [youtube] No title found in player responses; falling back to title from initial data. Other metadata may also be missing
ERROR: [youtube] KVFrBtkLg4I: Sign in to confirm you’re not a bot. Use --cookies-from-browser or --cookies for the authentication. See  https://github.com/yt-dlp/yt-dlp/wiki/FAQ#how-do-i-pass-cookies-to-yt-dlp  for how to manually pass cookies. Also see  https://github.com/yt-dlp/yt-dlp/wiki/Extractors#exporting-youtube-cookies  for tips on effectively exporting YouTube cookies
WARNING: [youtube] No title found in player responses; falling back to title from initial data. Other metadata may also be missing
ERROR: [youtube] BedAaB1RKgE: Sign in to confirm you’re not a bot. Use --cookies-from-browser or --cookies for the authentication. See  https://github.com/yt-dlp/yt-dlp/wiki/FAQ#how-do-i-pass-cookies-to-yt-dlp  for how to manually pass cookies. Also see  https://github.com/yt-dlp/yt-dlp/wiki/Extractors#exporting-youtube-cookies  for tips on effectively exporting YouTube cookies
WARNING: [youtube] No title found in player responses; falling back to title from initial data. Other metadata may also be missing
ERROR: [youtube] SbrEk_tXZaE: Sign in to confirm you’re not a bot. Use --cookies-from-browser or --cookies for the authentication. See  https://github.com/yt-dlp/yt-dlp/wiki/FAQ#how-do-i-pass-cookies-to-yt-dlp  for how to manually pass cookies. Also see  https://github.com/yt-dlp/yt-dlp/wiki/Extractors#exporting-youtube-cookies  for tips on effectively exporting YouTube cookies
WARNING: [youtube] No title found in player responses; falling back to title from initial data. Other metadata may also be missing
ERROR: [youtube] YCWwh70FZtQ: Sign in to confirm you’re not a bot. Use --cookies-from-browser or --cookies for the authentication. See  https://github.com/yt-dlp/yt-dlp/wiki/FAQ#how-do-i-pass-cookies-to-yt-dlp  for how to manually pass cookies. Also see  https://github.com/yt-dlp/yt-dlp/wiki/Extractors#exporting-youtube-cookies  for tips on effectively exporting YouTube cookies
WARNING: [youtube] No title found in player responses; falling back to title from initial data. Other metadata may also be missing
ERROR: [youtube] D37Ijn2o5U0: Sign in to confirm you’re not a bot. Use --cookies-from-browser or --cookies for the authentication. See  https://github.com/yt-dlp/yt-dlp/wiki/FAQ#how-do-i-pass-cookies-to-yt-dlp  for how to manually pass cookies. Also see  https://github.com/yt-dlp/yt-dlp/wiki/Extractors#exporting-youtube-cookies  for tips on effectively exporting YouTube cookies
Deprecated Feature: Support for Python version 3.9 has been deprecated. Please update to Python 3.10 or above
WARNING: [youtube] No title found in player responses; falling back to title from initial data. Other metadata may also be missing
ERROR: [youtube] CaBXLZyaJYU: Sign in to confirm you’re not a bot. Use --cookies-from-browser or --cookies for the authentication. See  https://github.com/yt-dlp/yt-dlp/wiki/FAQ#how-do-i-pass-cookies-to-yt-dlp  for how to manually pass cookies. Also see  https://github.com/yt-dlp/yt-dlp/wiki/Extractors#exporting-youtube-cookies  for tips on effectively exporting YouTube cookies
WARNING: [youtube] No title found in player responses; falling back to title from initial data. Other metadata may also be missing
ERROR: [youtube] DLP9CagE3dU: Sign in to confirm you’re not a bot. Use --cookies-from-browser or --cookies for the authentication. See  https://github.com/yt-dlp/yt-dlp/wiki/FAQ#how-do-i-pass-cookies-to-yt-dlp  for how to manually pass cookies. Also see  https://github.com/yt-dlp/yt-dlp/wiki/Extractors#exporting-youtube-cookies  for tips on effectively exporting YouTube cookies
WARNING: [youtube] No title found in player responses; falling back to title from initial data. Other metadata may also be missing
ERROR: [youtube] bH2nP-aCFjk: Sign in to confirm you’re not a bot. Use --cookies-from-browser or --cookies for the authentication. See  https://github.com/yt-dlp/yt-dlp/wiki/FAQ#how-do-i-pass-cookies-to-yt-dlp  for how to manually pass cookies. Also see  https://github.com/yt-dlp/yt-dlp/wiki/Extractors#exporting-youtube-cookies  for tips on effectively exporting YouTube cookies
WARNING: [youtube] No title found in player responses; falling back to title from initial data. Other metadata may also be missing
ERROR: [youtube] qGS9Ghnq1RU: Sign in to confirm you’re not a bot. Use --cookies-from-browser or --cookies for the authentication. See  https://github.com/yt-dlp/yt-dlp/wiki/FAQ#how-do-i-pass-cookies-to-yt-dlp  for how to manually pass cookies. Also see  https://github.com/yt-dlp/yt-dlp/wiki/Extractors#exporting-youtube-cookies  for tips on effectively exporting YouTube cookies
WARNING: [youtube] No title found in player responses; falling back to title from initial data. Other metadata may also be missing
ERROR: [youtube] bMmEEa8-6fU: Sign in to confirm you’re not a bot. Use --cookies-from-browser or --cookies for the authentication. See  https://github.com/yt-dlp/yt-dlp/wiki/FAQ#how-do-i-pass-cookies-to-yt-dlp  for how to manually pass cookies. Also see  https://github.com/yt-dlp/yt-dlp/wiki/Extractors#exporting-youtube-cookies  for tips on effectively exporting YouTube cookies
Deprecated Feature: Support for Python version 3.9 has been deprecated. Please update to Python 3.10 or above
WARNING: [youtube] No title found in player responses; falling back to title from initial data. Other metadata may also be missing
ERROR: [youtube] 0hK__1vkqMg: Sign in to confirm you’re not a bot. Use --cookies-from-browser or --cookies for the authentication. See  https://github.com/yt-dlp/yt-dlp/wiki/FAQ#how-do-i-pass-cookies-to-yt-dlp  for how to manually pass cookies. Also see  https://github.com/yt-dlp/yt-dlp/wiki/Extractors#exporting-youtube-cookies  for tips on effectively exporting YouTube cookies
WARNING: [youtube] No title found in player responses; falling back to title from initial data. Other metadata may also be missing
ERROR: [youtube] zdAqvqhdVgU: Sign in to confirm you’re not a bot. Use --cookies-from-browser or --cookies for the authentication. See  https://github.com/yt-dlp/yt-dlp/wiki/FAQ#how-do-i-pass-cookies-to-yt-dlp  for how to manually pass cookies. Also see  https://github.com/yt-dlp/yt-dlp/wiki/Extractors#exporting-youtube-cookies  for tips on effectively exporting YouTube cookies
WARNING: [youtube] No title found in player responses; falling back to title from initial data. Other metadata may also be missing
ERROR: [youtube] Jg2jJH1K0o8: Sign in to confirm you’re not a bot. Use --cookies-from-browser or --cookies for the authentication. See  https://github.com/yt-dlp/yt-dlp/wiki/FAQ#how-do-i-pass-cookies-to-yt-dlp  for how to manually pass cookies. Also see  https://github.com/yt-dlp/yt-dlp/wiki/Extractors#exporting-youtube-cookies  for tips on effectively exporting YouTube cookies
WARNING: [youtube] No title found in player responses; falling back to title from initial data. Other metadata may also be missing
ERROR: [youtube] RCbJKkG_mZs: Sign in to confirm you’re not a bot. Use --cookies-from-browser or --cookies for the authentication. See  https://github.com/yt-dlp/yt-dlp/wiki/FAQ#how-do-i-pass-cookies-to-yt-dlp  for how to manually pass cookies. Also see  https://github.com/yt-dlp/yt-dlp/wiki/Extractors#exporting-youtube-cookies  for tips on effectively exporting YouTube cookies
WARNING: [youtube] No title found in player responses; falling back to title from initial data. Other metadata may also be missing
ERROR: [youtube] D8ohmtB8MdI: Sign in to confirm you’re not a bot. Use --cookies-from-browser or --cookies for the authentication. See  https://github.com/yt-dlp/yt-dlp/wiki/FAQ#how-do-i-pass-cookies-to-yt-dlp  for how to manually pass cookies. Also see  https://github.com/yt-dlp/yt-dlp/wiki/Extractors#exporting-youtube-cookies  for tips on effectively exporting YouTube cookies
Deprecated Feature: Support for Python version 3.9 has been deprecated. Please update to Python 3.10 or above
WARNING: [youtube] No title found in player responses; falling back to title from initial data. Other metadata may also be missing
ERROR: [youtube] zc8Nh4TMB1s: Sign in to confirm you’re not a bot. Use --cookies-from-browser or --cookies for the authentication. See  https://github.com/yt-dlp/yt-dlp/wiki/FAQ#how-do-i-pass-cookies-to-yt-dlp  for how to manually pass cookies. Also see  https://github.com/yt-dlp/yt-dlp/wiki/Extractors#exporting-youtube-cookies  for tips on effectively exporting YouTube cookies
WARNING: [youtube] No title found in player responses; falling back to title from initial data. Other metadata may also be missing
ERROR: [youtube] V-z0k5xu1hM: Sign in to confirm you’re not a bot. Use --cookies-from-browser or --cookies for the authentication. See  https://github.com/yt-dlp/yt-dlp/wiki/FAQ#how-do-i-pass-cookies-to-yt-dlp  for how to manually pass cookies. Also see  https://github.com/yt-dlp/yt-dlp/wiki/Extractors#exporting-youtube-cookies  for tips on effectively exporting YouTube cookies
WARNING: [youtube] No title found in player responses; falling back to title from initial data. Other metadata may also be missing
ERROR: [youtube] kwEtOyaFhCA: Sign in to confirm you’re not a bot. Use --cookies-from-browser or --cookies for the authentication. See  https://github.com/yt-dlp/yt-dlp/wiki/FAQ#how-do-i-pass-cookies-to-yt-dlp  for how to manually pass cookies. Also see  https://github.com/yt-dlp/yt-dlp/wiki/Extractors#exporting-youtube-cookies  for tips on effectively exporting YouTube cookies
WARNING: [youtube] No title found in player responses; falling back to title from initial data. Other metadata may also be missing
ERROR: [youtube] BTJGr78-zyw: Sign in to confirm you’re not a bot. Use --cookies-from-browser or --cookies for the authentication. See  https://github.com/yt-dlp/yt-dlp/wiki/FAQ#how-do-i-pass-cookies-to-yt-dlp  for how to manually pass cookies. Also see  https://github.com/yt-dlp/yt-dlp/wiki/Extractors#exporting-youtube-cookies  for tips on effectively exporting YouTube cookies
WARNING: [youtube] No title found in player responses; falling back to title from initial data. Other metadata may also be missing
ERROR: [youtube] NdU6UdUKaYc: Sign in to confirm you’re not a bot. Use --cookies-from-browser or --cookies for the authentication. See  https://github.com/yt-dlp/yt-dlp/wiki/FAQ#how-do-i-pass-cookies-to-yt-dlp  for how to manually pass cookies. Also see  https://github.com/yt-dlp/yt-dlp/wiki/Extractors#exporting-youtube-cookies  for tips on effectively exporting YouTube cookies
Deprecated Feature: Support for Python version 3.9 has been deprecated. Please update to Python 3.10 or above
WARNING: [youtube] No title found in player responses; falling back to title from initial data. Other metadata may also be missing
ERROR: [youtube] eFeDpUVEy48: Sign in to confirm you’re not a bot. Use --cookies-from-browser or --cookies for the authentication. See  https://github.com/yt-dlp/yt-dlp/wiki/FAQ#how-do-i-pass-cookies-to-yt-dlp  for how to manually pass cookies. Also see  https://github.com/yt-dlp/yt-dlp/wiki/Extractors#exporting-youtube-cookies  for tips on effectively exporting YouTube cookies
WARNING: [youtube] No title found in player responses; falling back to title from initial data. Other metadata may also be missing
ERROR: [youtube] coX4duwUCpw: Sign in to confirm you’re not a bot. Use --cookies-from-browser or --cookies for the authentication. See  https://github.com/yt-dlp/yt-dlp/wiki/FAQ#how-do-i-pass-cookies-to-yt-dlp  for how to manually pass cookies. Also see  https://github.com/yt-dlp/yt-dlp/wiki/Extractors#exporting-youtube-cookies  for tips on effectively exporting YouTube cookies
WARNING: [youtube] No title found in player responses; falling back to title from initial data. Other metadata may also be missing
ERROR: [youtube] i9TvUGeTltE: Sign in to confirm you’re not a bot. Use --cookies-from-browser or --cookies for the authentication. See  https://github.com/yt-dlp/yt-dlp/wiki/FAQ#how-do-i-pass-cookies-to-yt-dlp  for how to manually pass cookies. Also see  https://github.com/yt-dlp/yt-dlp/wiki/Extractors#exporting-youtube-cookies  for tips on effectively exporting YouTube cookies
WARNING: [youtube] No title found in player responses; falling back to title from initial data. Other metadata may also be missing
ERROR: [youtube] 7YrdI7h2XoY: Sign in to confirm you’re not a bot. Use --cookies-from-browser or --cookies for the authentication. See  https://github.com/yt-dlp/yt-dlp/wiki/FAQ#how-do-i-pass-cookies-to-yt-dlp  for how to manually pass cookies. Also see  https://github.com/yt-dlp/yt-dlp/wiki/Extractors#exporting-youtube-cookies  for tips on effectively exporting YouTube cookies
WARNING: [youtube] No title found in player responses; falling back to title from initial data. Other metadata may also be missing
ERROR: [youtube] c347oYQO57A: Sign in to confirm you’re not a bot. Use --cookies-from-browser or --cookies for the authentication. See  https://github.com/yt-dlp/yt-dlp/wiki/FAQ#how-do-i-pass-cookies-to-yt-dlp  for how to manually pass cookies. Also see  https://github.com/yt-dlp/yt-dlp/wiki/Extractors#exporting-youtube-cookies  for tips on effectively exporting YouTube cookies
Deprecated Feature: Support for Python version 3.9 has been deprecated. Please update to Python 3.10 or above
WARNING: [youtube] No title found in player responses; falling back to title from initial data. Other metadata may also be missing
ERROR: [youtube] eFeDpUVEy48: Sign in to confirm you’re not a bot. Use --cookies-from-browser or --cookies for the authentication. See  https://github.com/yt-dlp/yt-dlp/wiki/FAQ#how-do-i-pass-cookies-to-yt-dlp  for how to manually pass cookies. Also see  https://github.com/yt-dlp/yt-dlp/wiki/Extractors#exporting-youtube-cookies  for tips on effectively exporting YouTube cookies
WARNING: [youtube] No title found in player responses; falling back to title from initial data. Other metadata may also be missing
ERROR: [youtube] coX4duwUCpw: Sign in to confirm you’re not a bot. Use --cookies-from-browser or --cookies for the authentication. See  https://github.com/yt-dlp/yt-dlp/wiki/FAQ#how-do-i-pass-cookies-to-yt-dlp  for how to manually pass cookies. Also see  https://github.com/yt-dlp/yt-dlp/wiki/Extractors#exporting-youtube-cookies  for tips on effectively exporting YouTube cookies
WARNING: [youtube] No title found in player responses; falling back to title from initial data. Other metadata may also be missing
ERROR: [youtube] i9TvUGeTltE: Sign in to confirm you’re not a bot. Use --cookies-from-browser or --cookies for the authentication. See  https://github.com/yt-dlp/yt-dlp/wiki/FAQ#how-do-i-pass-cookies-to-yt-dlp  for how to manually pass cookies. Also see  https://github.com/yt-dlp/yt-dlp/wiki/Extractors#exporting-youtube-cookies  for tips on effectively exporting YouTube cookies
WARNING: [youtube] No title found in player responses; falling back to title from initial data. Other metadata may also be missing
ERROR: [youtube] 7YrdI7h2XoY: Sign in to confirm you’re not a bot. Use --cookies-from-browser or --cookies for the authentication. See  https://github.com/yt-dlp/yt-dlp/wiki/FAQ#how-do-i-pass-cookies-to-yt-dlp  for how to manually pass cookies. Also see  https://github.com/yt-dlp/yt-dlp/wiki/Extractors#exporting-youtube-cookies  for tips on effectively exporting YouTube cookies
WARNING: [youtube] No title found in player responses; falling back to title from initial data. Other metadata may also be missing
ERROR: [youtube] c347oYQO57A: Sign in to confirm you’re not a bot. Use --cookies-from-browser or --cookies for the authentication. See  https://github.com/yt-dlp/yt-dlp/wiki/FAQ#how-do-i-pass-cookies-to-yt-dlp  for how to manually pass cookies. Also see  https://github.com/yt-dlp/yt-dlp/wiki/Extractors#exporting-youtube-cookies  for tips on effectively exporting YouTube cookies
2026-05-20 04:06:36,584 [INFO] [MiniMax] 请求状态: 200, attempt=1
2026-05-20 04:06:36,585 [INFO] [MiniMax] 成功, 输出长度: 23
2026-05-20 04:06:36,586 [INFO] [translate_to_chinese] status=SUCCESS, len=23
2026-05-20 04:07:18,435 [INFO] [MiniMax] 请求状态: 200, attempt=1
2026-05-20 04:07:18,436 [INFO] [MiniMax] 成功, 输出长度: 2354
2026-05-20 04:07:18,437 [INFO] [generate_youtube_summary] status=SUCCESS, len=2354
/Users/vincentnie/Library/Python/3.9/lib/python/site-packages/urllib3/__init__.py:35: NotOpenSSLWarning: urllib3 v2 only supports OpenSSL 1.1.1+, currently the 'ssl' module is compiled with 'LibreSSL 2.8.3'. See: https://github.com/urllib3/urllib3/issues/3020
  warnings.warn(
/Users/vincentnie/Library/Python/3.9/lib/python/site-packages/urllib3/__init__.py:35: NotOpenSSLWarning: urllib3 v2 only supports OpenSSL 1.1.1+, currently the 'ssl' module is compiled with 'LibreSSL 2.8.3'. See: https://github.com/urllib3/urllib3/issues/3020
  warnings.warn(
/Users/vincentnie/Library/Python/3.9/lib/python/site-packages/urllib3/connectionpool.py:1097: InsecureRequestWarning: Unverified HTTPS request is being made to host '127.0.0.1'. Adding certificate verification is strongly advised. See: https://urllib3.readthedocs.io/en/latest/advanced-usage.html#tls-warnings
  warnings.warn(
/Users/vincentnie/Library/Python/3.9/lib/python/site-packages/urllib3/connectionpool.py:1097: InsecureRequestWarning: Unverified HTTPS request is being made to host '127.0.0.1'. Adding certificate verification is strongly advised. See: https://urllib3.readthedocs.io/en/latest/advanced-usage.html#tls-warnings
  warnings.warn(
/Users/vincentnie/Library/Python/3.9/lib/python/site-packages/urllib3/connectionpool.py:1097: InsecureRequestWarning: Unverified HTTPS request is being made to host '127.0.0.1'. Adding certificate verification is strongly advised. See: https://urllib3.readthedocs.io/en/latest/advanced-usage.html#tls-warnings
  warnings.warn(
/Users/vincentnie/Library/Python/3.9/lib/python/site-packages/urllib3/connectionpool.py:1097: InsecureRequestWarning: Unverified HTTPS request is being made to host '127.0.0.1'. Adding certificate verification is strongly advised. See: https://urllib3.readthedocs.io/en/latest/advanced-usage.html#tls-warnings
  warnings.warn(
/Users/vincentnie/Library/Python/3.9/lib/python/site-packages/urllib3/connectionpool.py:1097: InsecureRequestWarning: Unverified HTTPS request is being made to host '127.0.0.1'. Adding certificate verification is strongly advised. See: https://urllib3.readthedocs.io/en/latest/advanced-usage.html#tls-warnings
  warnings.warn(
/Users/vincentnie/Library/Python/3.9/lib/python/site-packages/urllib3/connectionpool.py:1097: InsecureRequestWarning: Unverified HTTPS request is being made to host '127.0.0.1'. Adding certificate verification is strongly advised. See: https://urllib3.readthedocs.io/en/latest/advanced-usage.html#tls-warnings
  warnings.warn(
/Users/vincentnie/Library/Python/3.9/lib/python/site-packages/urllib3/connectionpool.py:1097: InsecureRequestWarning: Unverified HTTPS request is being made to host '127.0.0.1'. Adding certificate verification is strongly advised. See: https://urllib3.readthedocs.io/en/latest/advanced-usage.html#tls-warnings
  warnings.warn(
/Users/vincentnie/Library/Python/3.9/lib/python/site-packages/urllib3/connectionpool.py:1097: InsecureRequestWarning: Unverified HTTPS request is being made to host '127.0.0.1'. Adding certificate verification is strongly advised. See: https://urllib3.readthedocs.io/en/latest/advanced-usage.html#tls-warnings
  warnings.warn(
/Users/vincentnie/Library/Python/3.9/lib/python/site-packages/urllib3/connectionpool.py:1097: InsecureRequestWarning: Unverified HTTPS request is being made to host '127.0.0.1'. Adding certificate verification is strongly advised. See: https://urllib3.readthedocs.io/en/latest/advanced-usage.html#tls-warnings
  warnings.warn(
/Users/vincentnie/Library/Python/3.9/lib/python/site-packages/urllib3/connectionpool.py:1097: InsecureRequestWarning: Unverified HTTPS request is being made to host '127.0.0.1'. Adding certificate verification is strongly advised. See: https://urllib3.readthedocs.io/en/latest/advanced-usage.html#tls-warnings
  warnings.warn(
/Users/vincentnie/Library/Python/3.9/lib/python/site-packages/urllib3/connectionpool.py:1097: InsecureRequestWarning: Unverified HTTPS request is being made to host '127.0.0.1'. Adding certificate verification is strongly advised. See: https://urllib3.readthedocs.io/en/latest/advanced-usage.html#tls-warnings
  warnings.warn(
2026-05-21 04:02:20,069 [INFO] [MiniMax] 请求状态: 200, attempt=1
2026-05-21 04:02:20,071 [INFO] [MiniMax] 成功, 输出长度: 2513
2026-05-21 04:02:20,073 [INFO] [generate_podcast_summary] status=SUCCESS, len=2513
2026-05-21 04:03:15,776 [INFO] [MiniMax] 请求状态: 200, attempt=1
2026-05-21 04:03:15,776 [INFO] [MiniMax] 成功, 输出长度: 1658
2026-05-21 04:03:15,778 [INFO] [generate_podcast_summary] status=SUCCESS, len=1658
2026-05-21 04:04:04,463 [INFO] [MiniMax] 请求状态: 200, attempt=1
2026-05-21 04:04:04,464 [INFO] [MiniMax] 成功, 输出长度: 2734
2026-05-21 04:04:04,466 [INFO] [generate_podcast_summary] status=SUCCESS, len=2734
/Users/vincentnie/Library/Python/3.9/lib/python/site-packages/urllib3/__init__.py:35: NotOpenSSLWarning: urllib3 v2 only supports OpenSSL 1.1.1+, currently the 'ssl' module is compiled with 'LibreSSL 2.8.3'. See: https://github.com/urllib3/urllib3/issues/3020
  warnings.warn(
Deprecated Feature: Support for Python version 3.9 has been deprecated. Please update to Python 3.10 or above
WARNING: [youtube] nepKKz-MzFM: Some web client https formats have been skipped as they are missing a url. YouTube is forcing SABR streaming for this client. See  https://github.com/yt-dlp/yt-dlp/issues/12482  for more details
WARNING: [youtube] iKx3gAODybU: Some web client https formats have been skipped as they are missing a url. YouTube is forcing SABR streaming for this client. See  https://github.com/yt-dlp/yt-dlp/issues/12482  for more details
WARNING: [youtube] vif8NQcjVf0: Some web client https formats have been skipped as they are missing a url. YouTube is forcing SABR streaming for this client. See  https://github.com/yt-dlp/yt-dlp/issues/12482  for more details
WARNING: [youtube] H9rF1CSSh-w: Some web client https formats have been skipped as they are missing a url. YouTube is forcing SABR streaming for this client. See  https://github.com/yt-dlp/yt-dlp/issues/12482  for more details
WARNING: [youtube] 1SJiTwbSI58: Some web client https formats have been skipped as they are missing a url. YouTube is forcing SABR streaming for this client. See  https://github.com/yt-dlp/yt-dlp/issues/12482  for more details
Deprecated Feature: Support for Python version 3.9 has been deprecated. Please update to Python 3.10 or above
WARNING: [youtube] pddFfZy4nZU: Some web client https formats have been skipped as they are missing a url. YouTube is forcing SABR streaming for this client. See  https://github.com/yt-dlp/yt-dlp/issues/12482  for more details
WARNING: [youtube] Ie07zcmbnhM: Some web client https formats have been skipped as they are missing a url. YouTube is forcing SABR streaming for this client. See  https://github.com/yt-dlp/yt-dlp/issues/12482  for more details
WARNING: [youtube] FnJaDj5zUhY: Some web client https formats have been skipped as they are missing a url. YouTube is forcing SABR streaming for this client. See  https://github.com/yt-dlp/yt-dlp/issues/12482  for more details
WARNING: [youtube] 9qqLihL4AWk: Some web client https formats have been skipped as they are missing a url. YouTube is forcing SABR streaming for this client. See  https://github.com/yt-dlp/yt-dlp/issues/12482  for more details
WARNING: [youtube] k1z0e7bGzq0: Some web client https formats have been skipped as they are missing a url. YouTube is forcing SABR streaming for this client. See  https://github.com/yt-dlp/yt-dlp/issues/12482  for more details
Deprecated Feature: Support for Python version 3.9 has been deprecated. Please update to Python 3.10 or above
WARNING: [youtube] jJRAvZNGUvI: Some web client https formats have been skipped as they are missing a url. YouTube is forcing SABR streaming for this client. See  https://github.com/yt-dlp/yt-dlp/issues/12482  for more details
WARNING: [youtube] EIo3AuyvV84: Some web client https formats have been skipped as they are missing a url. YouTube is forcing SABR streaming for this client. See  https://github.com/yt-dlp/yt-dlp/issues/12482  for more details
WARNING: [youtube] GCpjy3TC8Pg: Some web client https formats have been skipped as they are missing a url. YouTube is forcing SABR streaming for this client. See  https://github.com/yt-dlp/yt-dlp/issues/12482  for more details
WARNING: [youtube] 10MdOvK-aG4: Some web client https formats have been skipped as they are missing a url. YouTube is forcing SABR streaming for this client. See  https://github.com/yt-dlp/yt-dlp/issues/12482  for more details
WARNING: [youtube] fpC4sbawSzQ: Some web client https formats have been skipped as they are missing a url. YouTube is forcing SABR streaming for this client. See  https://github.com/yt-dlp/yt-dlp/issues/12482  for more details
Deprecated Feature: Support for Python version 3.9 has been deprecated. Please update to Python 3.10 or above
WARNING: [youtube] R341JzbpC5k: Some web client https formats have been skipped as they are missing a url. YouTube is forcing SABR streaming for this client. See  https://github.com/yt-dlp/yt-dlp/issues/12482  for more details
WARNING: [youtube] hJazYa3CYZE: Some web client https formats have been skipped as they are missing a url. YouTube is forcing SABR streaming for this client. See  https://github.com/yt-dlp/yt-dlp/issues/12482  for more details
WARNING: [youtube] MUg8U5YxS4k: Some web client https formats have been skipped as they are missing a url. YouTube is forcing SABR streaming for this client. See  https://github.com/yt-dlp/yt-dlp/issues/12482  for more details
WARNING: [youtube] d2dgJGkw5p0: Some web client https formats have been skipped as they are missing a url. YouTube is forcing SABR streaming for this client. See  https://github.com/yt-dlp/yt-dlp/issues/12482  for more details
WARNING: [youtube] _2LfgJq-1j0: Some web client https formats have been skipped as they are missing a url. YouTube is forcing SABR streaming for this client. See  https://github.com/yt-dlp/yt-dlp/issues/12482  for more details
Deprecated Feature: Support for Python version 3.9 has been deprecated. Please update to Python 3.10 or above
WARNING: [youtube] aKNaXGpJ7WM: Some web client https formats have been skipped as they are missing a url. YouTube is forcing SABR streaming for this client. See  https://github.com/yt-dlp/yt-dlp/issues/12482  for more details
WARNING: [youtube] 7BJAjYjVAVo: Some web client https formats have been skipped as they are missing a url. YouTube is forcing SABR streaming for this client. See  https://github.com/yt-dlp/yt-dlp/issues/12482  for more details
WARNING: [youtube] _BngA7hLTv4: Some web client https formats have been skipped as they are missing a url. YouTube is forcing SABR streaming for this client. See  https://github.com/yt-dlp/yt-dlp/issues/12482  for more details
WARNING: [youtube] hU8mysZaPts: Some web client https formats have been skipped as they are missing a url. YouTube is forcing SABR streaming for this client. See  https://github.com/yt-dlp/yt-dlp/issues/12482  for more details
WARNING: [youtube] _vhDblAOLnY: Some web client https formats have been skipped as they are missing a url. YouTube is forcing SABR streaming for this client. See  https://github.com/yt-dlp/yt-dlp/issues/12482  for more details
Deprecated Feature: Support for Python version 3.9 has been deprecated. Please update to Python 3.10 or above
WARNING: [youtube] 4Ba-OKPbqJU: Some web client https formats have been skipped as they are missing a url. YouTube is forcing SABR streaming for this client. See  https://github.com/yt-dlp/yt-dlp/issues/12482  for more details
ERROR: [youtube] RvzgUtjCxRw: Premieres in 18 hours
WARNING: [youtube] 5CvlKCBrPHI: Some web client https formats have been skipped as they are missing a url. YouTube is forcing SABR streaming for this client. See  https://github.com/yt-dlp/yt-dlp/issues/12482  for more details
WARNING: [youtube] BmXvb1UOhgY: Some web client https formats have been skipped as they are missing a url. YouTube is forcing SABR streaming for this client. See  https://github.com/yt-dlp/yt-dlp/issues/12482  for more details
WARNING: [youtube] a4sq1CKPl0E: Some web client https formats have been skipped as they are missing a url. YouTube is forcing SABR streaming for this client. See  https://github.com/yt-dlp/yt-dlp/issues/12482  for more details
Deprecated Feature: Support for Python version 3.9 has been deprecated. Please update to Python 3.10 or above
WARNING: [youtube] u2MFautDjuM: Some web client https formats have been skipped as they are missing a url. YouTube is forcing SABR streaming for this client. See  https://github.com/yt-dlp/yt-dlp/issues/12482  for more details
WARNING: [youtube] KVFrBtkLg4I: Some web client https formats have been skipped as they are missing a url. YouTube is forcing SABR streaming for this client. See  https://github.com/yt-dlp/yt-dlp/issues/12482  for more details
WARNING: [youtube] BedAaB1RKgE: Some web client https formats have been skipped as they are missing a url. YouTube is forcing SABR streaming for this client. See  https://github.com/yt-dlp/yt-dlp/issues/12482  for more details
WARNING: [youtube] SbrEk_tXZaE: Some web client https formats have been skipped as they are missing a url. YouTube is forcing SABR streaming for this client. See  https://github.com/yt-dlp/yt-dlp/issues/12482  for more details
WARNING: [youtube] YCWwh70FZtQ: Some web client https formats have been skipped as they are missing a url. YouTube is forcing SABR streaming for this client. See  https://github.com/yt-dlp/yt-dlp/issues/12482  for more details
Deprecated Feature: Support for Python version 3.9 has been deprecated. Please update to Python 3.10 or above
WARNING: [youtube] Br4l9YjCyRU: Some web client https formats have been skipped as they are missing a url. YouTube is forcing SABR streaming for this client. See  https://github.com/yt-dlp/yt-dlp/issues/12482  for more details
WARNING: [youtube] _BY9YTTh6kE: Some web client https formats have been skipped as they are missing a url. YouTube is forcing SABR streaming for this client. See  https://github.com/yt-dlp/yt-dlp/issues/12482  for more details
WARNING: [youtube] CaBXLZyaJYU: Some web client https formats have been skipped as they are missing a url. YouTube is forcing SABR streaming for this client. See  https://github.com/yt-dlp/yt-dlp/issues/12482  for more details
WARNING: [youtube] DLP9CagE3dU: Some web client https formats have been skipped as they are missing a url. YouTube is forcing SABR streaming for this client. See  https://github.com/yt-dlp/yt-dlp/issues/12482  for more details
WARNING: [youtube] bH2nP-aCFjk: Some web client https formats have been skipped as they are missing a url. YouTube is forcing SABR streaming for this client. See  https://github.com/yt-dlp/yt-dlp/issues/12482  for more details
Deprecated Feature: Support for Python version 3.9 has been deprecated. Please update to Python 3.10 or above
WARNING: [youtube] 0hK__1vkqMg: Some web client https formats have been skipped as they are missing a url. YouTube is forcing SABR streaming for this client. See  https://github.com/yt-dlp/yt-dlp/issues/12482  for more details
WARNING: [youtube] zdAqvqhdVgU: Some web client https formats have been skipped as they are missing a url. YouTube is forcing SABR streaming for this client. See  https://github.com/yt-dlp/yt-dlp/issues/12482  for more details
WARNING: [youtube] Jg2jJH1K0o8: Some web client https formats have been skipped as they are missing a url. YouTube is forcing SABR streaming for this client. See  https://github.com/yt-dlp/yt-dlp/issues/12482  for more details
WARNING: [youtube] RCbJKkG_mZs: Some web client https formats have been skipped as they are missing a url. YouTube is forcing SABR streaming for this client. See  https://github.com/yt-dlp/yt-dlp/issues/12482  for more details
WARNING: [youtube] D8ohmtB8MdI: Some web client https formats have been skipped as they are missing a url. YouTube is forcing SABR streaming for this client. See  https://github.com/yt-dlp/yt-dlp/issues/12482  for more details
Deprecated Feature: Support for Python version 3.9 has been deprecated. Please update to Python 3.10 or above
WARNING: [youtube] zc8Nh4TMB1s: Some web client https formats have been skipped as they are missing a url. YouTube is forcing SABR streaming for this client. See  https://github.com/yt-dlp/yt-dlp/issues/12482  for more details
WARNING: [youtube] V-z0k5xu1hM: Some web client https formats have been skipped as they are missing a url. YouTube is forcing SABR streaming for this client. See  https://github.com/yt-dlp/yt-dlp/issues/12482  for more details
WARNING: [youtube] kwEtOyaFhCA: Some web client https formats have been skipped as they are missing a url. YouTube is forcing SABR streaming for this client. See  https://github.com/yt-dlp/yt-dlp/issues/12482  for more details
WARNING: [youtube] BTJGr78-zyw: Some web client https formats have been skipped as they are missing a url. YouTube is forcing SABR streaming for this client. See  https://github.com/yt-dlp/yt-dlp/issues/12482  for more details
WARNING: [youtube] NdU6UdUKaYc: Some web client https formats have been skipped as they are missing a url. YouTube is forcing SABR streaming for this client. See  https://github.com/yt-dlp/yt-dlp/issues/12482  for more details
Deprecated Feature: Support for Python version 3.9 has been deprecated. Please update to Python 3.10 or above
WARNING: [youtube] eFeDpUVEy48: Some web client https formats have been skipped as they are missing a url. YouTube is forcing SABR streaming for this client. See  https://github.com/yt-dlp/yt-dlp/issues/12482  for more details
WARNING: [youtube] coX4duwUCpw: Some web client https formats have been skipped as they are missing a url. YouTube is forcing SABR streaming for this client. See  https://github.com/yt-dlp/yt-dlp/issues/12482  for more details
WARNING: [youtube] i9TvUGeTltE: Some web client https formats have been skipped as they are missing a url. YouTube is forcing SABR streaming for this client. See  https://github.com/yt-dlp/yt-dlp/issues/12482  for more details
WARNING: [youtube] 7YrdI7h2XoY: Some web client https formats have been skipped as they are missing a url. YouTube is forcing SABR streaming for this client. See  https://github.com/yt-dlp/yt-dlp/issues/12482  for more details
WARNING: [youtube] c347oYQO57A: Some web client https formats have been skipped as they are missing a url. YouTube is forcing SABR streaming for this client. See  https://github.com/yt-dlp/yt-dlp/issues/12482  for more details
Deprecated Feature: Support for Python version 3.9 has been deprecated. Please update to Python 3.10 or above
WARNING: [youtube] eFeDpUVEy48: Some web client https formats have been skipped as they are missing a url. YouTube is forcing SABR streaming for this client. See  https://github.com/yt-dlp/yt-dlp/issues/12482  for more details
WARNING: [youtube] coX4duwUCpw: Some web client https formats have been skipped as they are missing a url. YouTube is forcing SABR streaming for this client. See  https://github.com/yt-dlp/yt-dlp/issues/12482  for more details
WARNING: [youtube] i9TvUGeTltE: Some web client https formats have been skipped as they are missing a url. YouTube is forcing SABR streaming for this client. See  https://github.com/yt-dlp/yt-dlp/issues/12482  for more details
WARNING: [youtube] 7YrdI7h2XoY: Some web client https formats have been skipped as they are missing a url. YouTube is forcing SABR streaming for this client. See  https://github.com/yt-dlp/yt-dlp/issues/12482  for more details
WARNING: [youtube] c347oYQO57A: Some web client https formats have been skipped as they are missing a url. YouTube is forcing SABR streaming for this client. See  https://github.com/yt-dlp/yt-dlp/issues/12482  for more details
2026-05-21 04:08:09,928 [INFO] [MiniMax] 请求状态: 200, attempt=1
2026-05-21 04:08:09,929 [INFO] [MiniMax] 成功, 输出长度: 34
2026-05-21 04:08:09,931 [INFO] [translate_to_chinese] status=SUCCESS, len=34
2026-05-21 04:09:11,209 [ERROR] [MiniMax] 请求异常: HTTPSConnectionPool(host='api.minimax.chat', port=443): Read timed out. (read timeout=60), attempt=1/3
2026-05-21 04:09:48,068 [INFO] [MiniMax] 请求状态: 200, attempt=2
2026-05-21 04:09:48,069 [INFO] [MiniMax] 成功, 输出长度: 2548
2026-05-21 04:09:48,069 [INFO] [generate_youtube_summary] status=SUCCESS, len=2548
2026-05-21 04:09:58,001 [INFO] [MiniMax] 请求状态: 200, attempt=1
2026-05-21 04:09:58,001 [INFO] [MiniMax] 成功, 输出长度: 26
2026-05-21 04:09:58,003 [INFO] [translate_to_chinese] status=SUCCESS, len=26
2026-05-21 04:10:39,151 [INFO] [MiniMax] 请求状态: 200, attempt=1
2026-05-21 04:10:39,151 [INFO] [MiniMax] 成功, 输出长度: 2471
2026-05-21 04:10:39,152 [INFO] [generate_youtube_summary] status=SUCCESS, len=2471
2026-05-21 04:10:44,025 [INFO] [MiniMax] 请求状态: 200, attempt=1
2026-05-21 04:10:44,026 [INFO] [MiniMax] 成功, 输出长度: 22
2026-05-21 04:10:44,028 [INFO] [translate_to_chinese] status=SUCCESS, len=22
2026-05-21 04:11:34,875 [INFO] [MiniMax] 请求状态: 200, attempt=1
2026-05-21 04:11:34,876 [INFO] [MiniMax] 成功, 输出长度: 3177
2026-05-21 04:11:34,879 [INFO] [generate_youtube_summary] status=SUCCESS, len=3177
2026-05-21 04:11:45,635 [INFO] [MiniMax] 请求状态: 200, attempt=1
2026-05-21 04:11:45,636 [INFO] [MiniMax] 成功, 输出长度: 27
2026-05-21 04:11:45,638 [INFO] [translate_to_chinese] status=SUCCESS, len=27
2026-05-21 04:12:18,655 [INFO] [MiniMax] 请求状态: 200, attempt=1
2026-05-21 04:12:18,656 [INFO] [MiniMax] 成功, 输出长度: 1930
2026-05-21 04:12:18,658 [INFO] [generate_youtube_summary] status=SUCCESS, len=1930
2026-05-21 04:12:25,559 [INFO] [MiniMax] 请求状态: 200, attempt=1
2026-05-21 04:12:25,560 [INFO] [MiniMax] 成功, 输出长度: 37
2026-05-21 04:12:25,562 [INFO] [translate_to_chinese] status=SUCCESS, len=37
2026-05-21 04:12:55,560 [INFO] [MiniMax] 请求状态: 200, attempt=1
2026-05-21 04:12:55,561 [INFO] [MiniMax] 成功, 输出长度: 1837
2026-05-21 04:12:55,563 [INFO] [generate_youtube_summary] status=SUCCESS, len=1837
2026-05-21 04:13:02,575 [INFO] [MiniMax] 请求状态: 200, attempt=1
2026-05-21 04:13:02,575 [INFO] [MiniMax] 成功, 输出长度: 25
2026-05-21 04:13:02,577 [INFO] [translate_to_chinese] status=SUCCESS, len=25
2026-05-21 04:13:42,532 [INFO] [MiniMax] 请求状态: 200, attempt=1
2026-05-21 04:13:42,532 [INFO] [MiniMax] 成功, 输出长度: 2622
2026-05-21 04:13:42,534 [INFO] [generate_youtube_summary] status=SUCCESS, len=2622
2026-05-21 04:13:50,403 [INFO] [MiniMax] 请求状态: 200, attempt=1
2026-05-21 04:13:50,403 [INFO] [MiniMax] 成功, 输出长度: 21
2026-05-21 04:13:50,405 [INFO] [translate_to_chinese] status=SUCCESS, len=21
2026-05-21 04:14:18,043 [INFO] [MiniMax] 请求状态: 200, attempt=1
2026-05-21 04:14:18,044 [INFO] [MiniMax] 成功, 输出长度: 1500
2026-05-21 04:14:18,046 [INFO] [generate_youtube_summary] status=SUCCESS, len=1500
2026-05-21 04:14:35,307 [INFO] [MiniMax] 请求状态: 200, attempt=1
2026-05-21 04:14:35,308 [INFO] [MiniMax] 成功, 输出长度: 41
2026-05-21 04:14:35,310 [INFO] [translate_to_chinese] status=SUCCESS, len=41
2026-05-21 04:15:04,715 [INFO] [MiniMax] 请求状态: 200, attempt=1
2026-05-21 04:15:04,716 [INFO] [MiniMax] 成功, 输出长度: 1943
2026-05-21 04:15:04,718 [INFO] [generate_youtube_summary] status=SUCCESS, len=1943
2026-05-21 04:15:13,318 [INFO] [MiniMax] 请求状态: 200, attempt=1
2026-05-21 04:15:13,319 [INFO] [MiniMax] 成功, 输出长度: 34
2026-05-21 04:15:13,321 [INFO] [translate_to_chinese] status=SUCCESS, len=34
2026-05-21 04:16:00,767 [INFO] [MiniMax] 请求状态: 200, attempt=1
2026-05-21 04:16:00,767 [INFO] [MiniMax] 成功, 输出长度: 3164
2026-05-21 04:16:00,769 [INFO] [generate_youtube_summary] status=SUCCESS, len=3164
2026-05-21 04:16:08,340 [INFO] [MiniMax] 请求状态: 200, attempt=1
2026-05-21 04:16:08,341 [INFO] [MiniMax] 成功, 输出长度: 17
2026-05-21 04:16:08,343 [INFO] [translate_to_chinese] status=SUCCESS, len=17
2026-05-21 04:17:00,052 [INFO] [MiniMax] 请求状态: 200, attempt=1
2026-05-21 04:17:00,053 [INFO] [MiniMax] 成功, 输出长度: 3595
2026-05-21 04:17:00,055 [INFO] [generate_youtube_summary] status=SUCCESS, len=3595
2026-05-21 04:17:09,617 [INFO] [MiniMax] 请求状态: 200, attempt=1
2026-05-21 04:17:09,618 [INFO] [MiniMax] 成功, 输出长度: 6
2026-05-21 04:17:09,620 [INFO] [translate_to_chinese] status=SUCCESS, len=6
2026-05-21 04:17:34,705 [INFO] [MiniMax] 请求状态: 200, attempt=1
2026-05-21 04:17:34,705 [INFO] [MiniMax] 成功, 输出长度: 1669
2026-05-21 04:17:34,708 [INFO] [generate_youtube_summary] status=SUCCESS, len=1669
2026-05-21 04:17:45,936 [INFO] [MiniMax] 请求状态: 200, attempt=1
2026-05-21 04:17:45,937 [INFO] [MiniMax] 成功, 输出长度: 25
2026-05-21 04:17:45,939 [INFO] [translate_to_chinese] status=SUCCESS, len=25
2026-05-21 04:18:28,322 [INFO] [MiniMax] 请求状态: 200, attempt=1
2026-05-21 04:18:28,323 [INFO] [MiniMax] 成功, 输出长度: 2278
2026-05-21 04:18:28,325 [INFO] [generate_youtube_summary] status=SUCCESS, len=2278
2026-05-21 04:18:37,946 [INFO] [MiniMax] 请求状态: 200, attempt=1
2026-05-21 04:18:37,947 [INFO] [MiniMax] 成功, 输出长度: 32
2026-05-21 04:18:37,949 [INFO] [translate_to_chinese] status=SUCCESS, len=32
2026-05-21 04:19:09,384 [INFO] [MiniMax] 请求状态: 200, attempt=1
2026-05-21 04:19:09,385 [INFO] [MiniMax] 成功, 输出长度: 2001
2026-05-21 04:19:09,387 [INFO] [generate_youtube_summary] status=SUCCESS, len=2001
2026-05-21 04:19:15,532 [INFO] [MiniMax] 请求状态: 200, attempt=1
2026-05-21 04:19:15,533 [INFO] [MiniMax] 成功, 输出长度: 23
2026-05-21 04:19:15,535 [INFO] [translate_to_chinese] status=SUCCESS, len=23
2026-05-21 04:20:07,320 [INFO] [MiniMax] 请求状态: 200, attempt=1
2026-05-21 04:20:07,321 [INFO] [MiniMax] 成功, 输出长度: 3142
2026-05-21 04:20:07,323 [INFO] [generate_youtube_summary] status=SUCCESS, len=3142
2026-05-21 04:20:15,166 [INFO] [MiniMax] 请求状态: 200, attempt=1
2026-05-21 04:20:15,167 [INFO] [MiniMax] 成功, 输出长度: 30
2026-05-21 04:20:15,169 [INFO] [translate_to_chinese] status=SUCCESS, len=30
2026-05-21 04:21:10,157 [INFO] [MiniMax] 请求状态: 200, attempt=1
2026-05-21 04:21:10,157 [INFO] [MiniMax] 成功, 输出长度: 3250
2026-05-21 04:21:10,160 [INFO] [generate_youtube_summary] status=SUCCESS, len=3250
/Users/vincentnie/Library/Python/3.9/lib/python/site-packages/urllib3/__init__.py:35: NotOpenSSLWarning: urllib3 v2 only supports OpenSSL 1.1.1+, currently the 'ssl' module is compiled with 'LibreSSL 2.8.3'. See: https://github.com/urllib3/urllib3/issues/3020
  warnings.warn(
2026-05-22 04:02:00,838 [INFO] [MiniMax] 请求状态: 200, attempt=1
2026-05-22 04:02:00,839 [INFO] [MiniMax] 成功, 输出长度: 12
2026-05-22 04:02:00,841 [INFO] [translate_to_chinese] status=SUCCESS, len=12
2026-05-22 04:02:18,960 [INFO] [MiniMax] 请求状态: 200, attempt=1
2026-05-22 04:02:18,960 [INFO] [MiniMax] 成功, 输出长度: 96
2026-05-22 04:02:18,962 [INFO] [translate_to_chinese] status=SUCCESS, len=96
2026-05-22 04:02:22,748 [INFO] [MiniMax] 请求状态: 200, attempt=1
2026-05-22 04:02:22,749 [INFO] [MiniMax] 成功, 输出长度: 43
2026-05-22 04:02:22,751 [INFO] [translate_to_chinese] status=SUCCESS, len=43
2026-05-22 04:02:29,609 [INFO] [MiniMax] 请求状态: 200, attempt=1
2026-05-22 04:02:29,609 [INFO] [MiniMax] 成功, 输出长度: 145
2026-05-22 04:02:29,611 [INFO] [translate_to_chinese] status=SUCCESS, len=145
2026-05-22 04:02:47,529 [INFO] [MiniMax] 请求状态: 200, attempt=1
2026-05-22 04:02:47,530 [INFO] [MiniMax] 成功, 输出长度: 19
2026-05-22 04:02:47,532 [INFO] [translate_to_chinese] status=SUCCESS, len=19
2026-05-22 04:03:06,780 [INFO] [MiniMax] 请求状态: 200, attempt=1
2026-05-22 04:03:06,781 [INFO] [MiniMax] 成功, 输出长度: 103
2026-05-22 04:03:06,783 [INFO] [translate_to_chinese] status=SUCCESS, len=103
2026-05-22 04:03:11,900 [INFO] [MiniMax] 请求状态: 200, attempt=1
2026-05-22 04:03:11,901 [INFO] [MiniMax] 成功, 输出长度: 15
2026-05-22 04:03:11,903 [INFO] [translate_to_chinese] status=SUCCESS, len=15
2026-05-22 04:03:21,833 [INFO] [MiniMax] 请求状态: 200, attempt=1
2026-05-22 04:03:21,834 [INFO] [MiniMax] 成功, 输出长度: 101
2026-05-22 04:03:21,836 [INFO] [translate_to_chinese] status=SUCCESS, len=101
2026-05-22 04:03:24,802 [INFO] [MiniMax] 请求状态: 200, attempt=1
2026-05-22 04:03:24,803 [INFO] [MiniMax] 成功, 输出长度: 21
2026-05-22 04:03:24,805 [INFO] [translate_to_chinese] status=SUCCESS, len=21
2026-05-22 04:03:34,223 [INFO] [MiniMax] 请求状态: 200, attempt=1
2026-05-22 04:03:34,224 [INFO] [MiniMax] 成功, 输出长度: 115
2026-05-22 04:03:34,226 [INFO] [translate_to_chinese] status=SUCCESS, len=115
2026-05-22 04:03:38,524 [INFO] [MiniMax] 请求状态: 200, attempt=1
2026-05-22 04:03:38,524 [INFO] [MiniMax] 成功, 输出长度: 23
2026-05-22 04:03:38,526 [INFO] [translate_to_chinese] status=SUCCESS, len=23
2026-05-22 04:03:43,849 [INFO] [MiniMax] 请求状态: 200, attempt=1
2026-05-22 04:03:43,850 [INFO] [MiniMax] 成功, 输出长度: 137
2026-05-22 04:03:43,852 [INFO] [translate_to_chinese] status=SUCCESS, len=137
2026-05-22 04:03:53,782 [INFO] [MiniMax] 请求状态: 200, attempt=1
2026-05-22 04:03:53,782 [INFO] [MiniMax] 成功, 输出长度: 19
2026-05-22 04:03:53,784 [INFO] [translate_to_chinese] status=SUCCESS, len=19
2026-05-22 04:04:20,500 [INFO] [MiniMax] 请求状态: 200, attempt=1
2026-05-22 04:04:20,500 [INFO] [MiniMax] 成功, 输出长度: 125
2026-05-22 04:04:20,503 [INFO] [translate_to_chinese] status=SUCCESS, len=125
2026-05-22 04:04:24,911 [INFO] [MiniMax] 请求状态: 200, attempt=1
2026-05-22 04:04:24,912 [INFO] [MiniMax] 成功, 输出长度: 18
2026-05-22 04:04:24,914 [INFO] [translate_to_chinese] status=SUCCESS, len=18
2026-05-22 04:04:33,351 [INFO] [MiniMax] 请求状态: 200, attempt=1
2026-05-22 04:04:33,351 [INFO] [MiniMax] 成功, 输出长度: 119
2026-05-22 04:04:33,353 [INFO] [translate_to_chinese] status=SUCCESS, len=119
2026-05-22 04:04:36,176 [INFO] [MiniMax] 请求状态: 200, attempt=1
2026-05-22 04:04:36,176 [INFO] [MiniMax] 成功, 输出长度: 10
2026-05-22 04:04:36,178 [INFO] [translate_to_chinese] status=SUCCESS, len=10
2026-05-22 04:04:45,289 [INFO] [MiniMax] 请求状态: 200, attempt=1
2026-05-22 04:04:45,290 [INFO] [MiniMax] 成功, 输出长度: 148
2026-05-22 04:04:45,292 [INFO] [translate_to_chinese] status=SUCCESS, len=148
2026-05-22 04:04:53,174 [INFO] [MiniMax] 请求状态: 200, attempt=1
2026-05-22 04:04:53,174 [INFO] [MiniMax] 成功, 输出长度: 34
2026-05-22 04:04:53,176 [INFO] [translate_to_chinese] status=SUCCESS, len=34
2026-05-22 04:05:13,961 [INFO] [MiniMax] 请求状态: 200, attempt=1
2026-05-22 04:05:13,961 [INFO] [MiniMax] 成功, 输出长度: 107
2026-05-22 04:05:13,963 [INFO] [translate_to_chinese] status=SUCCESS, len=107
2026-05-22 04:05:20,404 [INFO] [MiniMax] 请求状态: 200, attempt=1
2026-05-22 04:05:20,405 [INFO] [MiniMax] 成功, 输出长度: 31
2026-05-22 04:05:20,407 [INFO] [translate_to_chinese] status=SUCCESS, len=31
2026-05-22 04:05:23,598 [INFO] [MiniMax] 请求状态: 200, attempt=1
2026-05-22 04:05:23,598 [INFO] [MiniMax] 成功, 输出长度: 31
2026-05-22 04:05:23,600 [INFO] [translate_to_chinese] status=SUCCESS, len=31
2026-05-22 04:05:28,707 [INFO] [MiniMax] 请求状态: 200, attempt=1
2026-05-22 04:05:28,708 [INFO] [MiniMax] 成功, 输出长度: 33
2026-05-22 04:05:28,710 [INFO] [translate_to_chinese] status=SUCCESS, len=33
2026-05-22 04:05:32,905 [INFO] [MiniMax] 请求状态: 200, attempt=1
2026-05-22 04:05:32,905 [INFO] [MiniMax] 成功, 输出长度: 67
2026-05-22 04:05:32,907 [INFO] [translate_to_chinese] status=SUCCESS, len=67
2026-05-22 04:05:36,182 [INFO] [MiniMax] 请求状态: 200, attempt=1
2026-05-22 04:05:36,182 [INFO] [MiniMax] 成功, 输出长度: 20
2026-05-22 04:05:36,184 [INFO] [translate_to_chinese] status=SUCCESS, len=20
2026-05-22 04:05:45,705 [INFO] [MiniMax] 请求状态: 200, attempt=1
2026-05-22 04:05:45,706 [INFO] [MiniMax] 成功, 输出长度: 39
2026-05-22 04:05:45,708 [INFO] [translate_to_chinese] status=SUCCESS, len=39
2026-05-22 04:06:03,523 [INFO] [MiniMax] 请求状态: 200, attempt=1
2026-05-22 04:06:03,524 [INFO] [MiniMax] 成功, 输出长度: 33
2026-05-22 04:06:03,526 [INFO] [translate_to_chinese] status=SUCCESS, len=33
2026-05-22 04:06:10,450 [INFO] [MiniMax] 请求状态: 200, attempt=1
2026-05-22 04:06:10,451 [INFO] [MiniMax] 成功, 输出长度: 57
2026-05-22 04:06:10,453 [INFO] [translate_to_chinese] status=SUCCESS, len=57
2026-05-22 04:06:17,160 [INFO] [MiniMax] 请求状态: 200, attempt=1
2026-05-22 04:06:17,160 [INFO] [MiniMax] 成功, 输出长度: 17
2026-05-22 04:06:17,162 [INFO] [translate_to_chinese] status=SUCCESS, len=17
2026-05-22 04:06:39,671 [INFO] [MiniMax] 请求状态: 200, attempt=1
2026-05-22 04:06:39,672 [INFO] [MiniMax] 成功, 输出长度: 53
2026-05-22 04:06:39,674 [INFO] [translate_to_chinese] status=SUCCESS, len=53
2026-05-22 04:06:49,707 [INFO] [MiniMax] 请求状态: 200, attempt=1
2026-05-22 04:06:49,707 [INFO] [MiniMax] 成功, 输出长度: 49
2026-05-22 04:06:49,710 [INFO] [translate_to_chinese] status=SUCCESS, len=49
2026-05-22 04:06:55,750 [INFO] [MiniMax] 请求状态: 200, attempt=1
2026-05-22 04:06:55,750 [INFO] [MiniMax] 成功, 输出长度: 28
2026-05-22 04:06:55,752 [INFO] [translate_to_chinese] status=SUCCESS, len=28
2026-05-22 04:07:01,892 [INFO] [MiniMax] 请求状态: 200, attempt=1
2026-05-22 04:07:01,893 [INFO] [MiniMax] 成功, 输出长度: 21
2026-05-22 04:07:01,895 [INFO] [translate_to_chinese] status=SUCCESS, len=21
2026-05-22 04:07:10,083 [INFO] [MiniMax] 请求状态: 200, attempt=1
2026-05-22 04:07:10,084 [INFO] [MiniMax] 成功, 输出长度: 46
2026-05-22 04:07:10,086 [INFO] [translate_to_chinese] status=SUCCESS, len=46
2026-05-22 04:07:17,968 [INFO] [MiniMax] 请求状态: 200, attempt=1
2026-05-22 04:07:17,969 [INFO] [MiniMax] 成功, 输出长度: 39
2026-05-22 04:07:17,971 [INFO] [translate_to_chinese] status=SUCCESS, len=39
2026-05-22 04:07:22,576 [INFO] [MiniMax] 请求状态: 200, attempt=1
2026-05-22 04:07:22,577 [INFO] [MiniMax] 成功, 输出长度: 50
2026-05-22 04:07:22,579 [INFO] [translate_to_chinese] status=SUCCESS, len=50
2026-05-22 04:07:25,240 [INFO] [MiniMax] 请求状态: 200, attempt=1
2026-05-22 04:07:25,240 [INFO] [MiniMax] 成功, 输出长度: 32
2026-05-22 04:07:25,242 [INFO] [translate_to_chinese] status=SUCCESS, len=32
2026-05-22 04:07:32,613 [INFO] [MiniMax] 请求状态: 200, attempt=1
2026-05-22 04:07:32,613 [INFO] [MiniMax] 成功, 输出长度: 55
2026-05-22 04:07:32,615 [INFO] [translate_to_chinese] status=SUCCESS, len=55
2026-05-22 04:07:38,756 [INFO] [MiniMax] 请求状态: 200, attempt=1
2026-05-22 04:07:38,756 [INFO] [MiniMax] 成功, 输出长度: 45
2026-05-22 04:07:38,758 [INFO] [translate_to_chinese] status=SUCCESS, len=45
2026-05-22 04:07:55,038 [INFO] [MiniMax] 请求状态: 200, attempt=1
2026-05-22 04:07:55,038 [INFO] [MiniMax] 成功, 输出长度: 38
2026-05-22 04:07:55,040 [INFO] [translate_to_chinese] status=SUCCESS, len=38
2026-05-22 04:08:04,870 [INFO] [MiniMax] 请求状态: 200, attempt=1
2026-05-22 04:08:04,870 [INFO] [MiniMax] 成功, 输出长度: 45
2026-05-22 04:08:04,873 [INFO] [translate_to_chinese] status=SUCCESS, len=45
2026-05-22 04:08:10,998 [INFO] [MiniMax] 请求状态: 200, attempt=1
2026-05-22 04:08:10,999 [INFO] [MiniMax] 成功, 输出长度: 50
2026-05-22 04:08:11,001 [INFO] [translate_to_chinese] status=SUCCESS, len=50
2026-05-22 04:08:20,644 [INFO] [MiniMax] 请求状态: 200, attempt=1
2026-05-22 04:08:20,645 [INFO] [MiniMax] 成功, 输出长度: 24
2026-05-22 04:08:20,647 [INFO] [translate_to_chinese] status=SUCCESS, len=24
2026-05-22 04:08:29,388 [INFO] [MiniMax] 请求状态: 200, attempt=1
2026-05-22 04:08:29,388 [INFO] [MiniMax] 成功, 输出长度: 46
2026-05-22 04:08:29,390 [INFO] [translate_to_chinese] status=SUCCESS, len=46
2026-05-22 04:08:34,529 [INFO] [MiniMax] 请求状态: 200, attempt=1
2026-05-22 04:08:34,530 [INFO] [MiniMax] 成功, 输出长度: 37
2026-05-22 04:08:34,532 [INFO] [translate_to_chinese] status=SUCCESS, len=37
2026-05-22 04:08:41,012 [INFO] [MiniMax] 请求状态: 200, attempt=1
2026-05-22 04:08:41,012 [INFO] [MiniMax] 成功, 输出长度: 53
2026-05-22 04:08:41,015 [INFO] [translate_to_chinese] status=SUCCESS, len=53
2026-05-22 04:08:50,227 [INFO] [MiniMax] 请求状态: 200, attempt=1
2026-05-22 04:08:50,228 [INFO] [MiniMax] 成功, 输出长度: 18
2026-05-22 04:08:50,230 [INFO] [translate_to_chinese] status=SUCCESS, len=18
2026-05-22 04:08:56,474 [INFO] [MiniMax] 请求状态: 200, attempt=1
2026-05-22 04:08:56,474 [INFO] [MiniMax] 成功, 输出长度: 43
2026-05-22 04:08:56,477 [INFO] [translate_to_chinese] status=SUCCESS, len=43
2026-05-22 04:09:04,767 [INFO] [MiniMax] 请求状态: 200, attempt=1
2026-05-22 04:09:04,767 [INFO] [MiniMax] 成功, 输出长度: 19
2026-05-22 04:09:04,769 [INFO] [translate_to_chinese] status=SUCCESS, len=19
2026-05-22 04:09:11,628 [INFO] [MiniMax] 请求状态: 200, attempt=1
2026-05-22 04:09:11,628 [INFO] [MiniMax] 成功, 输出长度: 37
2026-05-22 04:09:11,630 [INFO] [translate_to_chinese] status=SUCCESS, len=37
2026-05-22 04:09:16,235 [INFO] [MiniMax] 请求状态: 200, attempt=1
2026-05-22 04:09:16,235 [INFO] [MiniMax] 成功, 输出长度: 22
2026-05-22 04:09:16,237 [INFO] [translate_to_chinese] status=SUCCESS, len=22
/Users/vincentnie/Library/Python/3.9/lib/python/site-packages/urllib3/__init__.py:35: NotOpenSSLWarning: urllib3 v2 only supports OpenSSL 1.1.1+, currently the 'ssl' module is compiled with 'LibreSSL 2.8.3'. See: https://github.com/urllib3/urllib3/issues/3020
  warnings.warn(
/Users/vincentnie/Library/Python/3.9/lib/python/site-packages/urllib3/connectionpool.py:1097: InsecureRequestWarning: Unverified HTTPS request is being made to host 'www.xiaoyuzhoufm.com'. Adding certificate verification is strongly advised. See: https://urllib3.readthedocs.io/en/latest/advanced-usage.html#tls-warnings
  warnings.warn(
/Users/vincentnie/Library/Python/3.9/lib/python/site-packages/urllib3/connectionpool.py:1097: InsecureRequestWarning: Unverified HTTPS request is being made to host 'www.xiaoyuzhoufm.com'. Adding certificate verification is strongly advised. See: https://urllib3.readthedocs.io/en/latest/advanced-usage.html#tls-warnings
  warnings.warn(
/Users/vincentnie/Library/Python/3.9/lib/python/site-packages/urllib3/connectionpool.py:1097: InsecureRequestWarning: Unverified HTTPS request is being made to host 'www.xiaoyuzhoufm.com'. Adding certificate verification is strongly advised. See: https://urllib3.readthedocs.io/en/latest/advanced-usage.html#tls-warnings
  warnings.warn(
/Users/vincentnie/Library/Python/3.9/lib/python/site-packages/urllib3/connectionpool.py:1097: InsecureRequestWarning: Unverified HTTPS request is being made to host 'www.xiaoyuzhoufm.com'. Adding certificate verification is strongly advised. See: https://urllib3.readthedocs.io/en/latest/advanced-usage.html#tls-warnings
  warnings.warn(
/Users/vincentnie/Library/Python/3.9/lib/python/site-packages/urllib3/connectionpool.py:1097: InsecureRequestWarning: Unverified HTTPS request is being made to host 'www.xiaoyuzhoufm.com'. Adding certificate verification is strongly advised. See: https://urllib3.readthedocs.io/en/latest/advanced-usage.html#tls-warnings
  warnings.warn(
/Users/vincentnie/Library/Python/3.9/lib/python/site-packages/urllib3/connectionpool.py:1097: InsecureRequestWarning: Unverified HTTPS request is being made to host 'www.xiaoyuzhoufm.com'. Adding certificate verification is strongly advised. See: https://urllib3.readthedocs.io/en/latest/advanced-usage.html#tls-warnings
  warnings.warn(
/Users/vincentnie/Library/Python/3.9/lib/python/site-packages/urllib3/connectionpool.py:1097: InsecureRequestWarning: Unverified HTTPS request is being made to host 'www.xiaoyuzhoufm.com'. Adding certificate verification is strongly advised. See: https://urllib3.readthedocs.io/en/latest/advanced-usage.html#tls-warnings
  warnings.warn(
/Users/vincentnie/Library/Python/3.9/lib/python/site-packages/urllib3/connectionpool.py:1097: InsecureRequestWarning: Unverified HTTPS request is being made to host 'www.xiaoyuzhoufm.com'. Adding certificate verification is strongly advised. See: https://urllib3.readthedocs.io/en/latest/advanced-usage.html#tls-warnings
  warnings.warn(
/Users/vincentnie/Library/Python/3.9/lib/python/site-packages/urllib3/connectionpool.py:1097: InsecureRequestWarning: Unverified HTTPS request is being made to host 'www.xiaoyuzhoufm.com'. Adding certificate verification is strongly advised. See: https://urllib3.readthedocs.io/en/latest/advanced-usage.html#tls-warnings
  warnings.warn(
/Users/vincentnie/Library/Python/3.9/lib/python/site-packages/urllib3/connectionpool.py:1097: InsecureRequestWarning: Unverified HTTPS request is being made to host 'www.xiaoyuzhoufm.com'. Adding certificate verification is strongly advised. See: https://urllib3.readthedocs.io/en/latest/advanced-usage.html#tls-warnings
  warnings.warn(
/Users/vincentnie/Library/Python/3.9/lib/python/site-packages/urllib3/connectionpool.py:1097: InsecureRequestWarning: Unverified HTTPS request is being made to host 'www.xiaoyuzhoufm.com'. Adding certificate verification is strongly advised. See: https://urllib3.readthedocs.io/en/latest/advanced-usage.html#tls-warnings
  warnings.warn(
2026-05-22 04:11:19,628 [INFO] [MiniMax] 请求状态: 200, attempt=1
2026-05-22 04:11:19,629 [INFO] [MiniMax] 成功, 输出长度: 2172
2026-05-22 04:11:19,631 [INFO] [generate_podcast_summary] status=SUCCESS, len=2172
2026-05-22 04:11:56,959 [INFO] [MiniMax] 请求状态: 200, attempt=1
2026-05-22 04:11:56,959 [INFO] [MiniMax] 成功, 输出长度: 2400
2026-05-22 04:11:56,962 [INFO] [generate_podcast_summary] status=SUCCESS, len=2400
2026-05-22 04:12:24,446 [INFO] [MiniMax] 请求状态: 200, attempt=1
2026-05-22 04:12:24,446 [INFO] [MiniMax] 成功, 输出长度: 1895
2026-05-22 04:12:24,449 [INFO] [generate_podcast_summary] status=SUCCESS, len=1895
/Users/vincentnie/Library/Python/3.9/lib/python/site-packages/urllib3/__init__.py:35: NotOpenSSLWarning: urllib3 v2 only supports OpenSSL 1.1.1+, currently the 'ssl' module is compiled with 'LibreSSL 2.8.3'. See: https://github.com/urllib3/urllib3/issues/3020
  warnings.warn(
Deprecated Feature: Support for Python version 3.9 has been deprecated. Please update to Python 3.10 or above
WARNING: [youtube:tab] (<HTTPSConnection(host='www.youtube.com', port=443) at 0x10b8bbaf0>, 'Connection to www.youtube.com timed out. (connect timeout=20.0)'). Retrying (1/3)...
WARNING: [youtube:tab] (<HTTPSConnection(host='www.youtube.com', port=443) at 0x10b75a9d0>, 'Connection to www.youtube.com timed out. (connect timeout=20.0)'). Retrying (2/3)...
WARNING: [youtube:tab] (<HTTPSConnection(host='www.youtube.com', port=443) at 0x10b75a4f0>, 'Connection to www.youtube.com timed out. (connect timeout=20.0)'). Retrying (3/3)...
WARNING: [youtube:tab] Unable to download webpage: (<HTTPSConnection(host='www.youtube.com', port=443) at 0x10b8a5fd0>, 'Connection to www.youtube.com timed out. (connect timeout=20.0)') (caused by TransportError("(<HTTPSConnection(host='www.youtube.com', port=443) at 0x10b8a5fd0>, 'Connection to www.youtube.com timed out. (connect timeout=20.0)')")). Giving up after 3 retries
WARNING: [youtube:tab] (<HTTPSConnection(host='www.youtube.com', port=443) at 0x10b76b850>, 'Connection to www.youtube.com timed out. (connect timeout=20.0)'). Retrying (1/3)...
WARNING: [youtube:tab] (<HTTPSConnection(host='www.youtube.com', port=443) at 0x10b75a8e0>, 'Connection to www.youtube.com timed out. (connect timeout=20.0)'). Retrying (2/3)...
WARNING: [youtube:tab] (<HTTPSConnection(host='www.youtube.com', port=443) at 0x10b773bb0>, 'Connection to www.youtube.com timed out. (connect timeout=20.0)'). Retrying (3/3)...
ERROR: [youtube:tab] @LexFridman: Unable to download API page: (<HTTPSConnection(host='www.youtube.com', port=443) at 0x10b76be80>, 'Connection to www.youtube.com timed out. (connect timeout=20.0)') (caused by TransportError("(<HTTPSConnection(host='www.youtube.com', port=443) at 0x10b76be80>, 'Connection to www.youtube.com timed out. (connect timeout=20.0)')"))
Deprecated Feature: Support for Python version 3.9 has been deprecated. Please update to Python 3.10 or above
WARNING: [youtube:tab] (<HTTPSConnection(host='www.youtube.com', port=443) at 0x10b762c40>, 'Connection to www.youtube.com timed out. (connect timeout=20.0)'). Retrying (1/3)...
WARNING: [youtube:tab] (<HTTPSConnection(host='www.youtube.com', port=443) at 0x10b773910>, 'Connection to www.youtube.com timed out. (connect timeout=20.0)'). Retrying (2/3)...
WARNING: [youtube:tab] (<HTTPSConnection(host='www.youtube.com', port=443) at 0x10b8bba00>, 'Connection to www.youtube.com timed out. (connect timeout=20.0)'). Retrying (3/3)...
WARNING: [youtube:tab] Unable to download webpage: (<HTTPSConnection(host='www.youtube.com', port=443) at 0x10b76bee0>, 'Connection to www.youtube.com timed out. (connect timeout=20.0)') (caused by TransportError("(<HTTPSConnection(host='www.youtube.com', port=443) at 0x10b76bee0>, 'Connection to www.youtube.com timed out. (connect timeout=20.0)')")). Giving up after 3 retries
WARNING: [youtube:tab] (<HTTPSConnection(host='www.youtube.com', port=443) at 0x10ba56a90>, 'Connection to www.youtube.com timed out. (connect timeout=20.0)'). Retrying (1/3)...
WARNING: [youtube:tab] (<HTTPSConnection(host='www.youtube.com', port=443) at 0x10ba56a00>, 'Connection to www.youtube.com timed out. (connect timeout=20.0)'). Retrying (2/3)...
WARNING: [youtube:tab] (<HTTPSConnection(host='www.youtube.com', port=443) at 0x10ba5aac0>, 'Connection to www.youtube.com timed out. (connect timeout=20.0)'). Retrying (3/3)...
ERROR: [youtube:tab] @a16z: Unable to download API page: (<HTTPSConnection(host='www.youtube.com', port=443) at 0x10ba56640>, 'Connection to www.youtube.com timed out. (connect timeout=20.0)') (caused by TransportError("(<HTTPSConnection(host='www.youtube.com', port=443) at 0x10ba56640>, 'Connection to www.youtube.com timed out. (connect timeout=20.0)')"))
Deprecated Feature: Support for Python version 3.9 has been deprecated. Please update to Python 3.10 or above
WARNING: [youtube:tab] (<HTTPSConnection(host='www.youtube.com', port=443) at 0x10b762df0>, 'Connection to www.youtube.com timed out. (connect timeout=20.0)'). Retrying (1/3)...
WARNING: [youtube:tab] (<HTTPSConnection(host='www.youtube.com', port=443) at 0x10b776040>, 'Connection to www.youtube.com timed out. (connect timeout=20.0)'). Retrying (2/3)...
WARNING: [youtube:tab] (<HTTPSConnection(host='www.youtube.com', port=443) at 0x10ba56700>, 'Connection to www.youtube.com timed out. (connect timeout=20.0)'). Retrying (3/3)...
WARNING: [youtube:tab] Unable to download webpage: (<HTTPSConnection(host='www.youtube.com', port=443) at 0x10b773280>, 'Connection to www.youtube.com timed out. (connect timeout=20.0)') (caused by TransportError("(<HTTPSConnection(host='www.youtube.com', port=443) at 0x10b773280>, 'Connection to www.youtube.com timed out. (connect timeout=20.0)')")). Giving up after 3 retries
WARNING: [youtube:tab] (<HTTPSConnection(host='www.youtube.com', port=443) at 0x10b773fa0>, 'Connection to www.youtube.com timed out. (connect timeout=20.0)'). Retrying (1/3)...
WARNING: [youtube:tab] (<HTTPSConnection(host='www.youtube.com', port=443) at 0x10b8a5160>, 'Connection to www.youtube.com timed out. (connect timeout=20.0)'). Retrying (2/3)...
WARNING: [youtube:tab] (<HTTPSConnection(host='www.youtube.com', port=443) at 0x10b76b6a0>, 'Connection to www.youtube.com timed out. (connect timeout=20.0)'). Retrying (3/3)...
ERROR: [youtube:tab] @allin: Unable to download API page: (<HTTPSConnection(host='www.youtube.com', port=443) at 0x10b773df0>, 'Connection to www.youtube.com timed out. (connect timeout=20.0)') (caused by TransportError("(<HTTPSConnection(host='www.youtube.com', port=443) at 0x10b773df0>, 'Connection to www.youtube.com timed out. (connect timeout=20.0)')"))
Deprecated Feature: Support for Python version 3.9 has been deprecated. Please update to Python 3.10 or above
WARNING: [youtube:tab] (<HTTPSConnection(host='www.youtube.com', port=443) at 0x10ba585b0>, 'Connection to www.youtube.com timed out. (connect timeout=20.0)'). Retrying (1/3)...
WARNING: [youtube:tab] (<HTTPSConnection(host='www.youtube.com', port=443) at 0x10b773dc0>, 'Connection to www.youtube.com timed out. (connect timeout=20.0)'). Retrying (2/3)...
WARNING: [youtube:tab] (<HTTPSConnection(host='www.youtube.com', port=443) at 0x10b76b940>, 'Connection to www.youtube.com timed out. (connect timeout=20.0)'). Retrying (3/3)...
WARNING: [youtube:tab] Unable to download webpage: (<HTTPSConnection(host='www.youtube.com', port=443) at 0x10b76b490>, 'Connection to www.youtube.com timed out. (connect timeout=20.0)') (caused by TransportError("(<HTTPSConnection(host='www.youtube.com', port=443) at 0x10b76b490>, 'Connection to www.youtube.com timed out. (connect timeout=20.0)')")). Giving up after 3 retries
WARNING: [youtube:tab] (<HTTPSConnection(host='www.youtube.com', port=443) at 0x10ba527f0>, 'Connection to www.youtube.com timed out. (connect timeout=20.0)'). Retrying (1/3)...
/Users/vincentnie/Library/Python/3.9/lib/python/site-packages/urllib3/__init__.py:35: NotOpenSSLWarning: urllib3 v2 only supports OpenSSL 1.1.1+, currently the 'ssl' module is compiled with 'LibreSSL 2.8.3'. See: https://github.com/urllib3/urllib3/issues/3020
  warnings.warn(
2026-05-23 04:02:20,516 [INFO] [MiniMax] 请求状态: 200, attempt=1
2026-05-23 04:02:20,518 [INFO] [MiniMax] 成功, 输出长度: 25
2026-05-23 04:02:20,520 [INFO] [translate_to_chinese] status=SUCCESS, len=25
2026-05-23 04:02:24,515 [INFO] [MiniMax] 请求状态: 200, attempt=1
2026-05-23 04:02:24,515 [INFO] [MiniMax] 成功, 输出长度: 133
2026-05-23 04:02:24,517 [INFO] [translate_to_chinese] status=SUCCESS, len=133
2026-05-23 04:02:30,551 [INFO] [MiniMax] 请求状态: 200, attempt=1
2026-05-23 04:02:30,552 [INFO] [MiniMax] 成功, 输出长度: 29
2026-05-23 04:02:30,554 [INFO] [translate_to_chinese] status=SUCCESS, len=29
2026-05-23 04:02:39,051 [INFO] [MiniMax] 请求状态: 200, attempt=1
2026-05-23 04:02:39,051 [INFO] [MiniMax] 成功, 输出长度: 117
2026-05-23 04:02:39,053 [INFO] [translate_to_chinese] status=SUCCESS, len=117
2026-05-23 04:02:45,399 [INFO] [MiniMax] 请求状态: 200, attempt=1
2026-05-23 04:02:45,400 [INFO] [MiniMax] 成功, 输出长度: 21
2026-05-23 04:02:45,402 [INFO] [translate_to_chinese] status=SUCCESS, len=21
2026-05-23 04:02:56,561 [INFO] [MiniMax] 请求状态: 200, attempt=1
2026-05-23 04:02:56,561 [INFO] [MiniMax] 成功, 输出长度: 91
2026-05-23 04:02:56,563 [INFO] [translate_to_chinese] status=SUCCESS, len=91
2026-05-23 04:03:00,759 [INFO] [MiniMax] 请求状态: 200, attempt=1
2026-05-23 04:03:00,760 [INFO] [MiniMax] 成功, 输出长度: 18
2026-05-23 04:03:00,762 [INFO] [translate_to_chinese] status=SUCCESS, len=18
2026-05-23 04:03:09,877 [INFO] [MiniMax] 请求状态: 200, attempt=1
2026-05-23 04:03:09,878 [INFO] [MiniMax] 成功, 输出长度: 113
2026-05-23 04:03:09,880 [INFO] [translate_to_chinese] status=SUCCESS, len=113
2026-05-23 04:03:13,969 [INFO] [MiniMax] 请求状态: 200, attempt=1
2026-05-23 04:03:13,969 [INFO] [MiniMax] 成功, 输出长度: 13
2026-05-23 04:03:13,971 [INFO] [translate_to_chinese] status=SUCCESS, len=13
2026-05-23 04:03:37,112 [INFO] [MiniMax] 请求状态: 200, attempt=1
2026-05-23 04:03:37,113 [INFO] [MiniMax] 成功, 输出长度: 106
2026-05-23 04:03:37,115 [INFO] [translate_to_chinese] status=SUCCESS, len=106
2026-05-23 04:03:41,514 [INFO] [MiniMax] 请求状态: 200, attempt=1
2026-05-23 04:03:41,515 [INFO] [MiniMax] 成功, 输出长度: 43
2026-05-23 04:03:41,517 [INFO] [translate_to_chinese] status=SUCCESS, len=43
2026-05-23 04:04:00,971 [INFO] [MiniMax] 请求状态: 200, attempt=1
2026-05-23 04:04:00,972 [INFO] [MiniMax] 成功, 输出长度: 137
2026-05-23 04:04:00,974 [INFO] [translate_to_chinese] status=SUCCESS, len=137
2026-05-23 04:04:06,809 [INFO] [MiniMax] 请求状态: 200, attempt=1
2026-05-23 04:04:06,810 [INFO] [MiniMax] 成功, 输出长度: 22
2026-05-23 04:04:06,812 [INFO] [translate_to_chinese] status=SUCCESS, len=22
2026-05-23 04:04:28,722 [INFO] [MiniMax] 请求状态: 200, attempt=1
2026-05-23 04:04:28,722 [INFO] [MiniMax] 成功, 输出长度: 97
2026-05-23 04:04:28,725 [INFO] [translate_to_chinese] status=SUCCESS, len=97
2026-05-23 04:04:32,612 [INFO] [MiniMax] 请求状态: 200, attempt=1
2026-05-23 04:04:32,613 [INFO] [MiniMax] 成功, 输出长度: 14
2026-05-23 04:04:32,615 [INFO] [translate_to_chinese] status=SUCCESS, len=14
2026-05-23 04:04:36,238 [INFO] [MiniMax] 请求状态: 200, attempt=1
2026-05-23 04:04:36,239 [INFO] [MiniMax] 成功, 输出长度: 97
2026-05-23 04:04:36,241 [INFO] [translate_to_chinese] status=SUCCESS, len=97
2026-05-23 04:04:45,720 [INFO] [MiniMax] 请求状态: 200, attempt=1
2026-05-23 04:04:45,721 [INFO] [MiniMax] 成功, 输出长度: 27
2026-05-23 04:04:45,723 [INFO] [translate_to_chinese] status=SUCCESS, len=27
2026-05-23 04:04:52,480 [INFO] [MiniMax] 请求状态: 200, attempt=1
2026-05-23 04:04:52,481 [INFO] [MiniMax] 成功, 输出长度: 109
2026-05-23 04:04:52,483 [INFO] [translate_to_chinese] status=SUCCESS, len=109
2026-05-23 04:04:58,930 [INFO] [MiniMax] 请求状态: 200, attempt=1
2026-05-23 04:04:58,930 [INFO] [MiniMax] 成功, 输出长度: 34
2026-05-23 04:04:58,932 [INFO] [translate_to_chinese] status=SUCCESS, len=34
2026-05-23 04:05:06,507 [INFO] [MiniMax] 请求状态: 200, attempt=1
2026-05-23 04:05:06,508 [INFO] [MiniMax] 成功, 输出长度: 129
2026-05-23 04:05:06,510 [INFO] [translate_to_chinese] status=SUCCESS, len=129
2026-05-23 04:05:15,313 [INFO] [MiniMax] 请求状态: 200, attempt=1
2026-05-23 04:05:15,314 [INFO] [MiniMax] 成功, 输出长度: 30
2026-05-23 04:05:15,316 [INFO] [translate_to_chinese] status=SUCCESS, len=30
2026-05-23 04:05:25,451 [INFO] [MiniMax] 请求状态: 200, attempt=1
2026-05-23 04:05:25,452 [INFO] [MiniMax] 成功, 输出长度: 35
2026-05-23 04:05:25,454 [INFO] [translate_to_chinese] status=SUCCESS, len=35
2026-05-23 04:05:29,035 [INFO] [MiniMax] 请求状态: 200, attempt=1
2026-05-23 04:05:29,035 [INFO] [MiniMax] 成功, 输出长度: 22
2026-05-23 04:05:29,037 [INFO] [translate_to_chinese] status=SUCCESS, len=22
2026-05-23 04:05:38,763 [INFO] [MiniMax] 请求状态: 200, attempt=1
2026-05-23 04:05:38,764 [INFO] [MiniMax] 成功, 输出长度: 45
2026-05-23 04:05:38,766 [INFO] [translate_to_chinese] status=SUCCESS, len=45
2026-05-23 04:05:52,485 [INFO] [MiniMax] 请求状态: 200, attempt=1
2026-05-23 04:05:52,485 [INFO] [MiniMax] 成功, 输出长度: 42
2026-05-23 04:05:52,487 [INFO] [translate_to_chinese] status=SUCCESS, len=42
2026-05-23 04:05:57,912 [INFO] [MiniMax] 请求状态: 200, attempt=1
2026-05-23 04:05:57,912 [INFO] [MiniMax] 成功, 输出长度: 43
2026-05-23 04:05:57,914 [INFO] [translate_to_chinese] status=SUCCESS, len=43
2026-05-23 04:06:08,152 [INFO] [MiniMax] 请求状态: 200, attempt=1
2026-05-23 04:06:08,152 [INFO] [MiniMax] 成功, 输出长度: 16
2026-05-23 04:06:08,154 [INFO] [translate_to_chinese] status=SUCCESS, len=16
2026-05-23 04:06:13,376 [INFO] [MiniMax] 请求状态: 200, attempt=1
2026-05-23 04:06:13,376 [INFO] [MiniMax] 成功, 输出长度: 28
2026-05-23 04:06:13,378 [INFO] [translate_to_chinese] status=SUCCESS, len=28
2026-05-23 04:06:18,085 [INFO] [MiniMax] 请求状态: 200, attempt=1
2026-05-23 04:06:18,085 [INFO] [MiniMax] 成功, 输出长度: 25
2026-05-23 04:06:18,087 [INFO] [translate_to_chinese] status=SUCCESS, len=25
2026-05-23 04:06:27,406 [INFO] [MiniMax] 请求状态: 200, attempt=1
2026-05-23 04:06:27,407 [INFO] [MiniMax] 成功, 输出长度: 53
2026-05-23 04:06:27,409 [INFO] [translate_to_chinese] status=SUCCESS, len=53
2026-05-23 04:06:36,721 [INFO] [MiniMax] 请求状态: 200, attempt=1
2026-05-23 04:06:36,722 [INFO] [MiniMax] 成功, 输出长度: 27
2026-05-23 04:06:36,724 [INFO] [translate_to_chinese] status=SUCCESS, len=27
2026-05-23 04:06:42,456 [INFO] [MiniMax] 请求状态: 200, attempt=1
2026-05-23 04:06:42,456 [INFO] [MiniMax] 成功, 输出长度: 58
2026-05-23 04:06:42,458 [INFO] [translate_to_chinese] status=SUCCESS, len=58
2026-05-23 04:06:49,419 [INFO] [MiniMax] 请求状态: 200, attempt=1
2026-05-23 04:06:49,420 [INFO] [MiniMax] 成功, 输出长度: 27
2026-05-23 04:06:49,422 [INFO] [translate_to_chinese] status=SUCCESS, len=27
2026-05-23 04:07:02,947 [INFO] [MiniMax] 请求状态: 200, attempt=1
2026-05-23 04:07:02,947 [INFO] [MiniMax] 成功, 输出长度: 46
2026-05-23 04:07:02,949 [INFO] [translate_to_chinese] status=SUCCESS, len=46
2026-05-23 04:07:11,537 [INFO] [MiniMax] 请求状态: 200, attempt=1
2026-05-23 04:07:11,538 [INFO] [MiniMax] 成功, 输出长度: 23
2026-05-23 04:07:11,540 [INFO] [translate_to_chinese] status=SUCCESS, len=23
2026-05-23 04:07:17,067 [INFO] [MiniMax] 请求状态: 200, attempt=1
2026-05-23 04:07:17,067 [INFO] [MiniMax] 成功, 输出长度: 43
2026-05-23 04:07:17,070 [INFO] [translate_to_chinese] status=SUCCESS, len=43
2026-05-23 04:07:23,211 [INFO] [MiniMax] 请求状态: 200, attempt=1
2026-05-23 04:07:23,211 [INFO] [MiniMax] 成功, 输出长度: 28
2026-05-23 04:07:23,213 [INFO] [translate_to_chinese] status=SUCCESS, len=28
2026-05-23 04:07:27,307 [INFO] [MiniMax] 请求状态: 200, attempt=1
2026-05-23 04:07:27,308 [INFO] [MiniMax] 成功, 输出长度: 24
2026-05-23 04:07:27,310 [INFO] [translate_to_chinese] status=SUCCESS, len=24
2026-05-23 04:07:39,697 [INFO] [MiniMax] 请求状态: 200, attempt=1
2026-05-23 04:07:39,698 [INFO] [MiniMax] 成功, 输出长度: 39
2026-05-23 04:07:39,700 [INFO] [translate_to_chinese] status=SUCCESS, len=39
2026-05-23 04:07:44,612 [INFO] [MiniMax] 请求状态: 200, attempt=1
2026-05-23 04:07:44,613 [INFO] [MiniMax] 成功, 输出长度: 54
2026-05-23 04:07:44,615 [INFO] [translate_to_chinese] status=SUCCESS, len=54
2026-05-23 04:07:53,419 [INFO] [MiniMax] 请求状态: 200, attempt=1
2026-05-23 04:07:53,419 [INFO] [MiniMax] 成功, 输出长度: 32
2026-05-23 04:07:53,422 [INFO] [translate_to_chinese] status=SUCCESS, len=32
2026-05-23 04:07:56,491 [INFO] [MiniMax] 请求状态: 200, attempt=1
2026-05-23 04:07:56,491 [INFO] [MiniMax] 成功, 输出长度: 30
2026-05-23 04:07:56,493 [INFO] [translate_to_chinese] status=SUCCESS, len=30
2026-05-23 04:08:04,171 [INFO] [MiniMax] 请求状态: 200, attempt=1
2026-05-23 04:08:04,172 [INFO] [MiniMax] 成功, 输出长度: 23
2026-05-23 04:08:04,174 [INFO] [translate_to_chinese] status=SUCCESS, len=23
2026-05-23 04:08:15,230 [INFO] [MiniMax] 请求状态: 200, attempt=1
2026-05-23 04:08:15,231 [INFO] [MiniMax] 成功, 输出长度: 37
2026-05-23 04:08:15,233 [INFO] [translate_to_chinese] status=SUCCESS, len=37
2026-05-23 04:08:23,832 [INFO] [MiniMax] 请求状态: 200, attempt=1
2026-05-23 04:08:23,832 [INFO] [MiniMax] 成功, 输出长度: 18
2026-05-23 04:08:23,834 [INFO] [translate_to_chinese] status=SUCCESS, len=18
2026-05-23 04:08:33,048 [INFO] [MiniMax] 请求状态: 200, attempt=1
2026-05-23 04:08:33,048 [INFO] [MiniMax] 成功, 输出长度: 44
2026-05-23 04:08:33,051 [INFO] [translate_to_chinese] status=SUCCESS, len=44
2026-05-23 04:08:36,427 [INFO] [MiniMax] 请求状态: 200, attempt=1
2026-05-23 04:08:36,427 [INFO] [MiniMax] 成功, 输出长度: 21
2026-05-23 04:08:36,429 [INFO] [translate_to_chinese] status=SUCCESS, len=21
2026-05-23 04:08:43,800 [INFO] [MiniMax] 请求状态: 200, attempt=1
2026-05-23 04:08:43,800 [INFO] [MiniMax] 成功, 输出长度: 32
2026-05-23 04:08:43,802 [INFO] [translate_to_chinese] status=SUCCESS, len=32
2026-05-23 04:08:49,841 [INFO] [MiniMax] 请求状态: 200, attempt=1
2026-05-23 04:08:49,841 [INFO] [MiniMax] 成功, 输出长度: 31
2026-05-23 04:08:49,843 [INFO] [translate_to_chinese] status=SUCCESS, len=31
2026-05-23 04:09:00,594 [INFO] [MiniMax] 请求状态: 200, attempt=1
2026-05-23 04:09:00,594 [INFO] [MiniMax] 成功, 输出长度: 83
2026-05-23 04:09:00,597 [INFO] [translate_to_chinese] status=SUCCESS, len=83
2026-05-23 04:09:04,792 [INFO] [MiniMax] 请求状态: 200, attempt=1
2026-05-23 04:09:04,792 [INFO] [MiniMax] 成功, 输出长度: 23
2026-05-23 04:09:04,794 [INFO] [translate_to_chinese] status=SUCCESS, len=23
2026-05-23 04:09:16,057 [INFO] [MiniMax] 请求状态: 200, attempt=1
2026-05-23 04:09:16,058 [INFO] [MiniMax] 成功, 输出长度: 66
2026-05-23 04:09:16,060 [INFO] [translate_to_chinese] status=SUCCESS, len=66
2026-05-23 04:09:20,562 [INFO] [MiniMax] 请求状态: 200, attempt=1
2026-05-23 04:09:20,562 [INFO] [MiniMax] 成功, 输出长度: 27
2026-05-23 04:09:20,564 [INFO] [translate_to_chinese] status=SUCCESS, len=27
2026-05-23 04:09:25,784 [INFO] [MiniMax] 请求状态: 200, attempt=1
2026-05-23 04:09:25,784 [INFO] [MiniMax] 成功, 输出长度: 65
2026-05-23 04:09:25,786 [INFO] [translate_to_chinese] status=SUCCESS, len=65
2026-05-23 04:09:32,851 [INFO] [MiniMax] 请求状态: 200, attempt=1
2026-05-23 04:09:32,852 [INFO] [MiniMax] 成功, 输出长度: 21
2026-05-23 04:09:32,854 [INFO] [translate_to_chinese] status=SUCCESS, len=21
2026-05-23 04:09:39,098 [INFO] [MiniMax] 请求状态: 200, attempt=1
2026-05-23 04:09:39,098 [INFO] [MiniMax] 成功, 输出长度: 64
2026-05-23 04:09:39,100 [INFO] [translate_to_chinese] status=SUCCESS, len=64
2026-05-23 04:09:47,083 [INFO] [MiniMax] 请求状态: 200, attempt=1
2026-05-23 04:09:47,083 [INFO] [MiniMax] 成功, 输出长度: 27
2026-05-23 04:09:47,086 [INFO] [translate_to_chinese] status=SUCCESS, len=27
2026-05-23 04:09:53,739 [INFO] [MiniMax] 请求状态: 200, attempt=1
2026-05-23 04:09:53,739 [INFO] [MiniMax] 成功, 输出长度: 38
2026-05-23 04:09:53,741 [INFO] [translate_to_chinese] status=SUCCESS, len=38
/Users/vincentnie/Library/Python/3.9/lib/python/site-packages/urllib3/__init__.py:35: NotOpenSSLWarning: urllib3 v2 only supports OpenSSL 1.1.1+, currently the 'ssl' module is compiled with 'LibreSSL 2.8.3'. See: https://github.com/urllib3/urllib3/issues/3020
  warnings.warn(
/Users/vincentnie/Library/Python/3.9/lib/python/site-packages/urllib3/connectionpool.py:1097: InsecureRequestWarning: Unverified HTTPS request is being made to host 'www.xiaoyuzhoufm.com'. Adding certificate verification is strongly advised. See: https://urllib3.readthedocs.io/en/latest/advanced-usage.html#tls-warnings
  warnings.warn(
/Users/vincentnie/Library/Python/3.9/lib/python/site-packages/urllib3/connectionpool.py:1097: InsecureRequestWarning: Unverified HTTPS request is being made to host 'www.xiaoyuzhoufm.com'. Adding certificate verification is strongly advised. See: https://urllib3.readthedocs.io/en/latest/advanced-usage.html#tls-warnings
  warnings.warn(
/Users/vincentnie/Library/Python/3.9/lib/python/site-packages/urllib3/connectionpool.py:1097: InsecureRequestWarning: Unverified HTTPS request is being made to host 'www.xiaoyuzhoufm.com'. Adding certificate verification is strongly advised. See: https://urllib3.readthedocs.io/en/latest/advanced-usage.html#tls-warnings
  warnings.warn(
/Users/vincentnie/Library/Python/3.9/lib/python/site-packages/urllib3/connectionpool.py:1097: InsecureRequestWarning: Unverified HTTPS request is being made to host 'www.xiaoyuzhoufm.com'. Adding certificate verification is strongly advised. See: https://urllib3.readthedocs.io/en/latest/advanced-usage.html#tls-warnings
  warnings.warn(
/Users/vincentnie/Library/Python/3.9/lib/python/site-packages/urllib3/connectionpool.py:1097: InsecureRequestWarning: Unverified HTTPS request is being made to host 'www.xiaoyuzhoufm.com'. Adding certificate verification is strongly advised. See: https://urllib3.readthedocs.io/en/latest/advanced-usage.html#tls-warnings
  warnings.warn(
/Users/vincentnie/Library/Python/3.9/lib/python/site-packages/urllib3/connectionpool.py:1097: InsecureRequestWarning: Unverified HTTPS request is being made to host 'www.xiaoyuzhoufm.com'. Adding certificate verification is strongly advised. See: https://urllib3.readthedocs.io/en/latest/advanced-usage.html#tls-warnings
  warnings.warn(
/Users/vincentnie/Library/Python/3.9/lib/python/site-packages/urllib3/connectionpool.py:1097: InsecureRequestWarning: Unverified HTTPS request is being made to host 'www.xiaoyuzhoufm.com'. Adding certificate verification is strongly advised. See: https://urllib3.readthedocs.io/en/latest/advanced-usage.html#tls-warnings
  warnings.warn(
/Users/vincentnie/Library/Python/3.9/lib/python/site-packages/urllib3/connectionpool.py:1097: InsecureRequestWarning: Unverified HTTPS request is being made to host 'www.xiaoyuzhoufm.com'. Adding certificate verification is strongly advised. See: https://urllib3.readthedocs.io/en/latest/advanced-usage.html#tls-warnings
  warnings.warn(
/Users/vincentnie/Library/Python/3.9/lib/python/site-packages/urllib3/connectionpool.py:1097: InsecureRequestWarning: Unverified HTTPS request is being made to host 'www.xiaoyuzhoufm.com'. Adding certificate verification is strongly advised. See: https://urllib3.readthedocs.io/en/latest/advanced-usage.html#tls-warnings
  warnings.warn(
/Users/vincentnie/Library/Python/3.9/lib/python/site-packages/urllib3/connectionpool.py:1097: InsecureRequestWarning: Unverified HTTPS request is being made to host 'www.xiaoyuzhoufm.com'. Adding certificate verification is strongly advised. See: https://urllib3.readthedocs.io/en/latest/advanced-usage.html#tls-warnings
  warnings.warn(
/Users/vincentnie/Library/Python/3.9/lib/python/site-packages/urllib3/connectionpool.py:1097: InsecureRequestWarning: Unverified HTTPS request is being made to host 'www.xiaoyuzhoufm.com'. Adding certificate verification is strongly advised. See: https://urllib3.readthedocs.io/en/latest/advanced-usage.html#tls-warnings
  warnings.warn(
/Users/vincentnie/Library/Python/3.9/lib/python/site-packages/urllib3/__init__.py:35: NotOpenSSLWarning: urllib3 v2 only supports OpenSSL 1.1.1+, currently the 'ssl' module is compiled with 'LibreSSL 2.8.3'. See: https://github.com/urllib3/urllib3/issues/3020
  warnings.warn(
Deprecated Feature: Support for Python version 3.9 has been deprecated. Please update to Python 3.10 or above
WARNING: [youtube:tab] (<HTTPSConnection(host='www.youtube.com', port=443) at 0x1070f0af0>, 'Connection to www.youtube.com timed out. (connect timeout=20.0)'). Retrying (1/3)...
WARNING: [youtube:tab] (<HTTPSConnection(host='www.youtube.com', port=443) at 0x106f8f9d0>, 'Connection to www.youtube.com timed out. (connect timeout=20.0)'). Retrying (2/3)...
WARNING: [youtube:tab] (<HTTPSConnection(host='www.youtube.com', port=443) at 0x106f8f4f0>, 'Connection to www.youtube.com timed out. (connect timeout=20.0)'). Retrying (3/3)...
WARNING: [youtube:tab] Unable to download webpage: (<HTTPSConnection(host='www.youtube.com', port=443) at 0x1070dafd0>, 'Connection to www.youtube.com timed out. (connect timeout=20.0)') (caused by TransportError("(<HTTPSConnection(host='www.youtube.com', port=443) at 0x1070dafd0>, 'Connection to www.youtube.com timed out. (connect timeout=20.0)')")). Giving up after 3 retries
WARNING: [youtube:tab] (<HTTPSConnection(host='www.youtube.com', port=443) at 0x106fa0850>, 'Connection to www.youtube.com timed out. (connect timeout=20.0)'). Retrying (1/3)...
WARNING: [youtube:tab] (<HTTPSConnection(host='www.youtube.com', port=443) at 0x106f8f8e0>, 'Connection to www.youtube.com timed out. (connect timeout=20.0)'). Retrying (2/3)...
WARNING: [youtube:tab] (<HTTPSConnection(host='www.youtube.com', port=443) at 0x106fa8bb0>, 'Connection to www.youtube.com timed out. (connect timeout=20.0)'). Retrying (3/3)...
ERROR: [youtube:tab] @LexFridman: Unable to download API page: (<HTTPSConnection(host='www.youtube.com', port=443) at 0x106fa0e80>, 'Connection to www.youtube.com timed out. (connect timeout=20.0)') (caused by TransportError("(<HTTPSConnection(host='www.youtube.com', port=443) at 0x106fa0e80>, 'Connection to www.youtube.com timed out. (connect timeout=20.0)')"))
Deprecated Feature: Support for Python version 3.9 has been deprecated. Please update to Python 3.10 or above
WARNING: [youtube:tab] (<HTTPSConnection(host='www.youtube.com', port=443) at 0x106f97c40>, 'Connection to www.youtube.com timed out. (connect timeout=20.0)'). Retrying (1/3)...
WARNING: [youtube:tab] (<HTTPSConnection(host='www.youtube.com', port=443) at 0x106fa8910>, 'Connection to www.youtube.com timed out. (connect timeout=20.0)'). Retrying (2/3)...
WARNING: [youtube:tab] (<HTTPSConnection(host='www.youtube.com', port=443) at 0x1070f0a00>, 'Connection to www.youtube.com timed out. (connect timeout=20.0)'). Retrying (3/3)...
WARNING: [youtube:tab] Unable to download webpage: (<HTTPSConnection(host='www.youtube.com', port=443) at 0x106fa0ee0>, 'Connection to www.youtube.com timed out. (connect timeout=20.0)') (caused by TransportError("(<HTTPSConnection(host='www.youtube.com', port=443) at 0x106fa0ee0>, 'Connection to www.youtube.com timed out. (connect timeout=20.0)')")). Giving up after 3 retries
WARNING: [youtube:tab] (<HTTPSConnection(host='www.youtube.com', port=443) at 0x10728ba90>, 'Connection to www.youtube.com timed out. (connect timeout=20.0)'). Retrying (1/3)...
WARNING: [youtube:tab] (<HTTPSConnection(host='www.youtube.com', port=443) at 0x10728ba00>, 'Connection to www.youtube.com timed out. (connect timeout=20.0)'). Retrying (2/3)...
WARNING: [youtube:tab] (<HTTPSConnection(host='www.youtube.com', port=443) at 0x10728fac0>, 'Connection to www.youtube.com timed out. (connect timeout=20.0)'). Retrying (3/3)...
ERROR: [youtube:tab] @a16z: Unable to download API page: (<HTTPSConnection(host='www.youtube.com', port=443) at 0x10728b640>, 'Connection to www.youtube.com timed out. (connect timeout=20.0)') (caused by TransportError("(<HTTPSConnection(host='www.youtube.com', port=443) at 0x10728b640>, 'Connection to www.youtube.com timed out. (connect timeout=20.0)')"))
Deprecated Feature: Support for Python version 3.9 has been deprecated. Please update to Python 3.10 or above
WARNING: [youtube:tab] (<HTTPSConnection(host='www.youtube.com', port=443) at 0x106f97df0>, 'Connection to www.youtube.com timed out. (connect timeout=20.0)'). Retrying (1/3)...
WARNING: [youtube:tab] (<HTTPSConnection(host='www.youtube.com', port=443) at 0x106fab040>, 'Connection to www.youtube.com timed out. (connect timeout=20.0)'). Retrying (2/3)...
WARNING: [youtube:tab] (<HTTPSConnection(host='www.youtube.com', port=443) at 0x10728b700>, 'Connection to www.youtube.com timed out. (connect timeout=20.0)'). Retrying (3/3)...
WARNING: [youtube:tab] Unable to download webpage: (<HTTPSConnection(host='www.youtube.com', port=443) at 0x106fa8280>, 'Connection to www.youtube.com timed out. (connect timeout=20.0)') (caused by TransportError("(<HTTPSConnection(host='www.youtube.com', port=443) at 0x106fa8280>, 'Connection to www.youtube.com timed out. (connect timeout=20.0)')")). Giving up after 3 retries
WARNING: [youtube:tab] (<HTTPSConnection(host='www.youtube.com', port=443) at 0x106fa8fa0>, 'Connection to www.youtube.com timed out. (connect timeout=20.0)'). Retrying (1/3)...
WARNING: [youtube:tab] (<HTTPSConnection(host='www.youtube.com', port=443) at 0x1070da160>, 'Connection to www.youtube.com timed out. (connect timeout=20.0)'). Retrying (2/3)...
WARNING: [youtube:tab] (<HTTPSConnection(host='www.youtube.com', port=443) at 0x106fa06a0>, 'Connection to www.youtube.com timed out. (connect timeout=20.0)'). Retrying (3/3)...
ERROR: [youtube:tab] @allin: Unable to download API page: (<HTTPSConnection(host='www.youtube.com', port=443) at 0x106fa8df0>, 'Connection to www.youtube.com timed out. (connect timeout=20.0)') (caused by TransportError("(<HTTPSConnection(host='www.youtube.com', port=443) at 0x106fa8df0>, 'Connection to www.youtube.com timed out. (connect timeout=20.0)')"))
Deprecated Feature: Support for Python version 3.9 has been deprecated. Please update to Python 3.10 or above
WARNING: [youtube:tab] (<HTTPSConnection(host='www.youtube.com', port=443) at 0x10728d5b0>, 'Connection to www.youtube.com timed out. (connect timeout=20.0)'). Retrying (1/3)...
WARNING: [youtube:tab] (<HTTPSConnection(host='www.youtube.com', port=443) at 0x106fa8dc0>, 'Connection to www.youtube.com timed out. (connect timeout=20.0)'). Retrying (2/3)...
WARNING: [youtube:tab] (<HTTPSConnection(host='www.youtube.com', port=443) at 0x106fa0940>, 'Connection to www.youtube.com timed out. (connect timeout=20.0)'). Retrying (3/3)...
WARNING: [youtube:tab] Unable to download webpage: (<HTTPSConnection(host='www.youtube.com', port=443) at 0x106fa0490>, 'Connection to www.youtube.com timed out. (connect timeout=20.0)') (caused by TransportError("(<HTTPSConnection(host='www.youtube.com', port=443) at 0x106fa0490>, 'Connection to www.youtube.com timed out. (connect timeout=20.0)')")). Giving up after 3 retries
WARNING: [youtube:tab] (<HTTPSConnection(host='www.youtube.com', port=443) at 0x1072877f0>, 'Connection to www.youtube.com timed out. (connect timeout=20.0)'). Retrying (1/3)...
/Users/vincentnie/Library/Python/3.9/lib/python/site-packages/urllib3/__init__.py:35: NotOpenSSLWarning: urllib3 v2 only supports OpenSSL 1.1.1+, currently the 'ssl' module is compiled with 'LibreSSL 2.8.3'. See: https://github.com/urllib3/urllib3/issues/3020
  warnings.warn(
2026-05-24 04:02:00,323 [INFO] [MiniMax] 请求状态: 200, attempt=1
2026-05-24 04:02:00,325 [INFO] [MiniMax] 成功, 输出长度: 27
2026-05-24 04:02:00,326 [INFO] [translate_to_chinese] status=SUCCESS, len=27
2026-05-24 04:02:11,619 [INFO] [MiniMax] 请求状态: 200, attempt=1
2026-05-24 04:02:11,619 [INFO] [MiniMax] 成功, 输出长度: 158
2026-05-24 04:02:11,622 [INFO] [translate_to_chinese] status=SUCCESS, len=158
2026-05-24 04:02:16,024 [INFO] [MiniMax] 请求状态: 200, attempt=1
2026-05-24 04:02:16,024 [INFO] [MiniMax] 成功, 输出长度: 27
2026-05-24 04:02:16,026 [INFO] [translate_to_chinese] status=SUCCESS, len=27
2026-05-24 04:02:26,569 [INFO] [MiniMax] 请求状态: 200, attempt=1
2026-05-24 04:02:26,570 [INFO] [MiniMax] 成功, 输出长度: 140
2026-05-24 04:02:26,572 [INFO] [translate_to_chinese] status=SUCCESS, len=140
2026-05-24 04:02:31,791 [INFO] [MiniMax] 请求状态: 200, attempt=1
2026-05-24 04:02:31,792 [INFO] [MiniMax] 成功, 输出长度: 21
2026-05-24 04:02:31,794 [INFO] [translate_to_chinese] status=SUCCESS, len=21
2026-05-24 04:02:42,940 [INFO] [MiniMax] 请求状态: 200, attempt=1
2026-05-24 04:02:42,940 [INFO] [MiniMax] 成功, 输出长度: 93
2026-05-24 04:02:42,942 [INFO] [translate_to_chinese] status=SUCCESS, len=93
2026-05-24 04:02:50,531 [INFO] [MiniMax] 请求状态: 200, attempt=1
2026-05-24 04:02:50,531 [INFO] [MiniMax] 成功, 输出长度: 18
2026-05-24 04:02:50,533 [INFO] [translate_to_chinese] status=SUCCESS, len=18
2026-05-24 04:02:54,903 [INFO] [MiniMax] 请求状态: 200, attempt=1
2026-05-24 04:02:54,903 [INFO] [MiniMax] 成功, 输出长度: 99
2026-05-24 04:02:54,905 [INFO] [translate_to_chinese] status=SUCCESS, len=99
2026-05-24 04:02:59,337 [INFO] [MiniMax] 请求状态: 200, attempt=1
2026-05-24 04:02:59,338 [INFO] [MiniMax] 成功, 输出长度: 13
2026-05-24 04:02:59,340 [INFO] [translate_to_chinese] status=SUCCESS, len=13
2026-05-24 04:03:03,843 [INFO] [MiniMax] 请求状态: 200, attempt=1
2026-05-24 04:03:03,843 [INFO] [MiniMax] 成功, 输出长度: 96
2026-05-24 04:03:03,845 [INFO] [translate_to_chinese] status=SUCCESS, len=96
2026-05-24 04:03:07,939 [INFO] [MiniMax] 请求状态: 200, attempt=1
2026-05-24 04:03:07,940 [INFO] [MiniMax] 成功, 输出长度: 35
2026-05-24 04:03:07,942 [INFO] [translate_to_chinese] status=SUCCESS, len=35
2026-05-24 04:03:17,070 [INFO] [MiniMax] 请求状态: 200, attempt=1
2026-05-24 04:03:17,070 [INFO] [MiniMax] 成功, 输出长度: 159
2026-05-24 04:03:17,072 [INFO] [translate_to_chinese] status=SUCCESS, len=159
2026-05-24 04:03:21,764 [INFO] [MiniMax] 请求状态: 200, attempt=1
2026-05-24 04:03:21,765 [INFO] [MiniMax] 成功, 输出长度: 19
2026-05-24 04:03:21,767 [INFO] [translate_to_chinese] status=SUCCESS, len=19
2026-05-24 04:03:38,147 [INFO] [MiniMax] 请求状态: 200, attempt=1
2026-05-24 04:03:38,148 [INFO] [MiniMax] 成功, 输出长度: 102
2026-05-24 04:03:38,150 [INFO] [translate_to_chinese] status=SUCCESS, len=102
2026-05-24 04:03:42,858 [INFO] [MiniMax] 请求状态: 200, attempt=1
2026-05-24 04:03:42,858 [INFO] [MiniMax] 成功, 输出长度: 14
2026-05-24 04:03:42,860 [INFO] [translate_to_chinese] status=SUCCESS, len=14
2026-05-24 04:03:47,764 [INFO] [MiniMax] 请求状态: 200, attempt=1
2026-05-24 04:03:47,764 [INFO] [MiniMax] 成功, 输出长度: 100
2026-05-24 04:03:47,766 [INFO] [translate_to_chinese] status=SUCCESS, len=100
2026-05-24 04:03:52,689 [INFO] [MiniMax] 请求状态: 200, attempt=1
2026-05-24 04:03:52,689 [INFO] [MiniMax] 成功, 输出长度: 26
2026-05-24 04:03:52,691 [INFO] [translate_to_chinese] status=SUCCESS, len=26
2026-05-24 04:04:02,520 [INFO] [MiniMax] 请求状态: 200, attempt=1
2026-05-24 04:04:02,521 [INFO] [MiniMax] 成功, 输出长度: 109
2026-05-24 04:04:02,523 [INFO] [translate_to_chinese] status=SUCCESS, len=109
2026-05-24 04:04:08,965 [INFO] [MiniMax] 请求状态: 200, attempt=1
2026-05-24 04:04:08,965 [INFO] [MiniMax] 成功, 输出长度: 32
2026-05-24 04:04:08,967 [INFO] [translate_to_chinese] status=SUCCESS, len=32
2026-05-24 04:04:14,796 [INFO] [MiniMax] 请求状态: 200, attempt=1
2026-05-24 04:04:14,797 [INFO] [MiniMax] 成功, 输出长度: 122
2026-05-24 04:04:14,799 [INFO] [translate_to_chinese] status=SUCCESS, len=122
2026-05-24 04:04:22,896 [INFO] [MiniMax] 请求状态: 200, attempt=1
2026-05-24 04:04:22,896 [INFO] [MiniMax] 成功, 输出长度: 29
2026-05-24 04:04:22,898 [INFO] [translate_to_chinese] status=SUCCESS, len=29
2026-05-24 04:04:29,087 [INFO] [MiniMax] 请求状态: 200, attempt=1
2026-05-24 04:04:29,088 [INFO] [MiniMax] 成功, 输出长度: 42
2026-05-24 04:04:29,090 [INFO] [translate_to_chinese] status=SUCCESS, len=42
2026-05-24 04:04:38,564 [INFO] [MiniMax] 请求状态: 200, attempt=1
2026-05-24 04:04:38,565 [INFO] [MiniMax] 成功, 输出长度: 45
2026-05-24 04:04:38,567 [INFO] [translate_to_chinese] status=SUCCESS, len=45
2026-05-24 04:04:45,528 [INFO] [MiniMax] 请求状态: 200, attempt=1
2026-05-24 04:04:45,528 [INFO] [MiniMax] 成功, 输出长度: 30
2026-05-24 04:04:45,530 [INFO] [translate_to_chinese] status=SUCCESS, len=30
2026-05-24 04:04:49,930 [INFO] [MiniMax] 请求状态: 200, attempt=1
2026-05-24 04:04:49,931 [INFO] [MiniMax] 成功, 输出长度: 26
2026-05-24 04:04:49,933 [INFO] [translate_to_chinese] status=SUCCESS, len=26
2026-05-24 04:04:55,051 [INFO] [MiniMax] 请求状态: 200, attempt=1
2026-05-24 04:04:55,051 [INFO] [MiniMax] 成功, 输出长度: 35
2026-05-24 04:04:55,053 [INFO] [translate_to_chinese] status=SUCCESS, len=35
2026-05-24 04:05:02,794 [INFO] [MiniMax] 请求状态: 200, attempt=1
2026-05-24 04:05:02,795 [INFO] [MiniMax] 成功, 输出长度: 20
2026-05-24 04:05:02,797 [INFO] [translate_to_chinese] status=SUCCESS, len=20
2026-05-24 04:05:07,133 [INFO] [MiniMax] 请求状态: 200, attempt=1
2026-05-24 04:05:07,133 [INFO] [MiniMax] 成功, 输出长度: 34
2026-05-24 04:05:07,135 [INFO] [translate_to_chinese] status=SUCCESS, len=34
2026-05-24 04:05:14,232 [INFO] [MiniMax] 请求状态: 200, attempt=1
2026-05-24 04:05:14,233 [INFO] [MiniMax] 成功, 输出长度: 31
2026-05-24 04:05:14,235 [INFO] [translate_to_chinese] status=SUCCESS, len=31
2026-05-24 04:05:21,161 [INFO] [MiniMax] 请求状态: 200, attempt=1
2026-05-24 04:05:21,162 [INFO] [MiniMax] 成功, 输出长度: 47
2026-05-24 04:05:21,164 [INFO] [translate_to_chinese] status=SUCCESS, len=47
2026-05-24 04:05:25,360 [INFO] [MiniMax] 请求状态: 200, attempt=1
2026-05-24 04:05:25,361 [INFO] [MiniMax] 成功, 输出长度: 27
2026-05-24 04:05:25,363 [INFO] [translate_to_chinese] status=SUCCESS, len=27
2026-05-24 04:05:36,112 [INFO] [MiniMax] 请求状态: 200, attempt=1
2026-05-24 04:05:36,113 [INFO] [MiniMax] 成功, 输出长度: 64
2026-05-24 04:05:36,115 [INFO] [translate_to_chinese] status=SUCCESS, len=64
2026-05-24 04:05:39,697 [INFO] [MiniMax] 请求状态: 200, attempt=1
2026-05-24 04:05:39,697 [INFO] [MiniMax] 成功, 输出长度: 15
2026-05-24 04:05:39,699 [INFO] [translate_to_chinese] status=SUCCESS, len=15
2026-05-24 04:05:44,101 [INFO] [MiniMax] 请求状态: 200, attempt=1
2026-05-24 04:05:44,101 [INFO] [MiniMax] 成功, 输出长度: 40
2026-05-24 04:05:44,103 [INFO] [translate_to_chinese] status=SUCCESS, len=40
2026-05-24 04:05:49,629 [INFO] [MiniMax] 请求状态: 200, attempt=1
2026-05-24 04:05:49,630 [INFO] [MiniMax] 成功, 输出长度: 38
2026-05-24 04:05:49,632 [INFO] [translate_to_chinese] status=SUCCESS, len=38
2026-05-24 04:05:55,325 [INFO] [MiniMax] 请求状态: 200, attempt=1
2026-05-24 04:05:55,325 [INFO] [MiniMax] 成功, 输出长度: 38
2026-05-24 04:05:55,328 [INFO] [translate_to_chinese] status=SUCCESS, len=38
2026-05-24 04:06:02,795 [INFO] [MiniMax] 请求状态: 200, attempt=1
2026-05-24 04:06:02,795 [INFO] [MiniMax] 成功, 输出长度: 16
2026-05-24 04:06:02,797 [INFO] [translate_to_chinese] status=SUCCESS, len=16
2026-05-24 04:06:09,187 [INFO] [MiniMax] 请求状态: 200, attempt=1
2026-05-24 04:06:09,187 [INFO] [MiniMax] 成功, 输出长度: 52
2026-05-24 04:06:09,189 [INFO] [translate_to_chinese] status=SUCCESS, len=52
2026-05-24 04:06:13,352 [INFO] [MiniMax] 请求状态: 200, attempt=1
2026-05-24 04:06:13,352 [INFO] [MiniMax] 成功, 输出长度: 25
2026-05-24 04:06:13,354 [INFO] [translate_to_chinese] status=SUCCESS, len=25
2026-05-24 04:06:16,930 [INFO] [MiniMax] 请求状态: 200, attempt=1
2026-05-24 04:06:16,931 [INFO] [MiniMax] 成功, 输出长度: 42
2026-05-24 04:06:16,933 [INFO] [translate_to_chinese] status=SUCCESS, len=42
2026-05-24 04:06:26,185 [INFO] [MiniMax] 请求状态: 200, attempt=1
2026-05-24 04:06:26,186 [INFO] [MiniMax] 成功, 输出长度: 35
2026-05-24 04:06:26,188 [INFO] [translate_to_chinese] status=SUCCESS, len=35
2026-05-24 04:06:29,668 [INFO] [MiniMax] 请求状态: 200, attempt=1
2026-05-24 04:06:29,669 [INFO] [MiniMax] 成功, 输出长度: 34
2026-05-24 04:06:29,671 [INFO] [translate_to_chinese] status=SUCCESS, len=34
2026-05-24 04:06:35,197 [INFO] [MiniMax] 请求状态: 200, attempt=1
2026-05-24 04:06:35,197 [INFO] [MiniMax] 成功, 输出长度: 25
2026-05-24 04:06:35,200 [INFO] [translate_to_chinese] status=SUCCESS, len=25
2026-05-24 04:06:45,846 [INFO] [MiniMax] 请求状态: 200, attempt=1
2026-05-24 04:06:45,847 [INFO] [MiniMax] 成功, 输出长度: 56
2026-05-24 04:06:45,849 [INFO] [translate_to_chinese] status=SUCCESS, len=56
2026-05-24 04:06:49,635 [INFO] [MiniMax] 请求状态: 200, attempt=1
2026-05-24 04:06:49,636 [INFO] [MiniMax] 成功, 输出长度: 14
2026-05-24 04:06:49,638 [INFO] [translate_to_chinese] status=SUCCESS, len=14
2026-05-24 04:06:56,292 [INFO] [MiniMax] 请求状态: 200, attempt=1
2026-05-24 04:06:56,293 [INFO] [MiniMax] 成功, 输出长度: 33
2026-05-24 04:06:56,295 [INFO] [translate_to_chinese] status=SUCCESS, len=33
2026-05-24 04:07:01,338 [INFO] [MiniMax] 请求状态: 200, attempt=1
2026-05-24 04:07:01,338 [INFO] [MiniMax] 成功, 输出长度: 25
2026-05-24 04:07:01,340 [INFO] [translate_to_chinese] status=SUCCESS, len=25
2026-05-24 04:07:06,918 [INFO] [MiniMax] 请求状态: 200, attempt=1
2026-05-24 04:07:06,919 [INFO] [MiniMax] 成功, 输出长度: 56
2026-05-24 04:07:06,921 [INFO] [translate_to_chinese] status=SUCCESS, len=56
2026-05-24 04:07:13,943 [INFO] [MiniMax] 请求状态: 200, attempt=1
2026-05-24 04:07:13,944 [INFO] [MiniMax] 成功, 输出长度: 24
2026-05-24 04:07:13,945 [INFO] [translate_to_chinese] status=SUCCESS, len=24
2026-05-24 04:07:17,898 [INFO] [MiniMax] 请求状态: 200, attempt=1
2026-05-24 04:07:17,899 [INFO] [MiniMax] 成功, 输出长度: 50
2026-05-24 04:07:17,901 [INFO] [translate_to_chinese] status=SUCCESS, len=50
2026-05-24 04:07:22,916 [INFO] [MiniMax] 请求状态: 200, attempt=1
2026-05-24 04:07:22,917 [INFO] [MiniMax] 成功, 输出长度: 26
2026-05-24 04:07:22,919 [INFO] [translate_to_chinese] status=SUCCESS, len=26
2026-05-24 04:07:28,211 [INFO] [MiniMax] 请求状态: 200, attempt=1
2026-05-24 04:07:28,212 [INFO] [MiniMax] 成功, 输出长度: 50
2026-05-24 04:07:28,214 [INFO] [translate_to_chinese] status=SUCCESS, len=50
2026-05-24 04:07:31,055 [INFO] [MiniMax] 请求状态: 200, attempt=1
2026-05-24 04:07:31,055 [INFO] [MiniMax] 成功, 输出长度: 30
2026-05-24 04:07:31,057 [INFO] [translate_to_chinese] status=SUCCESS, len=30
2026-05-24 04:07:36,331 [INFO] [MiniMax] 请求状态: 200, attempt=1
2026-05-24 04:07:36,331 [INFO] [MiniMax] 成功, 输出长度: 66
2026-05-24 04:07:36,333 [INFO] [translate_to_chinese] status=SUCCESS, len=66
2026-05-24 04:07:40,432 [INFO] [MiniMax] 请求状态: 200, attempt=1
2026-05-24 04:07:40,432 [INFO] [MiniMax] 成功, 输出长度: 23
2026-05-24 04:07:40,434 [INFO] [translate_to_chinese] status=SUCCESS, len=23
2026-05-24 04:07:46,263 [INFO] [MiniMax] 请求状态: 200, attempt=1
2026-05-24 04:07:46,263 [INFO] [MiniMax] 成功, 输出长度: 53
2026-05-24 04:07:46,265 [INFO] [translate_to_chinese] status=SUCCESS, len=53
2026-05-24 04:07:50,053 [INFO] [MiniMax] 请求状态: 200, attempt=1
2026-05-24 04:07:50,053 [INFO] [MiniMax] 成功, 输出长度: 25
2026-05-24 04:07:50,055 [INFO] [translate_to_chinese] status=SUCCESS, len=25
2026-05-24 04:07:58,961 [INFO] [MiniMax] 请求状态: 200, attempt=1
2026-05-24 04:07:58,961 [INFO] [MiniMax] 成功, 输出长度: 50
2026-05-24 04:07:58,963 [INFO] [translate_to_chinese] status=SUCCESS, len=50
2026-05-24 04:08:02,647 [INFO] [MiniMax] 请求状态: 200, attempt=1
2026-05-24 04:08:02,647 [INFO] [MiniMax] 成功, 输出长度: 30
2026-05-24 04:08:02,649 [INFO] [translate_to_chinese] status=SUCCESS, len=30
2026-05-24 04:08:07,951 [INFO] [MiniMax] 请求状态: 200, attempt=1
2026-05-24 04:08:07,951 [INFO] [MiniMax] 成功, 输出长度: 35
2026-05-24 04:08:07,953 [INFO] [translate_to_chinese] status=SUCCESS, len=35
2026-05-24 04:08:14,003 [INFO] [MiniMax] 请求状态: 200, attempt=1
2026-05-24 04:08:14,003 [INFO] [MiniMax] 成功, 输出长度: 30
2026-05-24 04:08:14,004 [INFO] [translate_to_chinese] status=SUCCESS, len=30
2026-05-24 04:08:24,458 [INFO] [MiniMax] 请求状态: 200, attempt=1
2026-05-24 04:08:24,459 [INFO] [MiniMax] 成功, 输出长度: 154
2026-05-24 04:08:24,461 [INFO] [translate_to_chinese] status=SUCCESS, len=154
2026-05-24 04:08:27,017 [INFO] [MiniMax] 请求状态: 200, attempt=1
2026-05-24 04:08:27,018 [INFO] [MiniMax] 成功, 输出长度: 22
2026-05-24 04:08:27,020 [INFO] [translate_to_chinese] status=SUCCESS, len=22
2026-05-24 04:08:32,547 [INFO] [MiniMax] 请求状态: 200, attempt=1
2026-05-24 04:08:32,548 [INFO] [MiniMax] 成功, 输出长度: 140
2026-05-24 04:08:32,550 [INFO] [translate_to_chinese] status=SUCCESS, len=140
2026-05-24 04:08:37,667 [INFO] [MiniMax] 请求状态: 200, attempt=1
2026-05-24 04:08:37,668 [INFO] [MiniMax] 成功, 输出长度: 39
2026-05-24 04:08:37,670 [INFO] [translate_to_chinese] status=SUCCESS, len=39
2026-05-24 04:08:52,414 [INFO] [MiniMax] 请求状态: 200, attempt=1
2026-05-24 04:08:52,415 [INFO] [MiniMax] 成功, 输出长度: 172
2026-05-24 04:08:52,417 [INFO] [translate_to_chinese] status=SUCCESS, len=172
2026-05-24 04:08:57,635 [INFO] [MiniMax] 请求状态: 200, attempt=1
2026-05-24 04:08:57,636 [INFO] [MiniMax] 成功, 输出长度: 59
2026-05-24 04:08:57,638 [INFO] [translate_to_chinese] status=SUCCESS, len=59
2026-05-24 04:09:03,779 [INFO] [MiniMax] 请求状态: 200, attempt=1
2026-05-24 04:09:03,780 [INFO] [MiniMax] 成功, 输出长度: 162
2026-05-24 04:09:03,782 [INFO] [translate_to_chinese] status=SUCCESS, len=162
2026-05-24 04:09:09,104 [INFO] [MiniMax] 请求状态: 200, attempt=1
2026-05-24 04:09:09,105 [INFO] [MiniMax] 成功, 输出长度: 38
2026-05-24 04:09:09,107 [INFO] [translate_to_chinese] status=SUCCESS, len=38
2026-05-24 04:09:14,410 [INFO] [MiniMax] 请求状态: 200, attempt=1
2026-05-24 04:09:14,410 [INFO] [MiniMax] 成功, 输出长度: 183
2026-05-24 04:09:14,412 [INFO] [translate_to_chinese] status=SUCCESS, len=183
2026-05-24 04:09:20,127 [INFO] [MiniMax] 请求状态: 200, attempt=1
2026-05-24 04:09:20,128 [INFO] [MiniMax] 成功, 输出长度: 24
2026-05-24 04:09:20,130 [INFO] [translate_to_chinese] status=SUCCESS, len=24
2026-05-24 04:09:35,523 [INFO] [MiniMax] 请求状态: 200, attempt=1
2026-05-24 04:09:35,524 [INFO] [MiniMax] 成功, 输出长度: 176
2026-05-24 04:09:35,526 [INFO] [translate_to_chinese] status=SUCCESS, len=176
2026-05-24 04:09:39,621 [INFO] [MiniMax] 请求状态: 200, attempt=1
2026-05-24 04:09:39,621 [INFO] [MiniMax] 成功, 输出长度: 32
2026-05-24 04:09:39,623 [INFO] [translate_to_chinese] status=SUCCESS, len=32
2026-05-24 04:09:50,205 [INFO] [MiniMax] 请求状态: 200, attempt=1
2026-05-24 04:09:50,206 [INFO] [MiniMax] 成功, 输出长度: 181
2026-05-24 04:09:50,208 [INFO] [translate_to_chinese] status=SUCCESS, len=181
/Users/vincentnie/Library/Python/3.9/lib/python/site-packages/urllib3/__init__.py:35: NotOpenSSLWarning: urllib3 v2 only supports OpenSSL 1.1.1+, currently the 'ssl' module is compiled with 'LibreSSL 2.8.3'. See: https://github.com/urllib3/urllib3/issues/3020
  warnings.warn(
/Users/vincentnie/Library/Python/3.9/lib/python/site-packages/urllib3/connectionpool.py:1097: InsecureRequestWarning: Unverified HTTPS request is being made to host 'www.xiaoyuzhoufm.com'. Adding certificate verification is strongly advised. See: https://urllib3.readthedocs.io/en/latest/advanced-usage.html#tls-warnings
  warnings.warn(
/Users/vincentnie/Library/Python/3.9/lib/python/site-packages/urllib3/connectionpool.py:1097: InsecureRequestWarning: Unverified HTTPS request is being made to host 'www.xiaoyuzhoufm.com'. Adding certificate verification is strongly advised. See: https://urllib3.readthedocs.io/en/latest/advanced-usage.html#tls-warnings
  warnings.warn(
/Users/vincentnie/Library/Python/3.9/lib/python/site-packages/urllib3/connectionpool.py:1097: InsecureRequestWarning: Unverified HTTPS request is being made to host 'www.xiaoyuzhoufm.com'. Adding certificate verification is strongly advised. See: https://urllib3.readthedocs.io/en/latest/advanced-usage.html#tls-warnings
  warnings.warn(
/Users/vincentnie/Library/Python/3.9/lib/python/site-packages/urllib3/connectionpool.py:1097: InsecureRequestWarning: Unverified HTTPS request is being made to host 'www.xiaoyuzhoufm.com'. Adding certificate verification is strongly advised. See: https://urllib3.readthedocs.io/en/latest/advanced-usage.html#tls-warnings
  warnings.warn(
/Users/vincentnie/Library/Python/3.9/lib/python/site-packages/urllib3/connectionpool.py:1097: InsecureRequestWarning: Unverified HTTPS request is being made to host 'www.xiaoyuzhoufm.com'. Adding certificate verification is strongly advised. See: https://urllib3.readthedocs.io/en/latest/advanced-usage.html#tls-warnings
  warnings.warn(
/Users/vincentnie/Library/Python/3.9/lib/python/site-packages/urllib3/connectionpool.py:1097: InsecureRequestWarning: Unverified HTTPS request is being made to host 'www.xiaoyuzhoufm.com'. Adding certificate verification is strongly advised. See: https://urllib3.readthedocs.io/en/latest/advanced-usage.html#tls-warnings
  warnings.warn(
/Users/vincentnie/Library/Python/3.9/lib/python/site-packages/urllib3/connectionpool.py:1097: InsecureRequestWarning: Unverified HTTPS request is being made to host 'www.xiaoyuzhoufm.com'. Adding certificate verification is strongly advised. See: https://urllib3.readthedocs.io/en/latest/advanced-usage.html#tls-warnings
  warnings.warn(
/Users/vincentnie/Library/Python/3.9/lib/python/site-packages/urllib3/connectionpool.py:1097: InsecureRequestWarning: Unverified HTTPS request is being made to host 'www.xiaoyuzhoufm.com'. Adding certificate verification is strongly advised. See: https://urllib3.readthedocs.io/en/latest/advanced-usage.html#tls-warnings
  warnings.warn(
/Users/vincentnie/Library/Python/3.9/lib/python/site-packages/urllib3/connectionpool.py:1097: InsecureRequestWarning: Unverified HTTPS request is being made to host 'www.xiaoyuzhoufm.com'. Adding certificate verification is strongly advised. See: https://urllib3.readthedocs.io/en/latest/advanced-usage.html#tls-warnings
  warnings.warn(
/Users/vincentnie/Library/Python/3.9/lib/python/site-packages/urllib3/connectionpool.py:1097: InsecureRequestWarning: Unverified HTTPS request is being made to host 'www.xiaoyuzhoufm.com'. Adding certificate verification is strongly advised. See: https://urllib3.readthedocs.io/en/latest/advanced-usage.html#tls-warnings
  warnings.warn(
/Users/vincentnie/Library/Python/3.9/lib/python/site-packages/urllib3/connectionpool.py:1097: InsecureRequestWarning: Unverified HTTPS request is being made to host 'www.xiaoyuzhoufm.com'. Adding certificate verification is strongly advised. See: https://urllib3.readthedocs.io/en/latest/advanced-usage.html#tls-warnings
  warnings.warn(
2026-05-24 04:10:48,844 [INFO] [MiniMax] 请求状态: 200, attempt=1
2026-05-24 04:10:48,844 [INFO] [MiniMax] 成功, 输出长度: 1771
2026-05-24 04:10:48,846 [INFO] [generate_podcast_summary] status=SUCCESS, len=1771
2026-05-24 04:11:19,776 [INFO] [MiniMax] 请求状态: 200, attempt=1
2026-05-24 04:11:19,777 [INFO] [MiniMax] 成功, 输出长度: 2725
2026-05-24 04:11:19,779 [INFO] [generate_podcast_summary] status=SUCCESS, len=2725
/Users/vincentnie/Library/Python/3.9/lib/python/site-packages/urllib3/__init__.py:35: NotOpenSSLWarning: urllib3 v2 only supports OpenSSL 1.1.1+, currently the 'ssl' module is compiled with 'LibreSSL 2.8.3'. See: https://github.com/urllib3/urllib3/issues/3020
  warnings.warn(
Deprecated Feature: Support for Python version 3.9 has been deprecated. Please update to Python 3.10 or above
WARNING: [youtube:tab] (<HTTPSConnection(host='www.youtube.com', port=443) at 0x10744faf0>, 'Connection to www.youtube.com timed out. (connect timeout=20.0)'). Retrying (1/3)...
WARNING: [youtube:tab] (<HTTPSConnection(host='www.youtube.com', port=443) at 0x1072ee9d0>, 'Connection to www.youtube.com timed out. (connect timeout=20.0)'). Retrying (2/3)...
WARNING: [youtube:tab] (<HTTPSConnection(host='www.youtube.com', port=443) at 0x1072ee4f0>, 'Connection to www.youtube.com timed out. (connect timeout=20.0)'). Retrying (3/3)...
WARNING: [youtube:tab] Unable to download webpage: (<HTTPSConnection(host='www.youtube.com', port=443) at 0x107439fd0>, 'Connection to www.youtube.com timed out. (connect timeout=20.0)') (caused by TransportError("(<HTTPSConnection(host='www.youtube.com', port=443) at 0x107439fd0>, 'Connection to www.youtube.com timed out. (connect timeout=20.0)')")). Giving up after 3 retries
WARNING: [youtube:tab] (<HTTPSConnection(host='www.youtube.com', port=443) at 0x1072ff850>, 'Connection to www.youtube.com timed out. (connect timeout=20.0)'). Retrying (1/3)...
WARNING: [youtube:tab] (<HTTPSConnection(host='www.youtube.com', port=443) at 0x1072ee8e0>, 'Connection to www.youtube.com timed out. (connect timeout=20.0)'). Retrying (2/3)...
WARNING: [youtube:tab] (<HTTPSConnection(host='www.youtube.com', port=443) at 0x107307bb0>, 'Connection to www.youtube.com timed out. (connect timeout=20.0)'). Retrying (3/3)...
ERROR: [youtube:tab] @LexFridman: Unable to download API page: (<HTTPSConnection(host='www.youtube.com', port=443) at 0x1072ffe80>, 'Connection to www.youtube.com timed out. (connect timeout=20.0)') (caused by TransportError("(<HTTPSConnection(host='www.youtube.com', port=443) at 0x1072ffe80>, 'Connection to www.youtube.com timed out. (connect timeout=20.0)')"))
Deprecated Feature: Support for Python version 3.9 has been deprecated. Please update to Python 3.10 or above
WARNING: [youtube:tab] (<HTTPSConnection(host='www.youtube.com', port=443) at 0x1072f6c40>, 'Connection to www.youtube.com timed out. (connect timeout=20.0)'). Retrying (1/3)...
WARNING: [youtube:tab] (<HTTPSConnection(host='www.youtube.com', port=443) at 0x107307910>, 'Connection to www.youtube.com timed out. (connect timeout=20.0)'). Retrying (2/3)...
WARNING: [youtube:tab] (<HTTPSConnection(host='www.youtube.com', port=443) at 0x10744fa00>, 'Connection to www.youtube.com timed out. (connect timeout=20.0)'). Retrying (3/3)...
WARNING: [youtube:tab] Unable to download webpage: (<HTTPSConnection(host='www.youtube.com', port=443) at 0x1072ffee0>, 'Connection to www.youtube.com timed out. (connect timeout=20.0)') (caused by TransportError("(<HTTPSConnection(host='www.youtube.com', port=443) at 0x1072ffee0>, 'Connection to www.youtube.com timed out. (connect timeout=20.0)')")). Giving up after 3 retries
WARNING: [youtube:tab] (<HTTPSConnection(host='www.youtube.com', port=443) at 0x1075e9a90>, 'Connection to www.youtube.com timed out. (connect timeout=20.0)'). Retrying (1/3)...
WARNING: [youtube:tab] (<HTTPSConnection(host='www.youtube.com', port=443) at 0x1075e9a00>, 'Connection to www.youtube.com timed out. (connect timeout=20.0)'). Retrying (2/3)...
WARNING: [youtube:tab] (<HTTPSConnection(host='www.youtube.com', port=443) at 0x1075edac0>, 'Connection to www.youtube.com timed out. (connect timeout=20.0)'). Retrying (3/3)...
ERROR: [youtube:tab] @a16z: Unable to download API page: (<HTTPSConnection(host='www.youtube.com', port=443) at 0x1075e9640>, 'Connection to www.youtube.com timed out. (connect timeout=20.0)') (caused by TransportError("(<HTTPSConnection(host='www.youtube.com', port=443) at 0x1075e9640>, 'Connection to www.youtube.com timed out. (connect timeout=20.0)')"))
Deprecated Feature: Support for Python version 3.9 has been deprecated. Please update to Python 3.10 or above
WARNING: [youtube:tab] (<HTTPSConnection(host='www.youtube.com', port=443) at 0x1072f6df0>, 'Connection to www.youtube.com timed out. (connect timeout=20.0)'). Retrying (1/3)...
WARNING: [youtube:tab] (<HTTPSConnection(host='www.youtube.com', port=443) at 0x10730a040>, 'Connection to www.youtube.com timed out. (connect timeout=20.0)'). Retrying (2/3)...
WARNING: [youtube:tab] (<HTTPSConnection(host='www.youtube.com', port=443) at 0x1075e9700>, 'Connection to www.youtube.com timed out. (connect timeout=20.0)'). Retrying (3/3)...
WARNING: [youtube:tab] Unable to download webpage: (<HTTPSConnection(host='www.youtube.com', port=443) at 0x107307280>, 'Connection to www.youtube.com timed out. (connect timeout=20.0)') (caused by TransportError("(<HTTPSConnection(host='www.youtube.com', port=443) at 0x107307280>, 'Connection to www.youtube.com timed out. (connect timeout=20.0)')")). Giving up after 3 retries
WARNING: [youtube:tab] (<HTTPSConnection(host='www.youtube.com', port=443) at 0x107307fa0>, 'Connection to www.youtube.com timed out. (connect timeout=20.0)'). Retrying (1/3)...
WARNING: [youtube:tab] (<HTTPSConnection(host='www.youtube.com', port=443) at 0x107439160>, 'Connection to www.youtube.com timed out. (connect timeout=20.0)'). Retrying (2/3)...
WARNING: [youtube:tab] (<HTTPSConnection(host='www.youtube.com', port=443) at 0x1072ff6a0>, 'Connection to www.youtube.com timed out. (connect timeout=20.0)'). Retrying (3/3)...
ERROR: [youtube:tab] @allin: Unable to download API page: (<HTTPSConnection(host='www.youtube.com', port=443) at 0x107307df0>, 'Connection to www.youtube.com timed out. (connect timeout=20.0)') (caused by TransportError("(<HTTPSConnection(host='www.youtube.com', port=443) at 0x107307df0>, 'Connection to www.youtube.com timed out. (connect timeout=20.0)')"))
Deprecated Feature: Support for Python version 3.9 has been deprecated. Please update to Python 3.10 or above
WARNING: [youtube:tab] (<HTTPSConnection(host='www.youtube.com', port=443) at 0x1075eb5b0>, 'Connection to www.youtube.com timed out. (connect timeout=20.0)'). Retrying (1/3)...
WARNING: [youtube:tab] (<HTTPSConnection(host='www.youtube.com', port=443) at 0x107307dc0>, 'Connection to www.youtube.com timed out. (connect timeout=20.0)'). Retrying (2/3)...
WARNING: [youtube:tab] (<HTTPSConnection(host='www.youtube.com', port=443) at 0x1072ff940>, 'Connection to www.youtube.com timed out. (connect timeout=20.0)'). Retrying (3/3)...
WARNING: [youtube:tab] Unable to download webpage: (<HTTPSConnection(host='www.youtube.com', port=443) at 0x1072ff490>, 'Connection to www.youtube.com timed out. (connect timeout=20.0)') (caused by TransportError("(<HTTPSConnection(host='www.youtube.com', port=443) at 0x1072ff490>, 'Connection to www.youtube.com timed out. (connect timeout=20.0)')")). Giving up after 3 retries
WARNING: [youtube:tab] (<HTTPSConnection(host='www.youtube.com', port=443) at 0x1075e57f0>, 'Connection to www.youtube.com timed out. (connect timeout=20.0)'). Retrying (1/3)...
/Users/vincentnie/Library/Python/3.9/lib/python/site-packages/urllib3/__init__.py:35: NotOpenSSLWarning: urllib3 v2 only supports OpenSSL 1.1.1+, currently the 'ssl' module is compiled with 'LibreSSL 2.8.3'. See: https://github.com/urllib3/urllib3/issues/3020
  warnings.warn(
2026-05-25 04:00:39,470 [INFO] [MiniMax] 请求状态: 200, attempt=1
2026-05-25 04:00:39,470 [INFO] [MiniMax] 成功, 输出长度: 18
2026-05-25 04:00:39,472 [INFO] [translate_to_chinese] status=SUCCESS, len=18
2026-05-25 04:00:55,956 [INFO] [MiniMax] 请求状态: 200, attempt=1
2026-05-25 04:00:55,957 [INFO] [MiniMax] 成功, 输出长度: 79
2026-05-25 04:00:55,959 [INFO] [translate_to_chinese] status=SUCCESS, len=79
2026-05-25 04:01:01,182 [INFO] [MiniMax] 请求状态: 200, attempt=1
2026-05-25 04:01:01,182 [INFO] [MiniMax] 成功, 输出长度: 23
2026-05-25 04:01:01,184 [INFO] [translate_to_chinese] status=SUCCESS, len=23
2026-05-25 04:01:06,094 [INFO] [MiniMax] 请求状态: 200, attempt=1
2026-05-25 04:01:06,094 [INFO] [MiniMax] 成功, 输出长度: 75
2026-05-25 04:01:06,096 [INFO] [translate_to_chinese] status=SUCCESS, len=75
2026-05-25 04:01:11,436 [INFO] [MiniMax] 请求状态: 200, attempt=1
2026-05-25 04:01:11,437 [INFO] [MiniMax] 成功, 输出长度: 12
2026-05-25 04:01:11,439 [INFO] [translate_to_chinese] status=SUCCESS, len=12
2026-05-25 04:01:15,967 [INFO] [MiniMax] 请求状态: 200, attempt=1
2026-05-25 04:01:15,968 [INFO] [MiniMax] 成功, 输出长度: 159
2026-05-25 04:01:15,970 [INFO] [translate_to_chinese] status=SUCCESS, len=159
2026-05-25 04:01:22,786 [INFO] [MiniMax] 请求状态: 200, attempt=1
2026-05-25 04:01:22,787 [INFO] [MiniMax] 成功, 输出长度: 18
2026-05-25 04:01:22,789 [INFO] [translate_to_chinese] status=SUCCESS, len=18
2026-05-25 04:01:27,217 [INFO] [MiniMax] 请求状态: 200, attempt=1
2026-05-25 04:01:27,218 [INFO] [MiniMax] 成功, 输出长度: 115
2026-05-25 04:01:27,220 [INFO] [translate_to_chinese] status=SUCCESS, len=115
2026-05-25 04:01:33,742 [INFO] [MiniMax] 请求状态: 200, attempt=1
2026-05-25 04:01:33,742 [INFO] [MiniMax] 成功, 输出长度: 22
2026-05-25 04:01:33,744 [INFO] [translate_to_chinese] status=SUCCESS, len=22
2026-05-25 04:01:38,657 [INFO] [MiniMax] 请求状态: 200, attempt=1
2026-05-25 04:01:38,658 [INFO] [MiniMax] 成功, 输出长度: 152
2026-05-25 04:01:38,660 [INFO] [translate_to_chinese] status=SUCCESS, len=152
2026-05-25 04:01:46,069 [INFO] [MiniMax] 请求状态: 200, attempt=1
2026-05-25 04:01:46,069 [INFO] [MiniMax] 成功, 输出长度: 16
2026-05-25 04:01:46,071 [INFO] [translate_to_chinese] status=SUCCESS, len=16
2026-05-25 04:01:53,607 [INFO] [MiniMax] 请求状态: 200, attempt=1
2026-05-25 04:01:53,608 [INFO] [MiniMax] 成功, 输出长度: 143
2026-05-25 04:01:53,610 [INFO] [translate_to_chinese] status=SUCCESS, len=143
2026-05-25 04:02:09,091 [INFO] [MiniMax] 请求状态: 200, attempt=1
2026-05-25 04:02:09,091 [INFO] [MiniMax] 成功, 输出长度: 28
2026-05-25 04:02:09,093 [INFO] [translate_to_chinese] status=SUCCESS, len=28
2026-05-25 04:02:17,136 [INFO] [MiniMax] 请求状态: 200, attempt=1
2026-05-25 04:02:17,136 [INFO] [MiniMax] 成功, 输出长度: 55
2026-05-25 04:02:17,137 [INFO] [translate_to_chinese] status=SUCCESS, len=55
2026-05-25 04:02:21,872 [INFO] [MiniMax] 请求状态: 200, attempt=1
2026-05-25 04:02:21,873 [INFO] [MiniMax] 成功, 输出长度: 10
2026-05-25 04:02:21,875 [INFO] [translate_to_chinese] status=SUCCESS, len=10
2026-05-25 04:02:35,030 [INFO] [MiniMax] 请求状态: 200, attempt=1
2026-05-25 04:02:35,031 [INFO] [MiniMax] 成功, 输出长度: 151
2026-05-25 04:02:35,032 [INFO] [translate_to_chinese] status=SUCCESS, len=151
2026-05-25 04:02:50,231 [INFO] [MiniMax] 请求状态: 200, attempt=1
2026-05-25 04:02:50,231 [INFO] [MiniMax] 成功, 输出长度: 30
2026-05-25 04:02:50,233 [INFO] [translate_to_chinese] status=SUCCESS, len=30
2026-05-25 04:03:03,723 [INFO] [MiniMax] 请求状态: 200, attempt=1
2026-05-25 04:03:03,724 [INFO] [MiniMax] 成功, 输出长度: 87
2026-05-25 04:03:03,726 [INFO] [translate_to_chinese] status=SUCCESS, len=87
2026-05-25 04:03:08,974 [INFO] [MiniMax] 请求状态: 200, attempt=1
2026-05-25 04:03:08,974 [INFO] [MiniMax] 成功, 输出长度: 17
2026-05-25 04:03:08,976 [INFO] [translate_to_chinese] status=SUCCESS, len=17
2026-05-25 04:03:22,183 [INFO] [MiniMax] 请求状态: 200, attempt=1
2026-05-25 04:03:22,184 [INFO] [MiniMax] 成功, 输出长度: 121
2026-05-25 04:03:22,186 [INFO] [translate_to_chinese] status=SUCCESS, len=121
2026-05-25 04:03:29,556 [INFO] [MiniMax] 请求状态: 200, attempt=1
2026-05-25 04:03:29,557 [INFO] [MiniMax] 成功, 输出长度: 24
2026-05-25 04:03:29,559 [INFO] [translate_to_chinese] status=SUCCESS, len=24
2026-05-25 04:03:58,946 [INFO] [MiniMax] 请求状态: 200, attempt=1
2026-05-25 04:03:58,946 [INFO] [MiniMax] 成功, 输出长度: 166
2026-05-25 04:03:58,948 [INFO] [translate_to_chinese] status=SUCCESS, len=166
2026-05-25 04:04:02,540 [INFO] [MiniMax] 请求状态: 200, attempt=1
2026-05-25 04:04:02,540 [INFO] [MiniMax] 成功, 输出长度: 16
2026-05-25 04:04:02,542 [INFO] [translate_to_chinese] status=SUCCESS, len=16
2026-05-25 04:04:07,856 [INFO] [MiniMax] 请求状态: 200, attempt=1
2026-05-25 04:04:07,856 [INFO] [MiniMax] 成功, 输出长度: 150
2026-05-25 04:04:07,858 [INFO] [translate_to_chinese] status=SUCCESS, len=150
2026-05-25 04:04:15,329 [INFO] [MiniMax] 请求状态: 200, attempt=1
2026-05-25 04:04:15,330 [INFO] [MiniMax] 成功, 输出长度: 24
2026-05-25 04:04:15,332 [INFO] [translate_to_chinese] status=SUCCESS, len=24
2026-05-25 04:04:20,142 [INFO] [MiniMax] 请求状态: 200, attempt=1
2026-05-25 04:04:20,143 [INFO] [MiniMax] 成功, 输出长度: 65
2026-05-25 04:04:20,145 [INFO] [translate_to_chinese] status=SUCCESS, len=65
2026-05-25 04:04:23,106 [INFO] [MiniMax] 请求状态: 200, attempt=1
2026-05-25 04:04:23,107 [INFO] [MiniMax] 成功, 输出长度: 15
2026-05-25 04:04:23,109 [INFO] [translate_to_chinese] status=SUCCESS, len=15
2026-05-25 04:04:27,338 [INFO] [MiniMax] 请求状态: 200, attempt=1
2026-05-25 04:04:27,339 [INFO] [MiniMax] 成功, 输出长度: 94
2026-05-25 04:04:27,341 [INFO] [translate_to_chinese] status=SUCCESS, len=94
2026-05-25 04:04:32,430 [INFO] [MiniMax] 请求状态: 200, attempt=1
2026-05-25 04:04:32,430 [INFO] [MiniMax] 成功, 输出长度: 16
2026-05-25 04:04:32,432 [INFO] [translate_to_chinese] status=SUCCESS, len=16
2026-05-25 04:04:41,532 [INFO] [MiniMax] 请求状态: 200, attempt=1
2026-05-25 04:04:41,533 [INFO] [MiniMax] 成功, 输出长度: 103
2026-05-25 04:04:41,535 [INFO] [translate_to_chinese] status=SUCCESS, len=103
2026-05-25 04:04:45,230 [INFO] [MiniMax] 请求状态: 200, attempt=1
2026-05-25 04:04:45,230 [INFO] [MiniMax] 成功, 输出长度: 27
2026-05-25 04:04:45,233 [INFO] [translate_to_chinese] status=SUCCESS, len=27
2026-05-25 04:04:49,388 [INFO] [MiniMax] 请求状态: 200, attempt=1
2026-05-25 04:04:49,389 [INFO] [MiniMax] 成功, 输出长度: 43
2026-05-25 04:04:49,391 [INFO] [translate_to_chinese] status=SUCCESS, len=43
2026-05-25 04:04:53,204 [INFO] [MiniMax] 请求状态: 200, attempt=1
2026-05-25 04:04:53,205 [INFO] [MiniMax] 成功, 输出长度: 19
2026-05-25 04:04:53,207 [INFO] [translate_to_chinese] status=SUCCESS, len=19
2026-05-25 04:04:58,747 [INFO] [MiniMax] 请求状态: 200, attempt=1
2026-05-25 04:04:58,748 [INFO] [MiniMax] 成功, 输出长度: 85
2026-05-25 04:04:58,750 [INFO] [translate_to_chinese] status=SUCCESS, len=85
2026-05-25 04:05:05,915 [INFO] [MiniMax] 请求状态: 200, attempt=1
2026-05-25 04:05:05,915 [INFO] [MiniMax] 成功, 输出长度: 19
2026-05-25 04:05:05,917 [INFO] [translate_to_chinese] status=SUCCESS, len=19
2026-05-25 04:05:10,318 [INFO] [MiniMax] 请求状态: 200, attempt=1
2026-05-25 04:05:10,318 [INFO] [MiniMax] 成功, 输出长度: 43
2026-05-25 04:05:10,320 [INFO] [translate_to_chinese] status=SUCCESS, len=43
2026-05-25 04:05:15,541 [INFO] [MiniMax] 请求状态: 200, attempt=1
2026-05-25 04:05:15,541 [INFO] [MiniMax] 成功, 输出长度: 21
2026-05-25 04:05:15,543 [INFO] [translate_to_chinese] status=SUCCESS, len=21
2026-05-25 04:05:20,388 [INFO] [MiniMax] 请求状态: 200, attempt=1
2026-05-25 04:05:20,388 [INFO] [MiniMax] 成功, 输出长度: 49
2026-05-25 04:05:20,390 [INFO] [translate_to_chinese] status=SUCCESS, len=49
2026-05-25 04:05:23,630 [INFO] [MiniMax] 请求状态: 200, attempt=1
2026-05-25 04:05:23,631 [INFO] [MiniMax] 成功, 输出长度: 20
2026-05-25 04:05:23,633 [INFO] [translate_to_chinese] status=SUCCESS, len=20
2026-05-25 04:05:33,678 [INFO] [MiniMax] 请求状态: 200, attempt=1
2026-05-25 04:05:33,679 [INFO] [MiniMax] 成功, 输出长度: 66
2026-05-25 04:05:33,680 [INFO] [translate_to_chinese] status=SUCCESS, len=66
2026-05-25 04:05:42,062 [INFO] [MiniMax] 请求状态: 200, attempt=1
2026-05-25 04:05:42,062 [INFO] [MiniMax] 成功, 输出长度: 29
2026-05-25 04:05:42,063 [INFO] [translate_to_chinese] status=SUCCESS, len=29
2026-05-25 04:05:48,004 [INFO] [MiniMax] 请求状态: 200, attempt=1
2026-05-25 04:05:48,005 [INFO] [MiniMax] 成功, 输出长度: 24
2026-05-25 04:05:48,006 [INFO] [translate_to_chinese] status=SUCCESS, len=24
2026-05-25 04:05:53,586 [INFO] [MiniMax] 请求状态: 200, attempt=1
2026-05-25 04:05:53,586 [INFO] [MiniMax] 成功, 输出长度: 26
2026-05-25 04:05:53,588 [INFO] [translate_to_chinese] status=SUCCESS, len=26
2026-05-25 04:05:58,549 [INFO] [MiniMax] 请求状态: 200, attempt=1
2026-05-25 04:05:58,549 [INFO] [MiniMax] 成功, 输出长度: 36
2026-05-25 04:05:58,551 [INFO] [translate_to_chinese] status=SUCCESS, len=36
2026-05-25 04:06:03,290 [INFO] [MiniMax] 请求状态: 200, attempt=1
2026-05-25 04:06:03,290 [INFO] [MiniMax] 成功, 输出长度: 19
2026-05-25 04:06:03,292 [INFO] [translate_to_chinese] status=SUCCESS, len=19
2026-05-25 04:06:08,072 [INFO] [MiniMax] 请求状态: 200, attempt=1
2026-05-25 04:06:08,072 [INFO] [MiniMax] 成功, 输出长度: 49
2026-05-25 04:06:08,074 [INFO] [translate_to_chinese] status=SUCCESS, len=49
2026-05-25 04:06:12,987 [INFO] [MiniMax] 请求状态: 200, attempt=1
2026-05-25 04:06:12,987 [INFO] [MiniMax] 成功, 输出长度: 11
2026-05-25 04:06:12,989 [INFO] [translate_to_chinese] status=SUCCESS, len=11
2026-05-25 04:06:19,228 [INFO] [MiniMax] 请求状态: 200, attempt=1
2026-05-25 04:06:19,229 [INFO] [MiniMax] 成功, 输出长度: 33
2026-05-25 04:06:19,231 [INFO] [translate_to_chinese] status=SUCCESS, len=33
2026-05-25 04:06:21,534 [INFO] [MiniMax] 请求状态: 200, attempt=1
2026-05-25 04:06:21,534 [INFO] [MiniMax] 成功, 输出长度: 10
2026-05-25 04:06:21,536 [INFO] [translate_to_chinese] status=SUCCESS, len=10
2026-05-25 04:06:28,553 [INFO] [MiniMax] 请求状态: 200, attempt=1
2026-05-25 04:06:28,553 [INFO] [MiniMax] 成功, 输出长度: 24
2026-05-25 04:06:28,555 [INFO] [translate_to_chinese] status=SUCCESS, len=24
2026-05-25 04:06:33,262 [INFO] [MiniMax] 请求状态: 200, attempt=1
2026-05-25 04:06:33,262 [INFO] [MiniMax] 成功, 输出长度: 21
2026-05-25 04:06:33,265 [INFO] [translate_to_chinese] status=SUCCESS, len=21
2026-05-25 04:06:37,421 [INFO] [MiniMax] 请求状态: 200, attempt=1
2026-05-25 04:06:37,422 [INFO] [MiniMax] 成功, 输出长度: 37
2026-05-25 04:06:37,424 [INFO] [translate_to_chinese] status=SUCCESS, len=37
2026-05-25 04:06:44,323 [INFO] [MiniMax] 请求状态: 200, attempt=1
2026-05-25 04:06:44,323 [INFO] [MiniMax] 成功, 输出长度: 21
2026-05-25 04:06:44,325 [INFO] [translate_to_chinese] status=SUCCESS, len=21
2026-05-25 04:06:50,386 [INFO] [MiniMax] 请求状态: 200, attempt=1
2026-05-25 04:06:50,387 [INFO] [MiniMax] 成功, 输出长度: 33
2026-05-25 04:06:50,389 [INFO] [translate_to_chinese] status=SUCCESS, len=33
2026-05-25 04:06:55,957 [INFO] [MiniMax] 请求状态: 200, attempt=1
2026-05-25 04:06:55,958 [INFO] [MiniMax] 成功, 输出长度: 23
2026-05-25 04:06:55,960 [INFO] [translate_to_chinese] status=SUCCESS, len=23
2026-05-25 04:06:58,862 [INFO] [MiniMax] 请求状态: 200, attempt=1
2026-05-25 04:06:58,862 [INFO] [MiniMax] 成功, 输出长度: 29
2026-05-25 04:06:58,864 [INFO] [translate_to_chinese] status=SUCCESS, len=29
2026-05-25 04:07:10,449 [INFO] [MiniMax] 请求状态: 200, attempt=1
2026-05-25 04:07:10,449 [INFO] [MiniMax] 成功, 输出长度: 38
2026-05-25 04:07:10,451 [INFO] [translate_to_chinese] status=SUCCESS, len=38
2026-05-25 04:07:17,904 [INFO] [MiniMax] 请求状态: 200, attempt=1
2026-05-25 04:07:17,904 [INFO] [MiniMax] 成功, 输出长度: 23
2026-05-25 04:07:17,906 [INFO] [translate_to_chinese] status=SUCCESS, len=23
2026-05-25 04:07:22,879 [INFO] [MiniMax] 请求状态: 200, attempt=1
2026-05-25 04:07:22,880 [INFO] [MiniMax] 成功, 输出长度: 24
2026-05-25 04:07:22,882 [INFO] [translate_to_chinese] status=SUCCESS, len=24
2026-05-25 04:07:27,804 [INFO] [MiniMax] 请求状态: 200, attempt=1
2026-05-25 04:07:27,805 [INFO] [MiniMax] 成功, 输出长度: 25
2026-05-25 04:07:27,807 [INFO] [translate_to_chinese] status=SUCCESS, len=25
2026-05-25 04:07:32,476 [INFO] [MiniMax] 请求状态: 200, attempt=1
2026-05-25 04:07:32,476 [INFO] [MiniMax] 成功, 输出长度: 29
2026-05-25 04:07:32,478 [INFO] [translate_to_chinese] status=SUCCESS, len=29
2026-05-25 04:07:39,105 [INFO] [MiniMax] 请求状态: 200, attempt=1
2026-05-25 04:07:39,106 [INFO] [MiniMax] 成功, 输出长度: 25
2026-05-25 04:07:39,108 [INFO] [translate_to_chinese] status=SUCCESS, len=25
2026-05-25 04:07:48,116 [INFO] [MiniMax] 请求状态: 200, attempt=1
2026-05-25 04:07:48,117 [INFO] [MiniMax] 成功, 输出长度: 29
2026-05-25 04:07:48,119 [INFO] [translate_to_chinese] status=SUCCESS, len=29
2026-05-25 04:07:55,726 [INFO] [MiniMax] 请求状态: 200, attempt=1
2026-05-25 04:07:55,727 [INFO] [MiniMax] 成功, 输出长度: 22
2026-05-25 04:07:55,729 [INFO] [translate_to_chinese] status=SUCCESS, len=22
2026-05-25 04:07:59,166 [INFO] [MiniMax] 请求状态: 200, attempt=1
2026-05-25 04:07:59,166 [INFO] [MiniMax] 成功, 输出长度: 26
2026-05-25 04:07:59,169 [INFO] [translate_to_chinese] status=SUCCESS, len=26
2026-05-25 04:08:10,850 [INFO] [MiniMax] 请求状态: 200, attempt=1
2026-05-25 04:08:10,850 [INFO] [MiniMax] 成功, 输出长度: 47
2026-05-25 04:08:10,852 [INFO] [translate_to_chinese] status=SUCCESS, len=47
2026-05-25 04:08:15,819 [INFO] [MiniMax] 请求状态: 200, attempt=1
2026-05-25 04:08:15,820 [INFO] [MiniMax] 成功, 输出长度: 24
2026-05-25 04:08:15,822 [INFO] [translate_to_chinese] status=SUCCESS, len=24
2026-05-25 04:08:22,520 [INFO] [MiniMax] 请求状态: 200, attempt=1
2026-05-25 04:08:22,521 [INFO] [MiniMax] 成功, 输出长度: 43
2026-05-25 04:08:22,523 [INFO] [translate_to_chinese] status=SUCCESS, len=43
2026-05-25 04:08:27,283 [INFO] [MiniMax] 请求状态: 200, attempt=1
2026-05-25 04:08:27,284 [INFO] [MiniMax] 成功, 输出长度: 24
2026-05-25 04:08:27,286 [INFO] [translate_to_chinese] status=SUCCESS, len=24
2026-05-25 04:08:33,405 [INFO] [MiniMax] 请求状态: 200, attempt=1
2026-05-25 04:08:33,405 [INFO] [MiniMax] 成功, 输出长度: 29
2026-05-25 04:08:33,407 [INFO] [translate_to_chinese] status=SUCCESS, len=29
2026-05-25 04:08:37,467 [INFO] [MiniMax] 请求状态: 200, attempt=1
2026-05-25 04:08:37,467 [INFO] [MiniMax] 成功, 输出长度: 25
2026-05-25 04:08:37,469 [INFO] [translate_to_chinese] status=SUCCESS, len=25
2026-05-25 04:08:45,767 [INFO] [MiniMax] 请求状态: 200, attempt=1
2026-05-25 04:08:45,768 [INFO] [MiniMax] 成功, 输出长度: 32
2026-05-25 04:08:45,770 [INFO] [translate_to_chinese] status=SUCCESS, len=32
2026-05-25 04:08:50,708 [INFO] [MiniMax] 请求状态: 200, attempt=1
2026-05-25 04:08:50,709 [INFO] [MiniMax] 成功, 输出长度: 20
2026-05-25 04:08:50,711 [INFO] [translate_to_chinese] status=SUCCESS, len=20
2026-05-25 04:08:57,009 [INFO] [MiniMax] 请求状态: 200, attempt=1
2026-05-25 04:08:57,009 [INFO] [MiniMax] 成功, 输出长度: 36
2026-05-25 04:08:57,011 [INFO] [translate_to_chinese] status=SUCCESS, len=36
2026-05-25 04:09:00,697 [INFO] [MiniMax] 请求状态: 200, attempt=1
2026-05-25 04:09:00,697 [INFO] [MiniMax] 成功, 输出长度: 23
2026-05-25 04:09:00,699 [INFO] [translate_to_chinese] status=SUCCESS, len=23
2026-05-25 04:09:11,902 [INFO] [MiniMax] 请求状态: 200, attempt=1
2026-05-25 04:09:11,902 [INFO] [MiniMax] 成功, 输出长度: 34
2026-05-25 04:09:11,904 [INFO] [translate_to_chinese] status=SUCCESS, len=34
2026-05-25 04:09:14,155 [INFO] [MiniMax] 请求状态: 200, attempt=1
2026-05-25 04:09:14,155 [INFO] [MiniMax] 成功, 输出长度: 22
2026-05-25 04:09:14,157 [INFO] [translate_to_chinese] status=SUCCESS, len=22
2026-05-25 04:09:18,865 [INFO] [MiniMax] 请求状态: 200, attempt=1
2026-05-25 04:09:18,865 [INFO] [MiniMax] 成功, 输出长度: 32
2026-05-25 04:09:18,867 [INFO] [translate_to_chinese] status=SUCCESS, len=32
2026-05-25 04:09:25,691 [INFO] [MiniMax] 请求状态: 200, attempt=1
2026-05-25 04:09:25,692 [INFO] [MiniMax] 成功, 输出长度: 18
2026-05-25 04:09:25,694 [INFO] [translate_to_chinese] status=SUCCESS, len=18
2026-05-25 04:09:29,697 [INFO] [MiniMax] 请求状态: 200, attempt=1
2026-05-25 04:09:29,698 [INFO] [MiniMax] 成功, 输出长度: 27
2026-05-25 04:09:29,700 [INFO] [translate_to_chinese] status=SUCCESS, len=27
2026-05-25 04:09:33,998 [INFO] [MiniMax] 请求状态: 200, attempt=1
2026-05-25 04:09:33,999 [INFO] [MiniMax] 成功, 输出长度: 37
2026-05-25 04:09:34,001 [INFO] [translate_to_chinese] status=SUCCESS, len=37
2026-05-25 04:09:37,379 [INFO] [MiniMax] 请求状态: 200, attempt=1
2026-05-25 04:09:37,379 [INFO] [MiniMax] 成功, 输出长度: 47
2026-05-25 04:09:37,381 [INFO] [translate_to_chinese] status=SUCCESS, len=47
2026-05-25 04:09:41,269 [INFO] [MiniMax] 请求状态: 200, attempt=1
2026-05-25 04:09:41,269 [INFO] [MiniMax] 成功, 输出长度: 17
2026-05-25 04:09:41,271 [INFO] [translate_to_chinese] status=SUCCESS, len=17
2026-05-25 04:09:46,696 [INFO] [MiniMax] 请求状态: 200, attempt=1
2026-05-25 04:09:46,696 [INFO] [MiniMax] 成功, 输出长度: 34
2026-05-25 04:09:46,698 [INFO] [translate_to_chinese] status=SUCCESS, len=34
2026-05-25 04:09:53,380 [INFO] [MiniMax] 请求状态: 200, attempt=1
2026-05-25 04:09:53,381 [INFO] [MiniMax] 成功, 输出长度: 12
2026-05-25 04:09:53,383 [INFO] [translate_to_chinese] status=SUCCESS, len=12
2026-05-25 04:09:58,883 [INFO] [MiniMax] 请求状态: 200, attempt=1
2026-05-25 04:09:58,883 [INFO] [MiniMax] 成功, 输出长度: 47
2026-05-25 04:09:58,885 [INFO] [translate_to_chinese] status=SUCCESS, len=47
/Users/vincentnie/Library/Python/3.9/lib/python/site-packages/urllib3/__init__.py:35: NotOpenSSLWarning: urllib3 v2 only supports OpenSSL 1.1.1+, currently the 'ssl' module is compiled with 'LibreSSL 2.8.3'. See: https://github.com/urllib3/urllib3/issues/3020
  warnings.warn(
/Users/vincentnie/Library/Python/3.9/lib/python/site-packages/urllib3/connectionpool.py:1097: InsecureRequestWarning: Unverified HTTPS request is being made to host '127.0.0.1'. Adding certificate verification is strongly advised. See: https://urllib3.readthedocs.io/en/latest/advanced-usage.html#tls-warnings
  warnings.warn(
/Users/vincentnie/Library/Python/3.9/lib/python/site-packages/urllib3/connectionpool.py:1097: InsecureRequestWarning: Unverified HTTPS request is being made to host '127.0.0.1'. Adding certificate verification is strongly advised. See: https://urllib3.readthedocs.io/en/latest/advanced-usage.html#tls-warnings
  warnings.warn(
/Users/vincentnie/Library/Python/3.9/lib/python/site-packages/urllib3/connectionpool.py:1097: InsecureRequestWarning: Unverified HTTPS request is being made to host '127.0.0.1'. Adding certificate verification is strongly advised. See: https://urllib3.readthedocs.io/en/latest/advanced-usage.html#tls-warnings
  warnings.warn(
/Users/vincentnie/Library/Python/3.9/lib/python/site-packages/urllib3/connectionpool.py:1097: InsecureRequestWarning: Unverified HTTPS request is being made to host '127.0.0.1'. Adding certificate verification is strongly advised. See: https://urllib3.readthedocs.io/en/latest/advanced-usage.html#tls-warnings
  warnings.warn(
/Users/vincentnie/Library/Python/3.9/lib/python/site-packages/urllib3/connectionpool.py:1097: InsecureRequestWarning: Unverified HTTPS request is being made to host '127.0.0.1'. Adding certificate verification is strongly advised. See: https://urllib3.readthedocs.io/en/latest/advanced-usage.html#tls-warnings
  warnings.warn(
/Users/vincentnie/Library/Python/3.9/lib/python/site-packages/urllib3/connectionpool.py:1097: InsecureRequestWarning: Unverified HTTPS request is being made to host '127.0.0.1'. Adding certificate verification is strongly advised. See: https://urllib3.readthedocs.io/en/latest/advanced-usage.html#tls-warnings
  warnings.warn(
/Users/vincentnie/Library/Python/3.9/lib/python/site-packages/urllib3/connectionpool.py:1097: InsecureRequestWarning: Unverified HTTPS request is being made to host '127.0.0.1'. Adding certificate verification is strongly advised. See: https://urllib3.readthedocs.io/en/latest/advanced-usage.html#tls-warnings
  warnings.warn(
/Users/vincentnie/Library/Python/3.9/lib/python/site-packages/urllib3/connectionpool.py:1097: InsecureRequestWarning: Unverified HTTPS request is being made to host '127.0.0.1'. Adding certificate verification is strongly advised. See: https://urllib3.readthedocs.io/en/latest/advanced-usage.html#tls-warnings
  warnings.warn(
/Users/vincentnie/Library/Python/3.9/lib/python/site-packages/urllib3/connectionpool.py:1097: InsecureRequestWarning: Unverified HTTPS request is being made to host '127.0.0.1'. Adding certificate verification is strongly advised. See: https://urllib3.readthedocs.io/en/latest/advanced-usage.html#tls-warnings
  warnings.warn(
/Users/vincentnie/Library/Python/3.9/lib/python/site-packages/urllib3/connectionpool.py:1097: InsecureRequestWarning: Unverified HTTPS request is being made to host '127.0.0.1'. Adding certificate verification is strongly advised. See: https://urllib3.readthedocs.io/en/latest/advanced-usage.html#tls-warnings
  warnings.warn(
/Users/vincentnie/Library/Python/3.9/lib/python/site-packages/urllib3/connectionpool.py:1097: InsecureRequestWarning: Unverified HTTPS request is being made to host '127.0.0.1'. Adding certificate verification is strongly advised. See: https://urllib3.readthedocs.io/en/latest/advanced-usage.html#tls-warnings
  warnings.warn(
/Users/vincentnie/Library/Python/3.9/lib/python/site-packages/urllib3/__init__.py:35: NotOpenSSLWarning: urllib3 v2 only supports OpenSSL 1.1.1+, currently the 'ssl' module is compiled with 'LibreSSL 2.8.3'. See: https://github.com/urllib3/urllib3/issues/3020
  warnings.warn(
Deprecated Feature: Support for Python version 3.9 has been deprecated. Please update to Python 3.10 or above
WARNING: [youtube] nepKKz-MzFM: Some web client https formats have been skipped as they are missing a url. YouTube is forcing SABR streaming for this client. See  https://github.com/yt-dlp/yt-dlp/issues/12482  for more details
WARNING: [youtube] iKx3gAODybU: Some web client https formats have been skipped as they are missing a url. YouTube is forcing SABR streaming for this client. See  https://github.com/yt-dlp/yt-dlp/issues/12482  for more details
WARNING: [youtube] vif8NQcjVf0: Some web client https formats have been skipped as they are missing a url. YouTube is forcing SABR streaming for this client. See  https://github.com/yt-dlp/yt-dlp/issues/12482  for more details
WARNING: [youtube] H9rF1CSSh-w: Some web client https formats have been skipped as they are missing a url. YouTube is forcing SABR streaming for this client. See  https://github.com/yt-dlp/yt-dlp/issues/12482  for more details
WARNING: [youtube] 1SJiTwbSI58: Some web client https formats have been skipped as they are missing a url. YouTube is forcing SABR streaming for this client. See  https://github.com/yt-dlp/yt-dlp/issues/12482  for more details
Deprecated Feature: Support for Python version 3.9 has been deprecated. Please update to Python 3.10 or above
WARNING: [youtube] pddFfZy4nZU: Some web client https formats have been skipped as they are missing a url. YouTube is forcing SABR streaming for this client. See  https://github.com/yt-dlp/yt-dlp/issues/12482  for more details
WARNING: [youtube] Ie07zcmbnhM: Some web client https formats have been skipped as they are missing a url. YouTube is forcing SABR streaming for this client. See  https://github.com/yt-dlp/yt-dlp/issues/12482  for more details
WARNING: [youtube] FnJaDj5zUhY: Some web client https formats have been skipped as they are missing a url. YouTube is forcing SABR streaming for this client. See  https://github.com/yt-dlp/yt-dlp/issues/12482  for more details
WARNING: [youtube] 9qqLihL4AWk: Some web client https formats have been skipped as they are missing a url. YouTube is forcing SABR streaming for this client. See  https://github.com/yt-dlp/yt-dlp/issues/12482  for more details
WARNING: [youtube] k1z0e7bGzq0: Some web client https formats have been skipped as they are missing a url. YouTube is forcing SABR streaming for this client. See  https://github.com/yt-dlp/yt-dlp/issues/12482  for more details
Deprecated Feature: Support for Python version 3.9 has been deprecated. Please update to Python 3.10 or above
WARNING: [youtube] HGbA6ze0_3M: Some web client https formats have been skipped as they are missing a url. YouTube is forcing SABR streaming for this client. See  https://github.com/yt-dlp/yt-dlp/issues/12482  for more details
WARNING: [youtube] jJRAvZNGUvI: Some web client https formats have been skipped as they are missing a url. YouTube is forcing SABR streaming for this client. See  https://github.com/yt-dlp/yt-dlp/issues/12482  for more details
WARNING: [youtube] EIo3AuyvV84: Some web client https formats have been skipped as they are missing a url. YouTube is forcing SABR streaming for this client. See  https://github.com/yt-dlp/yt-dlp/issues/12482  for more details
WARNING: [youtube] GCpjy3TC8Pg: Some web client https formats have been skipped as they are missing a url. YouTube is forcing SABR streaming for this client. See  https://github.com/yt-dlp/yt-dlp/issues/12482  for more details
WARNING: [youtube] 10MdOvK-aG4: Some web client https formats have been skipped as they are missing a url. YouTube is forcing SABR streaming for this client. See  https://github.com/yt-dlp/yt-dlp/issues/12482  for more details
Deprecated Feature: Support for Python version 3.9 has been deprecated. Please update to Python 3.10 or above
WARNING: [youtube] OtkNABB8Ras: Some web client https formats have been skipped as they are missing a url. YouTube is forcing SABR streaming for this client. See  https://github.com/yt-dlp/yt-dlp/issues/12482  for more details
WARNING: [youtube] O_xd_McRfQw: Some web client https formats have been skipped as they are missing a url. YouTube is forcing SABR streaming for this client. See  https://github.com/yt-dlp/yt-dlp/issues/12482  for more details
WARNING: [youtube] R341JzbpC5k: Some web client https formats have been skipped as they are missing a url. YouTube is forcing SABR streaming for this client. See  https://github.com/yt-dlp/yt-dlp/issues/12482  for more details
WARNING: [youtube] hJazYa3CYZE: Some web client https formats have been skipped as they are missing a url. YouTube is forcing SABR streaming for this client. See  https://github.com/yt-dlp/yt-dlp/issues/12482  for more details
WARNING: [youtube] MUg8U5YxS4k: Some web client https formats have been skipped as they are missing a url. YouTube is forcing SABR streaming for this client. See  https://github.com/yt-dlp/yt-dlp/issues/12482  for more details
Deprecated Feature: Support for Python version 3.9 has been deprecated. Please update to Python 3.10 or above
WARNING: [youtube] vJWM80i38ZM: Some web client https formats have been skipped as they are missing a url. YouTube is forcing SABR streaming for this client. See  https://github.com/yt-dlp/yt-dlp/issues/12482  for more details
WARNING: [youtube] g_nYkJXzvCk: Some web client https formats have been skipped as they are missing a url. YouTube is forcing SABR streaming for this client. See  https://github.com/yt-dlp/yt-dlp/issues/12482  for more details
WARNING: [youtube] ib-XMy-d_2I: Some web client https formats have been skipped as they are missing a url. YouTube is forcing SABR streaming for this client. See  https://github.com/yt-dlp/yt-dlp/issues/12482  for more details
WARNING: [youtube] aKNaXGpJ7WM: Some web client https formats have been skipped as they are missing a url. YouTube is forcing SABR streaming for this client. See  https://github.com/yt-dlp/yt-dlp/issues/12482  for more details
WARNING: [youtube] 7BJAjYjVAVo: Some web client https formats have been skipped as they are missing a url. YouTube is forcing SABR streaming for this client. See  https://github.com/yt-dlp/yt-dlp/issues/12482  for more details
Deprecated Feature: Support for Python version 3.9 has been deprecated. Please update to Python 3.10 or above
WARNING: [youtube] C18aaP4lvUk: Some web client https formats have been skipped as they are missing a url. YouTube is forcing SABR streaming for this client. See  https://github.com/yt-dlp/yt-dlp/issues/12482  for more details
WARNING: [youtube] BR7xdT_Xi5U: Some web client https formats have been skipped as they are missing a url. YouTube is forcing SABR streaming for this client. See  https://github.com/yt-dlp/yt-dlp/issues/12482  for more details
WARNING: [youtube] RvzgUtjCxRw: Some web client https formats have been skipped as they are missing a url. YouTube is forcing SABR streaming for this client. See  https://github.com/yt-dlp/yt-dlp/issues/12482  for more details
WARNING: [youtube] 4Ba-OKPbqJU: Some web client https formats have been skipped as they are missing a url. YouTube is forcing SABR streaming for this client. See  https://github.com/yt-dlp/yt-dlp/issues/12482  for more details
WARNING: [youtube] 5CvlKCBrPHI: Some web client https formats have been skipped as they are missing a url. YouTube is forcing SABR streaming for this client. See  https://github.com/yt-dlp/yt-dlp/issues/12482  for more details
Deprecated Feature: Support for Python version 3.9 has been deprecated. Please update to Python 3.10 or above
WARNING: [youtube] 1m55T8xST9s: Some web client https formats have been skipped as they are missing a url. YouTube is forcing SABR streaming for this client. See  https://github.com/yt-dlp/yt-dlp/issues/12482  for more details
WARNING: [youtube] 1h6e5MFg9I0: Some web client https formats have been skipped as they are missing a url. YouTube is forcing SABR streaming for this client. See  https://github.com/yt-dlp/yt-dlp/issues/12482  for more details
WARNING: [youtube] B_RrXwDupIg: Some web client https formats have been skipped as they are missing a url. YouTube is forcing SABR streaming for this client. See  https://github.com/yt-dlp/yt-dlp/issues/12482  for more details
WARNING: [youtube] u2MFautDjuM: Some web client https formats have been skipped as they are missing a url. YouTube is forcing SABR streaming for this client. See  https://github.com/yt-dlp/yt-dlp/issues/12482  for more details
WARNING: [youtube] KVFrBtkLg4I: Some web client https formats have been skipped as they are missing a url. YouTube is forcing SABR streaming for this client. See  https://github.com/yt-dlp/yt-dlp/issues/12482  for more details
Deprecated Feature: Support for Python version 3.9 has been deprecated. Please update to Python 3.10 or above
WARNING: [youtube] HaaKUFAOi84: Some web client https formats have been skipped as they are missing a url. YouTube is forcing SABR streaming for this client. See  https://github.com/yt-dlp/yt-dlp/issues/12482  for more details
WARNING: [youtube] ECkHTfvf2e8: Some web client https formats have been skipped as they are missing a url. YouTube is forcing SABR streaming for this client. See  https://github.com/yt-dlp/yt-dlp/issues/12482  for more details
WARNING: [youtube] ksfHQLmV-Fg: Some web client https formats have been skipped as they are missing a url. YouTube is forcing SABR streaming for this client. See  https://github.com/yt-dlp/yt-dlp/issues/12482  for more details
WARNING: [youtube] oRsn3pyeXuw: Some web client https formats have been skipped as they are missing a url. YouTube is forcing SABR streaming for this client. See  https://github.com/yt-dlp/yt-dlp/issues/12482  for more details
WARNING: [youtube] rgh0hMYPcd0: Some web client https formats have been skipped as they are missing a url. YouTube is forcing SABR streaming for this client. See  https://github.com/yt-dlp/yt-dlp/issues/12482  for more details
Deprecated Feature: Support for Python version 3.9 has been deprecated. Please update to Python 3.10 or above
WARNING: [youtube] n5-RNSKz0sc: Some web client https formats have been skipped as they are missing a url. YouTube is forcing SABR streaming for this client. See  https://github.com/yt-dlp/yt-dlp/issues/12482  for more details
WARNING: [youtube] kklrodAua_U: Some web client https formats have been skipped as they are missing a url. YouTube is forcing SABR streaming for this client. See  https://github.com/yt-dlp/yt-dlp/issues/12482  for more details
WARNING: [youtube] 0hK__1vkqMg: Some web client https formats have been skipped as they are missing a url. YouTube is forcing SABR streaming for this client. See  https://github.com/yt-dlp/yt-dlp/issues/12482  for more details
WARNING: [youtube] zdAqvqhdVgU: Some web client https formats have been skipped as they are missing a url. YouTube is forcing SABR streaming for this client. See  https://github.com/yt-dlp/yt-dlp/issues/12482  for more details
WARNING: [youtube] Jg2jJH1K0o8: Some web client https formats have been skipped as they are missing a url. YouTube is forcing SABR streaming for this client. See  https://github.com/yt-dlp/yt-dlp/issues/12482  for more details
Deprecated Feature: Support for Python version 3.9 has been deprecated. Please update to Python 3.10 or above
WARNING: [youtube] opB7_JXL0LA: Some web client https formats have been skipped as they are missing a url. YouTube is forcing SABR streaming for this client. See  https://github.com/yt-dlp/yt-dlp/issues/12482  for more details
WARNING: [youtube] zc8Nh4TMB1s: Some web client https formats have been skipped as they are missing a url. YouTube is forcing SABR streaming for this client. See  https://github.com/yt-dlp/yt-dlp/issues/12482  for more details
WARNING: [youtube] V-z0k5xu1hM: Some web client https formats have been skipped as they are missing a url. YouTube is forcing SABR streaming for this client. See  https://github.com/yt-dlp/yt-dlp/issues/12482  for more details
WARNING: [youtube] kwEtOyaFhCA: Some web client https formats have been skipped as they are missing a url. YouTube is forcing SABR streaming for this client. See  https://github.com/yt-dlp/yt-dlp/issues/12482  for more details
WARNING: [youtube] BTJGr78-zyw: Some web client https formats have been skipped as they are missing a url. YouTube is forcing SABR streaming for this client. See  https://github.com/yt-dlp/yt-dlp/issues/12482  for more details
Deprecated Feature: Support for Python version 3.9 has been deprecated. Please update to Python 3.10 or above
WARNING: [youtube] eFeDpUVEy48: Some web client https formats have been skipped as they are missing a url. YouTube is forcing SABR streaming for this client. See  https://github.com/yt-dlp/yt-dlp/issues/12482  for more details
WARNING: [youtube] coX4duwUCpw: Some web client https formats have been skipped as they are missing a url. YouTube is forcing SABR streaming for this client. See  https://github.com/yt-dlp/yt-dlp/issues/12482  for more details
WARNING: [youtube] i9TvUGeTltE: Some web client https formats have been skipped as they are missing a url. YouTube is forcing SABR streaming for this client. See  https://github.com/yt-dlp/yt-dlp/issues/12482  for more details
WARNING: [youtube] 7YrdI7h2XoY: Some web client https formats have been skipped as they are missing a url. YouTube is forcing SABR streaming for this client. See  https://github.com/yt-dlp/yt-dlp/issues/12482  for more details
WARNING: [youtube] c347oYQO57A: Some web client https formats have been skipped as they are missing a url. YouTube is forcing SABR streaming for this client. See  https://github.com/yt-dlp/yt-dlp/issues/12482  for more details
Deprecated Feature: Support for Python version 3.9 has been deprecated. Please update to Python 3.10 or above
WARNING: [youtube] eFeDpUVEy48: Some web client https formats have been skipped as they are missing a url. YouTube is forcing SABR streaming for this client. See  https://github.com/yt-dlp/yt-dlp/issues/12482  for more details
WARNING: [youtube] coX4duwUCpw: Some web client https formats have been skipped as they are missing a url. YouTube is forcing SABR streaming for this client. See  https://github.com/yt-dlp/yt-dlp/issues/12482  for more details
WARNING: [youtube] i9TvUGeTltE: Some web client https formats have been skipped as they are missing a url. YouTube is forcing SABR streaming for this client. See  https://github.com/yt-dlp/yt-dlp/issues/12482  for more details
WARNING: [youtube] 7YrdI7h2XoY: Some web client https formats have been skipped as they are missing a url. YouTube is forcing SABR streaming for this client. See  https://github.com/yt-dlp/yt-dlp/issues/12482  for more details
WARNING: [youtube] c347oYQO57A: Some web client https formats have been skipped as they are missing a url. YouTube is forcing SABR streaming for this client. See  https://github.com/yt-dlp/yt-dlp/issues/12482  for more details
2026-05-25 04:14:06,788 [INFO] [MiniMax] 请求状态: 200, attempt=1
2026-05-25 04:14:06,788 [INFO] [MiniMax] 成功, 输出长度: 30
2026-05-25 04:14:06,790 [INFO] [translate_to_chinese] status=SUCCESS, len=30
2026-05-25 04:14:59,018 [INFO] [MiniMax] 请求状态: 200, attempt=1
2026-05-25 04:14:59,018 [INFO] [MiniMax] 成功, 输出长度: 4416
2026-05-25 04:14:59,020 [INFO] [generate_youtube_summary] status=SUCCESS, len=4416
2026-05-25 04:15:02,029 [INFO] [MiniMax] 请求状态: 200, attempt=1
2026-05-25 04:15:02,029 [INFO] [MiniMax] 成功, 输出长度: 28
2026-05-25 04:15:02,031 [INFO] [translate_to_chinese] status=SUCCESS, len=28
2026-05-25 04:15:54,485 [INFO] [MiniMax] 请求状态: 200, attempt=1
2026-05-25 04:15:54,486 [INFO] [MiniMax] 成功, 输出长度: 5168
2026-05-25 04:15:54,488 [INFO] [generate_youtube_summary] status=SUCCESS, len=5168
2026-05-25 04:15:58,483 [INFO] [MiniMax] 请求状态: 200, attempt=1
2026-05-25 04:15:58,483 [INFO] [MiniMax] 成功, 输出长度: 10
2026-05-25 04:15:58,485 [INFO] [translate_to_chinese] status=SUCCESS, len=10
2026-05-25 04:16:26,467 [INFO] [MiniMax] 请求状态: 200, attempt=1
2026-05-25 04:16:26,468 [INFO] [MiniMax] 成功, 输出长度: 2426
2026-05-25 04:16:26,470 [INFO] [generate_youtube_summary] status=SUCCESS, len=2426
2026-05-25 04:16:30,506 [INFO] [MiniMax] 请求状态: 200, attempt=1
2026-05-25 04:16:30,507 [INFO] [MiniMax] 成功, 输出长度: 28
2026-05-25 04:16:30,509 [INFO] [translate_to_chinese] status=SUCCESS, len=28
2026-05-25 04:17:26,852 [INFO] [MiniMax] 请求状态: 200, attempt=1
2026-05-25 04:17:26,853 [INFO] [MiniMax] 成功, 输出长度: 2865
2026-05-25 04:17:26,855 [INFO] [generate_youtube_summary] status=SUCCESS, len=2865
2026-05-25 04:17:35,587 [INFO] [MiniMax] 请求状态: 200, attempt=1
2026-05-25 04:17:35,588 [INFO] [MiniMax] 成功, 输出长度: 26
2026-05-25 04:17:35,590 [INFO] [translate_to_chinese] status=SUCCESS, len=26
2026-05-25 04:18:35,717 [ERROR] [MiniMax] 请求异常: HTTPSConnectionPool(host='api.minimax.chat', port=443): Read timed out. (read timeout=60), attempt=1/3
2026-05-25 04:19:11,536 [INFO] [MiniMax] 请求状态: 200, attempt=2
2026-05-25 04:19:11,536 [INFO] [MiniMax] 成功, 输出长度: 2606
2026-05-25 04:19:11,538 [INFO] [generate_youtube_summary] status=SUCCESS, len=2606
2026-05-25 04:19:20,453 [INFO] [MiniMax] 请求状态: 200, attempt=1
2026-05-25 04:19:20,453 [INFO] [MiniMax] 成功, 输出长度: 32
2026-05-25 04:19:20,456 [INFO] [translate_to_chinese] status=SUCCESS, len=32
2026-05-25 04:19:47,888 [INFO] [MiniMax] 请求状态: 200, attempt=1
2026-05-25 04:19:47,889 [INFO] [MiniMax] 成功, 输出长度: 2363
2026-05-25 04:19:47,891 [INFO] [generate_youtube_summary] status=SUCCESS, len=2363
2026-05-25 04:19:51,880 [INFO] [MiniMax] 请求状态: 200, attempt=1
2026-05-25 04:19:51,881 [INFO] [MiniMax] 成功, 输出长度: 21
2026-05-25 04:19:51,883 [INFO] [translate_to_chinese] status=SUCCESS, len=21
2026-05-25 04:20:25,691 [INFO] [MiniMax] 请求状态: 200, attempt=1
2026-05-25 04:20:25,691 [INFO] [MiniMax] 成功, 输出长度: 2791
2026-05-25 04:20:25,693 [INFO] [generate_youtube_summary] status=SUCCESS, len=2791
2026-05-25 04:20:29,355 [INFO] [MiniMax] 请求状态: 200, attempt=1
2026-05-25 04:20:29,355 [INFO] [MiniMax] 成功, 输出长度: 15
2026-05-25 04:20:29,357 [INFO] [translate_to_chinese] status=SUCCESS, len=15
2026-05-25 04:20:55,470 [INFO] [MiniMax] 请求状态: 200, attempt=1
2026-05-25 04:20:55,471 [INFO] [MiniMax] 成功, 输出长度: 2362
2026-05-25 04:20:55,473 [INFO] [generate_youtube_summary] status=SUCCESS, len=2362
2026-05-25 04:21:10,120 [INFO] [MiniMax] 请求状态: 200, attempt=1
2026-05-25 04:21:10,121 [INFO] [MiniMax] 成功, 输出长度: 39
2026-05-25 04:21:10,123 [INFO] [translate_to_chinese] status=SUCCESS, len=39
2026-05-25 04:21:50,342 [INFO] [MiniMax] 请求状态: 200, attempt=1
2026-05-25 04:21:50,342 [INFO] [MiniMax] 成功, 输出长度: 2271
2026-05-25 04:21:50,345 [INFO] [generate_youtube_summary] status=SUCCESS, len=2271
2026-05-25 04:21:53,011 [INFO] [MiniMax] 请求状态: 200, attempt=1
2026-05-25 04:21:53,012 [INFO] [MiniMax] 成功, 输出长度: 27
2026-05-25 04:21:53,014 [INFO] [translate_to_chinese] status=SUCCESS, len=27
2026-05-25 04:22:34,698 [INFO] [MiniMax] 请求状态: 200, attempt=1
2026-05-25 04:22:34,699 [INFO] [MiniMax] 成功, 输出长度: 3563
2026-05-25 04:22:34,700 [INFO] [generate_youtube_summary] status=SUCCESS, len=3563
2026-05-25 04:22:39,817 [INFO] [MiniMax] 请求状态: 200, attempt=1
2026-05-25 04:22:39,818 [INFO] [MiniMax] 成功, 输出长度: 25
2026-05-25 04:22:39,820 [INFO] [translate_to_chinese] status=SUCCESS, len=25
2026-05-25 04:23:15,200 [INFO] [MiniMax] 请求状态: 200, attempt=1
2026-05-25 04:23:15,200 [INFO] [MiniMax] 成功, 输出长度: 3008
2026-05-25 04:23:15,202 [INFO] [generate_youtube_summary] status=SUCCESS, len=3008
2026-05-25 04:23:21,731 [INFO] [MiniMax] 请求状态: 200, attempt=1
2026-05-25 04:23:21,731 [INFO] [MiniMax] 成功, 输出长度: 19
2026-05-25 04:23:21,733 [INFO] [translate_to_chinese] status=SUCCESS, len=19
2026-05-25 04:23:55,910 [INFO] [MiniMax] 请求状态: 200, attempt=1
2026-05-25 04:23:55,911 [INFO] [MiniMax] 成功, 输出长度: 1767
2026-05-25 04:23:55,912 [INFO] [generate_youtube_summary] status=SUCCESS, len=1767
2026-05-25 04:24:01,208 [INFO] [MiniMax] 请求状态: 200, attempt=1
2026-05-25 04:24:01,208 [INFO] [MiniMax] 成功, 输出长度: 25
2026-05-25 04:24:01,211 [INFO] [translate_to_chinese] status=SUCCESS, len=25
2026-05-25 04:24:23,249 [INFO] [MiniMax] 请求状态: 200, attempt=1
2026-05-25 04:24:23,249 [INFO] [MiniMax] 成功, 输出长度: 1861
2026-05-25 04:24:23,252 [INFO] [generate_youtube_summary] status=SUCCESS, len=1861
2026-05-25 04:24:27,443 [INFO] [MiniMax] 请求状态: 200, attempt=1
2026-05-25 04:24:27,443 [INFO] [MiniMax] 成功, 输出长度: 26
2026-05-25 04:24:27,445 [INFO] [translate_to_chinese] status=SUCCESS, len=26
2026-05-25 04:25:06,751 [INFO] [MiniMax] 请求状态: 200, attempt=1
2026-05-25 04:25:06,752 [INFO] [MiniMax] 成功, 输出长度: 2999
2026-05-25 04:25:06,754 [INFO] [generate_youtube_summary] status=SUCCESS, len=2999
2026-05-25 04:25:09,290 [INFO] [MiniMax] 请求状态: 200, attempt=1
2026-05-25 04:25:09,291 [INFO] [MiniMax] 成功, 输出长度: 14
2026-05-25 04:25:09,293 [INFO] [translate_to_chinese] status=SUCCESS, len=14
2026-05-25 04:25:27,958 [INFO] [MiniMax] 请求状态: 200, attempt=1
2026-05-25 04:25:27,958 [INFO] [MiniMax] 成功, 输出长度: 1523
2026-05-25 04:25:27,960 [INFO] [generate_youtube_summary] status=SUCCESS, len=1523
2026-05-25 04:25:36,558 [INFO] [MiniMax] 请求状态: 200, attempt=1
2026-05-25 04:25:36,559 [INFO] [MiniMax] 成功, 输出长度: 65
2026-05-25 04:25:36,560 [INFO] [translate_to_chinese] status=SUCCESS, len=65
2026-05-25 04:26:09,636 [INFO] [MiniMax] 请求状态: 200, attempt=1
2026-05-25 04:26:09,636 [INFO] [MiniMax] 成功, 输出长度: 2735
2026-05-25 04:26:09,638 [INFO] [generate_youtube_summary] status=SUCCESS, len=2735
2026-05-25 04:26:19,813 [INFO] [MiniMax] 请求状态: 200, attempt=1
2026-05-25 04:26:19,814 [INFO] [MiniMax] 成功, 输出长度: 28
2026-05-25 04:26:19,816 [INFO] [translate_to_chinese] status=SUCCESS, len=28
2026-05-25 04:26:40,264 [INFO] [MiniMax] 请求状态: 200, attempt=1
2026-05-25 04:26:40,264 [INFO] [MiniMax] 成功, 输出长度: 1956
2026-05-25 04:26:40,266 [INFO] [generate_youtube_summary] status=SUCCESS, len=1956
2026-05-25 04:26:45,105 [INFO] [MiniMax] 请求状态: 200, attempt=1
2026-05-25 04:26:45,105 [INFO] [MiniMax] 成功, 输出长度: 30
2026-05-25 04:26:45,108 [INFO] [translate_to_chinese] status=SUCCESS, len=30
2026-05-25 04:27:07,491 [INFO] [MiniMax] 请求状态: 200, attempt=1
2026-05-25 04:27:07,491 [INFO] [MiniMax] 成功, 输出长度: 1893
2026-05-25 04:27:07,494 [INFO] [generate_youtube_summary] status=SUCCESS, len=1893
2026-05-25 04:27:13,457 [INFO] [MiniMax] 请求状态: 200, attempt=1
2026-05-25 04:27:13,458 [INFO] [MiniMax] 成功, 输出长度: 26
2026-05-25 04:27:13,460 [INFO] [translate_to_chinese] status=SUCCESS, len=26
2026-05-25 04:27:41,870 [INFO] [MiniMax] 请求状态: 200, attempt=1
2026-05-25 04:27:41,871 [INFO] [MiniMax] 成功, 输出长度: 2782
2026-05-25 04:27:41,873 [INFO] [generate_youtube_summary] status=SUCCESS, len=2782
